,state,district,category,type,date,crimes
0,Johor,Batu Pahat,assault,causing_injury,2016,39
1,Johor,Batu Pahat,assault,causing_injury,2017,41
2,Johor,Batu Pahat,assault,causing_injury,2018,28
3,Johor,Batu Pahat,assault,causing_injury,2019,41
4,Johor,Batu Pahat,assault,causing_injury,2020,43
5,Johor,Batu Pahat,assault,causing_injury,2021,22
6,Johor,Batu Pahat,assault,causing_injury,2022,19
7,Johor,Batu Pahat,assault,causing_injury,2023,22
8,Johor,Batu Pahat,assault,murder,2016,6
9,Johor,Batu Pahat,assault,murder,2017,0
10,Johor,Batu Pahat,assault,murder,2018,3
11,Johor,Batu Pahat,assault,murder,2019,3
12,Johor,Batu Pahat,assault,murder,2020,3
13,Johor,Batu Pahat,assault,murder,2021,0
14,Johor,Batu Pahat,assault,murder,2022,3
15,Johor,Batu Pahat,assault,murder,2023,4
16,Johor,Batu Pahat,assault,rape,2016,29
17,Johor,Batu Pahat,assault,rape,2017,23
18,Johor,Batu Pahat,assault,rape,2018,13
19,Johor,Batu Pahat,assault,rape,2019,29
20,Johor,Batu Pahat,assault,rape,2020,16
21,Johor,Batu Pahat,assault,rape,2021,18
22,Johor,Batu Pahat,assault,rape,2022,13
23,Johor,Batu Pahat,assault,rape,2023,19
24,Johor,Batu Pahat,assault,robbery_gang_armed,2016,1
25,Johor,Batu Pahat,assault,robbery_gang_armed,2017,0
26,Johor,Batu Pahat,assault,robbery_gang_armed,2018,0
27,Johor,Batu Pahat,assault,robbery_gang_armed,2019,0
28,Johor,Batu Pahat,assault,robbery_gang_armed,2020,0
29,Johor,Batu Pahat,assault,robbery_gang_armed,2021,0
30,Johor,Batu Pahat,assault,robbery_gang_armed,2022,0
31,Johor,Batu Pahat,assault,robbery_gang_armed,2023,0
32,Johor,Batu Pahat,assault,robbery_gang_unarmed,2016,56
33,Johor,Batu Pahat,assault,robbery_gang_unarmed,2017,47
34,Johor,Batu Pahat,assault,robbery_gang_unarmed,2018,33
35,Johor,Batu Pahat,assault,robbery_gang_unarmed,2019,37
36,Johor,Batu Pahat,assault,robbery_gang_unarmed,2020,32
37,Johor,Batu Pahat,assault,robbery_gang_unarmed,2021,9
38,Johor,Batu Pahat,assault,robbery_gang_unarmed,2022,5
39,Johor,Batu Pahat,assault,robbery_gang_unarmed,2023,16
40,Johor,Batu Pahat,assault,robbery_solo_armed,2016,1
41,Johor,Batu Pahat,assault,robbery_solo_armed,2017,0
42,Johor,Batu Pahat,assault,robbery_solo_armed,2018,0
43,Johor,Batu Pahat,assault,robbery_solo_armed,2019,0
44,Johor,Batu Pahat,assault,robbery_solo_armed,2020,0
45,Johor,Batu Pahat,assault,robbery_solo_armed,2021,0
46,Johor,Batu Pahat,assault,robbery_solo_armed,2022,0
47,Johor,Batu Pahat,assault,robbery_solo_armed,2023,0
48,Johor,Batu Pahat,assault,robbery_solo_unarmed,2016,28
49,Johor,Batu Pahat,assault,robbery_solo_unarmed,2017,12
50,Johor,Batu Pahat,assault,robbery_solo_unarmed,2018,27
51,Johor,Batu Pahat,assault,robbery_solo_unarmed,2019,29
52,Johor,Batu Pahat,assault,robbery_solo_unarmed,2020,33
53,Johor,Batu Pahat,assault,robbery_solo_unarmed,2021,11
54,Johor,Batu Pahat,assault,robbery_solo_unarmed,2022,12
55,Johor,Batu Pahat,assault,robbery_solo_unarmed,2023,27
56,Johor,Batu Pahat,property,break_in,2016,115
57,Johor,Batu Pahat,property,break_in,2017,90
58,Johor,Batu Pahat,property,break_in,2018,158
59,Johor,Batu Pahat,property,break_in,2019,157
60,Johor,Batu Pahat,property,break_in,2020,122
61,Johor,Batu Pahat,property,break_in,2021,55
62,Johor,Batu Pahat,property,break_in,2022,80
63,Johor,Batu Pahat,property,break_in,2023,87
64,Johor,Batu Pahat,property,theft_other,2016,192
65,Johor,Batu Pahat,property,theft_other,2017,119
66,Johor,Batu Pahat,property,theft_other,2018,140
67,Johor,Batu Pahat,property,theft_other,2019,127
68,Johor,Batu Pahat,property,theft_other,2020,122
69,Johor,Batu Pahat,property,theft_other,2021,72
70,Johor,Batu Pahat,property,theft_other,2022,83
71,Johor,Batu Pahat,property,theft_other,2023,109
72,Johor,Batu Pahat,property,theft_vehicle_lorry,2016,16
73,Johor,Batu Pahat,property,theft_vehicle_lorry,2017,10
74,Johor,Batu Pahat,property,theft_vehicle_lorry,2018,15
75,Johor,Batu Pahat,property,theft_vehicle_lorry,2019,4
76,Johor,Batu Pahat,property,theft_vehicle_lorry,2020,12
77,Johor,Batu Pahat,property,theft_vehicle_lorry,2021,2
78,Johor,Batu Pahat,property,theft_vehicle_lorry,2022,7
79,Johor,Batu Pahat,property,theft_vehicle_lorry,2023,8
80,Johor,Batu Pahat,property,theft_vehicle_motorcar,2016,41
81,Johor,Batu Pahat,property,theft_vehicle_motorcar,2017,52
82,Johor,Batu Pahat,property,theft_vehicle_motorcar,2018,46
83,Johor,Batu Pahat,property,theft_vehicle_motorcar,2019,28
84,Johor,Batu Pahat,property,theft_vehicle_motorcar,2020,38
85,Johor,Batu Pahat,property,theft_vehicle_motorcar,2021,12
86,Johor,Batu Pahat,property,theft_vehicle_motorcar,2022,16
87,Johor,Batu Pahat,property,theft_vehicle_motorcar,2023,13
88,Johor,Batu Pahat,property,theft_vehicle_motorcycle,2016,257
89,Johor,Batu Pahat,property,theft_vehicle_motorcycle,2017,287
90,Johor,Batu Pahat,property,theft_vehicle_motorcycle,2018,225
91,Johor,Batu Pahat,property,theft_vehicle_motorcycle,2019,208
92,Johor,Batu Pahat,property,theft_vehicle_motorcycle,2020,121
93,Johor,Batu Pahat,property,theft_vehicle_motorcycle,2021,59
94,Johor,Batu Pahat,property,theft_vehicle_motorcycle,2022,76
95,Johor,Batu Pahat,property,theft_vehicle_motorcycle,2023,68
96,Johor,Iskandar Puteri,assault,causing_injury,2016,0
97,Johor,Iskandar Puteri,assault,causing_injury,2017,54
98,Johor,Iskandar Puteri,assault,causing_injury,2018,61
99,Johor,Iskandar Puteri,assault,causing_injury,2019,46
100,Johor,Iskandar Puteri,assault,causing_injury,2020,23
101,Johor,Iskandar Puteri,assault,causing_injury,2021,20
102,Johor,Iskandar Puteri,assault,causing_injury,2022,30
103,Johor,Iskandar Puteri,assault,causing_injury,2023,45
104,Johor,Iskandar Puteri,assault,murder,2016,0
105,Johor,Iskandar Puteri,assault,murder,2017,4
106,Johor,Iskandar Puteri,assault,murder,2018,4
107,Johor,Iskandar Puteri,assault,murder,2019,4
108,Johor,Iskandar Puteri,assault,murder,2020,3
109,Johor,Iskandar Puteri,assault,murder,2021,2
110,Johor,Iskandar Puteri,assault,murder,2022,3
111,Johor,Iskandar Puteri,assault,murder,2023,0
112,Johor,Iskandar Puteri,assault,rape,2016,0
113,Johor,Iskandar Puteri,assault,rape,2017,9
114,Johor,Iskandar Puteri,assault,rape,2018,13
115,Johor,Iskandar Puteri,assault,rape,2019,16
116,Johor,Iskandar Puteri,assault,rape,2020,9
117,Johor,Iskandar Puteri,assault,rape,2021,4
118,Johor,Iskandar Puteri,assault,rape,2022,9
119,Johor,Iskandar Puteri,assault,rape,2023,7
120,Johor,Iskandar Puteri,assault,robbery_gang_armed,2016,0
121,Johor,Iskandar Puteri,assault,robbery_gang_armed,2017,0
122,Johor,Iskandar Puteri,assault,robbery_gang_armed,2018,0
123,Johor,Iskandar Puteri,assault,robbery_gang_armed,2019,0
124,Johor,Iskandar Puteri,assault,robbery_gang_armed,2020,0
125,Johor,Iskandar Puteri,assault,robbery_gang_armed,2021,1
126,Johor,Iskandar Puteri,assault,robbery_gang_armed,2022,0
127,Johor,Iskandar Puteri,assault,robbery_gang_armed,2023,0
128,Johor,Iskandar Puteri,assault,robbery_gang_unarmed,2016,0
129,Johor,Iskandar Puteri,assault,robbery_gang_unarmed,2017,102
130,Johor,Iskandar Puteri,assault,robbery_gang_unarmed,2018,53
131,Johor,Iskandar Puteri,assault,robbery_gang_unarmed,2019,74
132,Johor,Iskandar Puteri,assault,robbery_gang_unarmed,2020,17
133,Johor,Iskandar Puteri,assault,robbery_gang_unarmed,2021,31
134,Johor,Iskandar Puteri,assault,robbery_gang_unarmed,2022,21
135,Johor,Iskandar Puteri,assault,robbery_gang_unarmed,2023,52
136,Johor,Iskandar Puteri,assault,robbery_solo_armed,2016,0
137,Johor,Iskandar Puteri,assault,robbery_solo_armed,2017,0
138,Johor,Iskandar Puteri,assault,robbery_solo_armed,2018,0
139,Johor,Iskandar Puteri,assault,robbery_solo_armed,2019,0
140,Johor,Iskandar Puteri,assault,robbery_solo_armed,2020,0
141,Johor,Iskandar Puteri,assault,robbery_solo_armed,2021,0
142,Johor,Iskandar Puteri,assault,robbery_solo_armed,2022,0
143,Johor,Iskandar Puteri,assault,robbery_solo_armed,2023,0
144,Johor,Iskandar Puteri,assault,robbery_solo_unarmed,2016,0
145,Johor,Iskandar Puteri,assault,robbery_solo_unarmed,2017,26
146,Johor,Iskandar Puteri,assault,robbery_solo_unarmed,2018,18
147,Johor,Iskandar Puteri,assault,robbery_solo_unarmed,2019,30
148,Johor,Iskandar Puteri,assault,robbery_solo_unarmed,2020,44
149,Johor,Iskandar Puteri,assault,robbery_solo_unarmed,2021,10
150,Johor,Iskandar Puteri,assault,robbery_solo_unarmed,2022,17
151,Johor,Iskandar Puteri,assault,robbery_solo_unarmed,2023,19
152,Johor,Iskandar Puteri,property,break_in,2016,0
153,Johor,Iskandar Puteri,property,break_in,2017,92
154,Johor,Iskandar Puteri,property,break_in,2018,47
155,Johor,Iskandar Puteri,property,break_in,2019,76
156,Johor,Iskandar Puteri,property,break_in,2020,77
157,Johor,Iskandar Puteri,property,break_in,2021,68
158,Johor,Iskandar Puteri,property,break_in,2022,77
159,Johor,Iskandar Puteri,property,break_in,2023,103
160,Johor,Iskandar Puteri,property,theft_other,2016,0
161,Johor,Iskandar Puteri,property,theft_other,2017,151
162,Johor,Iskandar Puteri,property,theft_other,2018,176
163,Johor,Iskandar Puteri,property,theft_other,2019,228
164,Johor,Iskandar Puteri,property,theft_other,2020,156
165,Johor,Iskandar Puteri,property,theft_other,2021,114
166,Johor,Iskandar Puteri,property,theft_other,2022,125
167,Johor,Iskandar Puteri,property,theft_other,2023,205
168,Johor,Iskandar Puteri,property,theft_vehicle_lorry,2016,0
169,Johor,Iskandar Puteri,property,theft_vehicle_lorry,2017,17
170,Johor,Iskandar Puteri,property,theft_vehicle_lorry,2018,20
171,Johor,Iskandar Puteri,property,theft_vehicle_lorry,2019,36
172,Johor,Iskandar Puteri,property,theft_vehicle_lorry,2020,11
173,Johor,Iskandar Puteri,property,theft_vehicle_lorry,2021,6
174,Johor,Iskandar Puteri,property,theft_vehicle_lorry,2022,5
175,Johor,Iskandar Puteri,property,theft_vehicle_lorry,2023,7
176,Johor,Iskandar Puteri,property,theft_vehicle_motorcar,2016,0
177,Johor,Iskandar Puteri,property,theft_vehicle_motorcar,2017,130
178,Johor,Iskandar Puteri,property,theft_vehicle_motorcar,2018,138
179,Johor,Iskandar Puteri,property,theft_vehicle_motorcar,2019,131
180,Johor,Iskandar Puteri,property,theft_vehicle_motorcar,2020,122
181,Johor,Iskandar Puteri,property,theft_vehicle_motorcar,2021,56
182,Johor,Iskandar Puteri,property,theft_vehicle_motorcar,2022,54
183,Johor,Iskandar Puteri,property,theft_vehicle_motorcar,2023,44
184,Johor,Iskandar Puteri,property,theft_vehicle_motorcycle,2016,0
185,Johor,Iskandar Puteri,property,theft_vehicle_motorcycle,2017,337
186,Johor,Iskandar Puteri,property,theft_vehicle_motorcycle,2018,403
187,Johor,Iskandar Puteri,property,theft_vehicle_motorcycle,2019,313
188,Johor,Iskandar Puteri,property,theft_vehicle_motorcycle,2020,172
189,Johor,Iskandar Puteri,property,theft_vehicle_motorcycle,2021,88
190,Johor,Iskandar Puteri,property,theft_vehicle_motorcycle,2022,95
191,Johor,Iskandar Puteri,property,theft_vehicle_motorcycle,2023,89
192,Johor,Johor Bahru Selatan,assault,causing_injury,2016,200
193,Johor,Johor Bahru Selatan,assault,causing_injury,2017,170
194,Johor,Johor Bahru Selatan,assault,causing_injury,2018,115
195,Johor,Johor Bahru Selatan,assault,causing_injury,2019,126
196,Johor,Johor Bahru Selatan,assault,causing_injury,2020,67
197,Johor,Johor Bahru Selatan,assault,causing_injury,2021,62
198,Johor,Johor Bahru Selatan,assault,causing_injury,2022,45
199,Johor,Johor Bahru Selatan,assault,causing_injury,2023,46
200,Johor,Johor Bahru Selatan,assault,murder,2016,15
201,Johor,Johor Bahru Selatan,assault,murder,2017,23
202,Johor,Johor Bahru Selatan,assault,murder,2018,9
203,Johor,Johor Bahru Selatan,assault,murder,2019,10
204,Johor,Johor Bahru Selatan,assault,murder,2020,4
205,Johor,Johor Bahru Selatan,assault,murder,2021,5
206,Johor,Johor Bahru Selatan,assault,murder,2022,7
207,Johor,Johor Bahru Selatan,assault,murder,2023,8
208,Johor,Johor Bahru Selatan,assault,rape,2016,42
209,Johor,Johor Bahru Selatan,assault,rape,2017,28
210,Johor,Johor Bahru Selatan,assault,rape,2018,24
211,Johor,Johor Bahru Selatan,assault,rape,2019,27
212,Johor,Johor Bahru Selatan,assault,rape,2020,17
213,Johor,Johor Bahru Selatan,assault,rape,2021,17
214,Johor,Johor Bahru Selatan,assault,rape,2022,26
215,Johor,Johor Bahru Selatan,assault,rape,2023,20
216,Johor,Johor Bahru Selatan,assault,robbery_gang_armed,2016,5
217,Johor,Johor Bahru Selatan,assault,robbery_gang_armed,2017,0
218,Johor,Johor Bahru Selatan,assault,robbery_gang_armed,2018,1
219,Johor,Johor Bahru Selatan,assault,robbery_gang_armed,2019,0
220,Johor,Johor Bahru Selatan,assault,robbery_gang_armed,2020,0
221,Johor,Johor Bahru Selatan,assault,robbery_gang_armed,2021,0
222,Johor,Johor Bahru Selatan,assault,robbery_gang_armed,2022,0
223,Johor,Johor Bahru Selatan,assault,robbery_gang_armed,2023,0
224,Johor,Johor Bahru Selatan,assault,robbery_gang_unarmed,2016,506
225,Johor,Johor Bahru Selatan,assault,robbery_gang_unarmed,2017,528
226,Johor,Johor Bahru Selatan,assault,robbery_gang_unarmed,2018,217
227,Johor,Johor Bahru Selatan,assault,robbery_gang_unarmed,2019,192
228,Johor,Johor Bahru Selatan,assault,robbery_gang_unarmed,2020,44
229,Johor,Johor Bahru Selatan,assault,robbery_gang_unarmed,2021,39
230,Johor,Johor Bahru Selatan,assault,robbery_gang_unarmed,2022,68
231,Johor,Johor Bahru Selatan,assault,robbery_gang_unarmed,2023,90
232,Johor,Johor Bahru Selatan,assault,robbery_solo_armed,2016,2
233,Johor,Johor Bahru Selatan,assault,robbery_solo_armed,2017,0
234,Johor,Johor Bahru Selatan,assault,robbery_solo_armed,2018,0
235,Johor,Johor Bahru Selatan,assault,robbery_solo_armed,2019,1
236,Johor,Johor Bahru Selatan,assault,robbery_solo_armed,2020,0
237,Johor,Johor Bahru Selatan,assault,robbery_solo_armed,2021,0
238,Johor,Johor Bahru Selatan,assault,robbery_solo_armed,2022,0
239,Johor,Johor Bahru Selatan,assault,robbery_solo_armed,2023,0
240,Johor,Johor Bahru Selatan,assault,robbery_solo_unarmed,2016,207
241,Johor,Johor Bahru Selatan,assault,robbery_solo_unarmed,2017,207
242,Johor,Johor Bahru Selatan,assault,robbery_solo_unarmed,2018,108
243,Johor,Johor Bahru Selatan,assault,robbery_solo_unarmed,2019,73
244,Johor,Johor Bahru Selatan,assault,robbery_solo_unarmed,2020,94
245,Johor,Johor Bahru Selatan,assault,robbery_solo_unarmed,2021,27
246,Johor,Johor Bahru Selatan,assault,robbery_solo_unarmed,2022,67
247,Johor,Johor Bahru Selatan,assault,robbery_solo_unarmed,2023,88
248,Johor,Johor Bahru Selatan,property,break_in,2016,432
249,Johor,Johor Bahru Selatan,property,break_in,2017,263
250,Johor,Johor Bahru Selatan,property,break_in,2018,220
251,Johor,Johor Bahru Selatan,property,break_in,2019,283
252,Johor,Johor Bahru Selatan,property,break_in,2020,287
253,Johor,Johor Bahru Selatan,property,break_in,2021,191
254,Johor,Johor Bahru Selatan,property,break_in,2022,154
255,Johor,Johor Bahru Selatan,property,break_in,2023,173
256,Johor,Johor Bahru Selatan,property,theft_other,2016,658
257,Johor,Johor Bahru Selatan,property,theft_other,2017,658
258,Johor,Johor Bahru Selatan,property,theft_other,2018,539
259,Johor,Johor Bahru Selatan,property,theft_other,2019,430
260,Johor,Johor Bahru Selatan,property,theft_other,2020,315
261,Johor,Johor Bahru Selatan,property,theft_other,2021,142
262,Johor,Johor Bahru Selatan,property,theft_other,2022,253
263,Johor,Johor Bahru Selatan,property,theft_other,2023,259
264,Johor,Johor Bahru Selatan,property,theft_vehicle_lorry,2016,87
265,Johor,Johor Bahru Selatan,property,theft_vehicle_lorry,2017,65
266,Johor,Johor Bahru Selatan,property,theft_vehicle_lorry,2018,55
267,Johor,Johor Bahru Selatan,property,theft_vehicle_lorry,2019,37
268,Johor,Johor Bahru Selatan,property,theft_vehicle_lorry,2020,16
269,Johor,Johor Bahru Selatan,property,theft_vehicle_lorry,2021,10
270,Johor,Johor Bahru Selatan,property,theft_vehicle_lorry,2022,5
271,Johor,Johor Bahru Selatan,property,theft_vehicle_lorry,2023,7
272,Johor,Johor Bahru Selatan,property,theft_vehicle_motorcar,2016,514
273,Johor,Johor Bahru Selatan,property,theft_vehicle_motorcar,2017,344
274,Johor,Johor Bahru Selatan,property,theft_vehicle_motorcar,2018,317
275,Johor,Johor Bahru Selatan,property,theft_vehicle_motorcar,2019,283
276,Johor,Johor Bahru Selatan,property,theft_vehicle_motorcar,2020,205
277,Johor,Johor Bahru Selatan,property,theft_vehicle_motorcar,2021,89
278,Johor,Johor Bahru Selatan,property,theft_vehicle_motorcar,2022,93
279,Johor,Johor Bahru Selatan,property,theft_vehicle_motorcar,2023,110
280,Johor,Johor Bahru Selatan,property,theft_vehicle_motorcycle,2016,1111
281,Johor,Johor Bahru Selatan,property,theft_vehicle_motorcycle,2017,945
282,Johor,Johor Bahru Selatan,property,theft_vehicle_motorcycle,2018,911
283,Johor,Johor Bahru Selatan,property,theft_vehicle_motorcycle,2019,733
284,Johor,Johor Bahru Selatan,property,theft_vehicle_motorcycle,2020,442
285,Johor,Johor Bahru Selatan,property,theft_vehicle_motorcycle,2021,177
286,Johor,Johor Bahru Selatan,property,theft_vehicle_motorcycle,2022,228
287,Johor,Johor Bahru Selatan,property,theft_vehicle_motorcycle,2023,304
288,Johor,Johor Bahru Utara,assault,causing_injury,2016,129
289,Johor,Johor Bahru Utara,assault,causing_injury,2017,96
290,Johor,Johor Bahru Utara,assault,causing_injury,2018,102
291,Johor,Johor Bahru Utara,assault,causing_injury,2019,140
292,Johor,Johor Bahru Utara,assault,causing_injury,2020,83
293,Johor,Johor Bahru Utara,assault,causing_injury,2021,57
294,Johor,Johor Bahru Utara,assault,causing_injury,2022,53
295,Johor,Johor Bahru Utara,assault,causing_injury,2023,60
296,Johor,Johor Bahru Utara,assault,murder,2016,7
297,Johor,Johor Bahru Utara,assault,murder,2017,8
298,Johor,Johor Bahru Utara,assault,murder,2018,5
299,Johor,Johor Bahru Utara,assault,murder,2019,1
300,Johor,Johor Bahru Utara,assault,murder,2020,3
301,Johor,Johor Bahru Utara,assault,murder,2021,0
302,Johor,Johor Bahru Utara,assault,murder,2022,4
303,Johor,Johor Bahru Utara,assault,murder,2023,4
304,Johor,Johor Bahru Utara,assault,rape,2016,23
305,Johor,Johor Bahru Utara,assault,rape,2017,16
306,Johor,Johor Bahru Utara,assault,rape,2018,19
307,Johor,Johor Bahru Utara,assault,rape,2019,23
308,Johor,Johor Bahru Utara,assault,rape,2020,17
309,Johor,Johor Bahru Utara,assault,rape,2021,19
310,Johor,Johor Bahru Utara,assault,rape,2022,10
311,Johor,Johor Bahru Utara,assault,rape,2023,24
312,Johor,Johor Bahru Utara,assault,robbery_gang_armed,2016,0
313,Johor,Johor Bahru Utara,assault,robbery_gang_armed,2017,1
314,Johor,Johor Bahru Utara,assault,robbery_gang_armed,2018,1
315,Johor,Johor Bahru Utara,assault,robbery_gang_armed,2019,0
316,Johor,Johor Bahru Utara,assault,robbery_gang_armed,2020,0
317,Johor,Johor Bahru Utara,assault,robbery_gang_armed,2021,0
318,Johor,Johor Bahru Utara,assault,robbery_gang_armed,2022,0
319,Johor,Johor Bahru Utara,assault,robbery_gang_armed,2023,0
320,Johor,Johor Bahru Utara,assault,robbery_gang_unarmed,2016,283
321,Johor,Johor Bahru Utara,assault,robbery_gang_unarmed,2017,202
322,Johor,Johor Bahru Utara,assault,robbery_gang_unarmed,2018,148
323,Johor,Johor Bahru Utara,assault,robbery_gang_unarmed,2019,173
324,Johor,Johor Bahru Utara,assault,robbery_gang_unarmed,2020,45
325,Johor,Johor Bahru Utara,assault,robbery_gang_unarmed,2021,64
326,Johor,Johor Bahru Utara,assault,robbery_gang_unarmed,2022,61
327,Johor,Johor Bahru Utara,assault,robbery_gang_unarmed,2023,43
328,Johor,Johor Bahru Utara,assault,robbery_solo_armed,2016,0
329,Johor,Johor Bahru Utara,assault,robbery_solo_armed,2017,0
330,Johor,Johor Bahru Utara,assault,robbery_solo_armed,2018,0
331,Johor,Johor Bahru Utara,assault,robbery_solo_armed,2019,0
332,Johor,Johor Bahru Utara,assault,robbery_solo_armed,2020,0
333,Johor,Johor Bahru Utara,assault,robbery_solo_armed,2021,0
334,Johor,Johor Bahru Utara,assault,robbery_solo_armed,2022,0
335,Johor,Johor Bahru Utara,assault,robbery_solo_armed,2023,0
336,Johor,Johor Bahru Utara,assault,robbery_solo_unarmed,2016,86
337,Johor,Johor Bahru Utara,assault,robbery_solo_unarmed,2017,89
338,Johor,Johor Bahru Utara,assault,robbery_solo_unarmed,2018,68
339,Johor,Johor Bahru Utara,assault,robbery_solo_unarmed,2019,60
340,Johor,Johor Bahru Utara,assault,robbery_solo_unarmed,2020,98
341,Johor,Johor Bahru Utara,assault,robbery_solo_unarmed,2021,22
342,Johor,Johor Bahru Utara,assault,robbery_solo_unarmed,2022,20
343,Johor,Johor Bahru Utara,assault,robbery_solo_unarmed,2023,27
344,Johor,Johor Bahru Utara,property,break_in,2016,333
345,Johor,Johor Bahru Utara,property,break_in,2017,229
346,Johor,Johor Bahru Utara,property,break_in,2018,238
347,Johor,Johor Bahru Utara,property,break_in,2019,233
348,Johor,Johor Bahru Utara,property,break_in,2020,149
349,Johor,Johor Bahru Utara,property,break_in,2021,91
350,Johor,Johor Bahru Utara,property,break_in,2022,53
351,Johor,Johor Bahru Utara,property,break_in,2023,53
352,Johor,Johor Bahru Utara,property,theft_other,2016,374
353,Johor,Johor Bahru Utara,property,theft_other,2017,282
354,Johor,Johor Bahru Utara,property,theft_other,2018,300
355,Johor,Johor Bahru Utara,property,theft_other,2019,269
356,Johor,Johor Bahru Utara,property,theft_other,2020,175
357,Johor,Johor Bahru Utara,property,theft_other,2021,86
358,Johor,Johor Bahru Utara,property,theft_other,2022,51
359,Johor,Johor Bahru Utara,property,theft_other,2023,87
360,Johor,Johor Bahru Utara,property,theft_vehicle_lorry,2016,65
361,Johor,Johor Bahru Utara,property,theft_vehicle_lorry,2017,42
362,Johor,Johor Bahru Utara,property,theft_vehicle_lorry,2018,36
363,Johor,Johor Bahru Utara,property,theft_vehicle_lorry,2019,40
364,Johor,Johor Bahru Utara,property,theft_vehicle_lorry,2020,25
365,Johor,Johor Bahru Utara,property,theft_vehicle_lorry,2021,8
366,Johor,Johor Bahru Utara,property,theft_vehicle_lorry,2022,15
367,Johor,Johor Bahru Utara,property,theft_vehicle_lorry,2023,8
368,Johor,Johor Bahru Utara,property,theft_vehicle_motorcar,2016,221
369,Johor,Johor Bahru Utara,property,theft_vehicle_motorcar,2017,174
370,Johor,Johor Bahru Utara,property,theft_vehicle_motorcar,2018,160
371,Johor,Johor Bahru Utara,property,theft_vehicle_motorcar,2019,169
372,Johor,Johor Bahru Utara,property,theft_vehicle_motorcar,2020,125
373,Johor,Johor Bahru Utara,property,theft_vehicle_motorcar,2021,77
374,Johor,Johor Bahru Utara,property,theft_vehicle_motorcar,2022,74
375,Johor,Johor Bahru Utara,property,theft_vehicle_motorcar,2023,65
376,Johor,Johor Bahru Utara,property,theft_vehicle_motorcycle,2016,635
377,Johor,Johor Bahru Utara,property,theft_vehicle_motorcycle,2017,510
378,Johor,Johor Bahru Utara,property,theft_vehicle_motorcycle,2018,572
379,Johor,Johor Bahru Utara,property,theft_vehicle_motorcycle,2019,433
380,Johor,Johor Bahru Utara,property,theft_vehicle_motorcycle,2020,286
381,Johor,Johor Bahru Utara,property,theft_vehicle_motorcycle,2021,123
382,Johor,Johor Bahru Utara,property,theft_vehicle_motorcycle,2022,161
383,Johor,Johor Bahru Utara,property,theft_vehicle_motorcycle,2023,174
384,Johor,Kluang,assault,causing_injury,2016,58
385,Johor,Kluang,assault,causing_injury,2017,45
386,Johor,Kluang,assault,causing_injury,2018,57
387,Johor,Kluang,assault,causing_injury,2019,60
388,Johor,Kluang,assault,causing_injury,2020,43
389,Johor,Kluang,assault,causing_injury,2021,39
390,Johor,Kluang,assault,causing_injury,2022,29
391,Johor,Kluang,assault,causing_injury,2023,21
392,Johor,Kluang,assault,murder,2016,4
393,Johor,Kluang,assault,murder,2017,1
394,Johor,Kluang,assault,murder,2018,1
395,Johor,Kluang,assault,murder,2019,4
396,Johor,Kluang,assault,murder,2020,2
397,Johor,Kluang,assault,murder,2021,3
398,Johor,Kluang,assault,murder,2022,1
399,Johor,Kluang,assault,murder,2023,4
400,Johor,Kluang,assault,rape,2016,37
401,Johor,Kluang,assault,rape,2017,24
402,Johor,Kluang,assault,rape,2018,18
403,Johor,Kluang,assault,rape,2019,17
404,Johor,Kluang,assault,rape,2020,16
405,Johor,Kluang,assault,rape,2021,12
406,Johor,Kluang,assault,rape,2022,9
407,Johor,Kluang,assault,rape,2023,14
408,Johor,Kluang,assault,robbery_gang_armed,2016,2
409,Johor,Kluang,assault,robbery_gang_armed,2017,0
410,Johor,Kluang,assault,robbery_gang_armed,2018,0
411,Johor,Kluang,assault,robbery_gang_armed,2019,0
412,Johor,Kluang,assault,robbery_gang_armed,2020,0
413,Johor,Kluang,assault,robbery_gang_armed,2021,0
414,Johor,Kluang,assault,robbery_gang_armed,2022,0
415,Johor,Kluang,assault,robbery_gang_armed,2023,0
416,Johor,Kluang,assault,robbery_gang_unarmed,2016,47
417,Johor,Kluang,assault,robbery_gang_unarmed,2017,32
418,Johor,Kluang,assault,robbery_gang_unarmed,2018,34
419,Johor,Kluang,assault,robbery_gang_unarmed,2019,35
420,Johor,Kluang,assault,robbery_gang_unarmed,2020,14
421,Johor,Kluang,assault,robbery_gang_unarmed,2021,15
422,Johor,Kluang,assault,robbery_gang_unarmed,2022,16
423,Johor,Kluang,assault,robbery_gang_unarmed,2023,27
424,Johor,Kluang,assault,robbery_solo_armed,2016,0
425,Johor,Kluang,assault,robbery_solo_armed,2017,0
426,Johor,Kluang,assault,robbery_solo_armed,2018,0
427,Johor,Kluang,assault,robbery_solo_armed,2019,0
428,Johor,Kluang,assault,robbery_solo_armed,2020,0
429,Johor,Kluang,assault,robbery_solo_armed,2021,0
430,Johor,Kluang,assault,robbery_solo_armed,2022,0
431,Johor,Kluang,assault,robbery_solo_armed,2023,0
432,Johor,Kluang,assault,robbery_solo_unarmed,2016,8
433,Johor,Kluang,assault,robbery_solo_unarmed,2017,15
434,Johor,Kluang,assault,robbery_solo_unarmed,2018,15
435,Johor,Kluang,assault,robbery_solo_unarmed,2019,11
436,Johor,Kluang,assault,robbery_solo_unarmed,2020,38
437,Johor,Kluang,assault,robbery_solo_unarmed,2021,11
438,Johor,Kluang,assault,robbery_solo_unarmed,2022,11
439,Johor,Kluang,assault,robbery_solo_unarmed,2023,4
440,Johor,Kluang,property,break_in,2016,41
441,Johor,Kluang,property,break_in,2017,29
442,Johor,Kluang,property,break_in,2018,28
443,Johor,Kluang,property,break_in,2019,56
444,Johor,Kluang,property,break_in,2020,81
445,Johor,Kluang,property,break_in,2021,62
446,Johor,Kluang,property,break_in,2022,30
447,Johor,Kluang,property,break_in,2023,81
448,Johor,Kluang,property,theft_other,2016,147
449,Johor,Kluang,property,theft_other,2017,105
450,Johor,Kluang,property,theft_other,2018,116
451,Johor,Kluang,property,theft_other,2019,114
452,Johor,Kluang,property,theft_other,2020,98
453,Johor,Kluang,property,theft_other,2021,77
454,Johor,Kluang,property,theft_other,2022,71
455,Johor,Kluang,property,theft_other,2023,90
456,Johor,Kluang,property,theft_vehicle_lorry,2016,11
457,Johor,Kluang,property,theft_vehicle_lorry,2017,15
458,Johor,Kluang,property,theft_vehicle_lorry,2018,31
459,Johor,Kluang,property,theft_vehicle_lorry,2019,12
460,Johor,Kluang,property,theft_vehicle_lorry,2020,12
461,Johor,Kluang,property,theft_vehicle_lorry,2021,2
462,Johor,Kluang,property,theft_vehicle_lorry,2022,4
463,Johor,Kluang,property,theft_vehicle_lorry,2023,6
464,Johor,Kluang,property,theft_vehicle_motorcar,2016,35
465,Johor,Kluang,property,theft_vehicle_motorcar,2017,47
466,Johor,Kluang,property,theft_vehicle_motorcar,2018,44
467,Johor,Kluang,property,theft_vehicle_motorcar,2019,41
468,Johor,Kluang,property,theft_vehicle_motorcar,2020,45
469,Johor,Kluang,property,theft_vehicle_motorcar,2021,12
470,Johor,Kluang,property,theft_vehicle_motorcar,2022,15
471,Johor,Kluang,property,theft_vehicle_motorcar,2023,13
472,Johor,Kluang,property,theft_vehicle_motorcycle,2016,292
473,Johor,Kluang,property,theft_vehicle_motorcycle,2017,339
474,Johor,Kluang,property,theft_vehicle_motorcycle,2018,258
475,Johor,Kluang,property,theft_vehicle_motorcycle,2019,235
476,Johor,Kluang,property,theft_vehicle_motorcycle,2020,168
477,Johor,Kluang,property,theft_vehicle_motorcycle,2021,68
478,Johor,Kluang,property,theft_vehicle_motorcycle,2022,84
479,Johor,Kluang,property,theft_vehicle_motorcycle,2023,104
480,Johor,Kota Tinggi,assault,causing_injury,2016,11
481,Johor,Kota Tinggi,assault,causing_injury,2017,21
482,Johor,Kota Tinggi,assault,causing_injury,2018,30
483,Johor,Kota Tinggi,assault,causing_injury,2019,16
484,Johor,Kota Tinggi,assault,causing_injury,2020,35
485,Johor,Kota Tinggi,assault,causing_injury,2021,18
486,Johor,Kota Tinggi,assault,causing_injury,2022,18
487,Johor,Kota Tinggi,assault,causing_injury,2023,17
488,Johor,Kota Tinggi,assault,murder,2016,8
489,Johor,Kota Tinggi,assault,murder,2017,7
490,Johor,Kota Tinggi,assault,murder,2018,2
491,Johor,Kota Tinggi,assault,murder,2019,6
492,Johor,Kota Tinggi,assault,murder,2020,2
493,Johor,Kota Tinggi,assault,murder,2021,1
494,Johor,Kota Tinggi,assault,murder,2022,2
495,Johor,Kota Tinggi,assault,murder,2023,0
496,Johor,Kota Tinggi,assault,rape,2016,19
497,Johor,Kota Tinggi,assault,rape,2017,13
498,Johor,Kota Tinggi,assault,rape,2018,8
499,Johor,Kota Tinggi,assault,rape,2019,11
500,Johor,Kota Tinggi,assault,rape,2020,10
501,Johor,Kota Tinggi,assault,rape,2021,6
502,Johor,Kota Tinggi,assault,rape,2022,15
503,Johor,Kota Tinggi,assault,rape,2023,14
504,Johor,Kota Tinggi,assault,robbery_gang_armed,2016,0
505,Johor,Kota Tinggi,assault,robbery_gang_armed,2017,0
506,Johor,Kota Tinggi,assault,robbery_gang_armed,2018,0
507,Johor,Kota Tinggi,assault,robbery_gang_armed,2019,0
508,Johor,Kota Tinggi,assault,robbery_gang_armed,2020,1
509,Johor,Kota Tinggi,assault,robbery_gang_armed,2021,0
510,Johor,Kota Tinggi,assault,robbery_gang_armed,2022,0
511,Johor,Kota Tinggi,assault,robbery_gang_armed,2023,0
512,Johor,Kota Tinggi,assault,robbery_gang_unarmed,2016,50
513,Johor,Kota Tinggi,assault,robbery_gang_unarmed,2017,33
514,Johor,Kota Tinggi,assault,robbery_gang_unarmed,2018,21
515,Johor,Kota Tinggi,assault,robbery_gang_unarmed,2019,27
516,Johor,Kota Tinggi,assault,robbery_gang_unarmed,2020,13
517,Johor,Kota Tinggi,assault,robbery_gang_unarmed,2021,5
518,Johor,Kota Tinggi,assault,robbery_gang_unarmed,2022,4
519,Johor,Kota Tinggi,assault,robbery_gang_unarmed,2023,6
520,Johor,Kota Tinggi,assault,robbery_solo_armed,2016,0
521,Johor,Kota Tinggi,assault,robbery_solo_armed,2017,0
522,Johor,Kota Tinggi,assault,robbery_solo_armed,2018,0
523,Johor,Kota Tinggi,assault,robbery_solo_armed,2019,0
524,Johor,Kota Tinggi,assault,robbery_solo_armed,2020,0
525,Johor,Kota Tinggi,assault,robbery_solo_armed,2021,0
526,Johor,Kota Tinggi,assault,robbery_solo_armed,2022,0
527,Johor,Kota Tinggi,assault,robbery_solo_armed,2023,0
528,Johor,Kota Tinggi,assault,robbery_solo_unarmed,2016,21
529,Johor,Kota Tinggi,assault,robbery_solo_unarmed,2017,15
530,Johor,Kota Tinggi,assault,robbery_solo_unarmed,2018,6
531,Johor,Kota Tinggi,assault,robbery_solo_unarmed,2019,10
532,Johor,Kota Tinggi,assault,robbery_solo_unarmed,2020,11
533,Johor,Kota Tinggi,assault,robbery_solo_unarmed,2021,7
534,Johor,Kota Tinggi,assault,robbery_solo_unarmed,2022,1
535,Johor,Kota Tinggi,assault,robbery_solo_unarmed,2023,4
536,Johor,Kota Tinggi,property,break_in,2016,43
537,Johor,Kota Tinggi,property,break_in,2017,102
538,Johor,Kota Tinggi,property,break_in,2018,108
539,Johor,Kota Tinggi,property,break_in,2019,79
540,Johor,Kota Tinggi,property,break_in,2020,67
541,Johor,Kota Tinggi,property,break_in,2021,49
542,Johor,Kota Tinggi,property,break_in,2022,44
543,Johor,Kota Tinggi,property,break_in,2023,31
544,Johor,Kota Tinggi,property,theft_other,2016,60
545,Johor,Kota Tinggi,property,theft_other,2017,98
546,Johor,Kota Tinggi,property,theft_other,2018,106
547,Johor,Kota Tinggi,property,theft_other,2019,94
548,Johor,Kota Tinggi,property,theft_other,2020,84
549,Johor,Kota Tinggi,property,theft_other,2021,54
550,Johor,Kota Tinggi,property,theft_other,2022,54
551,Johor,Kota Tinggi,property,theft_other,2023,76
552,Johor,Kota Tinggi,property,theft_vehicle_lorry,2016,9
553,Johor,Kota Tinggi,property,theft_vehicle_lorry,2017,17
554,Johor,Kota Tinggi,property,theft_vehicle_lorry,2018,13
555,Johor,Kota Tinggi,property,theft_vehicle_lorry,2019,10
556,Johor,Kota Tinggi,property,theft_vehicle_lorry,2020,10
557,Johor,Kota Tinggi,property,theft_vehicle_lorry,2021,1
558,Johor,Kota Tinggi,property,theft_vehicle_lorry,2022,3
559,Johor,Kota Tinggi,property,theft_vehicle_lorry,2023,4
560,Johor,Kota Tinggi,property,theft_vehicle_motorcar,2016,45
561,Johor,Kota Tinggi,property,theft_vehicle_motorcar,2017,46
562,Johor,Kota Tinggi,property,theft_vehicle_motorcar,2018,48
563,Johor,Kota Tinggi,property,theft_vehicle_motorcar,2019,32
564,Johor,Kota Tinggi,property,theft_vehicle_motorcar,2020,33
565,Johor,Kota Tinggi,property,theft_vehicle_motorcar,2021,11
566,Johor,Kota Tinggi,property,theft_vehicle_motorcar,2022,15
567,Johor,Kota Tinggi,property,theft_vehicle_motorcar,2023,24
568,Johor,Kota Tinggi,property,theft_vehicle_motorcycle,2016,299
569,Johor,Kota Tinggi,property,theft_vehicle_motorcycle,2017,231
570,Johor,Kota Tinggi,property,theft_vehicle_motorcycle,2018,200
571,Johor,Kota Tinggi,property,theft_vehicle_motorcycle,2019,186
572,Johor,Kota Tinggi,property,theft_vehicle_motorcycle,2020,174
573,Johor,Kota Tinggi,property,theft_vehicle_motorcycle,2021,71
574,Johor,Kota Tinggi,property,theft_vehicle_motorcycle,2022,53
575,Johor,Kota Tinggi,property,theft_vehicle_motorcycle,2023,74
576,Johor,Kulaijaya,assault,causing_injury,2016,47
577,Johor,Kulaijaya,assault,causing_injury,2017,53
578,Johor,Kulaijaya,assault,causing_injury,2018,47
579,Johor,Kulaijaya,assault,causing_injury,2019,43
580,Johor,Kulaijaya,assault,causing_injury,2020,11
581,Johor,Kulaijaya,assault,causing_injury,2021,18
582,Johor,Kulaijaya,assault,causing_injury,2022,21
583,Johor,Kulaijaya,assault,causing_injury,2023,25
584,Johor,Kulaijaya,assault,murder,2016,7
585,Johor,Kulaijaya,assault,murder,2017,6
586,Johor,Kulaijaya,assault,murder,2018,7
587,Johor,Kulaijaya,assault,murder,2019,1
588,Johor,Kulaijaya,assault,murder,2020,7
589,Johor,Kulaijaya,assault,murder,2021,5
590,Johor,Kulaijaya,assault,murder,2022,1
591,Johor,Kulaijaya,assault,murder,2023,2
592,Johor,Kulaijaya,assault,rape,2016,4
593,Johor,Kulaijaya,assault,rape,2017,11
594,Johor,Kulaijaya,assault,rape,2018,20
595,Johor,Kulaijaya,assault,rape,2019,9
596,Johor,Kulaijaya,assault,rape,2020,8
597,Johor,Kulaijaya,assault,rape,2021,9
598,Johor,Kulaijaya,assault,rape,2022,13
599,Johor,Kulaijaya,assault,rape,2023,8
600,Johor,Kulaijaya,assault,robbery_gang_armed,2016,0
601,Johor,Kulaijaya,assault,robbery_gang_armed,2017,0
602,Johor,Kulaijaya,assault,robbery_gang_armed,2018,0
603,Johor,Kulaijaya,assault,robbery_gang_armed,2019,0
604,Johor,Kulaijaya,assault,robbery_gang_armed,2020,0
605,Johor,Kulaijaya,assault,robbery_gang_armed,2021,0
606,Johor,Kulaijaya,assault,robbery_gang_armed,2022,0
607,Johor,Kulaijaya,assault,robbery_gang_armed,2023,0
608,Johor,Kulaijaya,assault,robbery_gang_unarmed,2016,76
609,Johor,Kulaijaya,assault,robbery_gang_unarmed,2017,75
610,Johor,Kulaijaya,assault,robbery_gang_unarmed,2018,88
611,Johor,Kulaijaya,assault,robbery_gang_unarmed,2019,53
612,Johor,Kulaijaya,assault,robbery_gang_unarmed,2020,10
613,Johor,Kulaijaya,assault,robbery_gang_unarmed,2021,29
614,Johor,Kulaijaya,assault,robbery_gang_unarmed,2022,31
615,Johor,Kulaijaya,assault,robbery_gang_unarmed,2023,43
616,Johor,Kulaijaya,assault,robbery_solo_armed,2016,0
617,Johor,Kulaijaya,assault,robbery_solo_armed,2017,0
618,Johor,Kulaijaya,assault,robbery_solo_armed,2018,0
619,Johor,Kulaijaya,assault,robbery_solo_armed,2019,0
620,Johor,Kulaijaya,assault,robbery_solo_armed,2020,0
621,Johor,Kulaijaya,assault,robbery_solo_armed,2021,0
622,Johor,Kulaijaya,assault,robbery_solo_armed,2022,0
623,Johor,Kulaijaya,assault,robbery_solo_armed,2023,0
624,Johor,Kulaijaya,assault,robbery_solo_unarmed,2016,22
625,Johor,Kulaijaya,assault,robbery_solo_unarmed,2017,64
626,Johor,Kulaijaya,assault,robbery_solo_unarmed,2018,40
627,Johor,Kulaijaya,assault,robbery_solo_unarmed,2019,37
628,Johor,Kulaijaya,assault,robbery_solo_unarmed,2020,42
629,Johor,Kulaijaya,assault,robbery_solo_unarmed,2021,5
630,Johor,Kulaijaya,assault,robbery_solo_unarmed,2022,13
631,Johor,Kulaijaya,assault,robbery_solo_unarmed,2023,8
632,Johor,Kulaijaya,property,break_in,2016,163
633,Johor,Kulaijaya,property,break_in,2017,134
634,Johor,Kulaijaya,property,break_in,2018,136
635,Johor,Kulaijaya,property,break_in,2019,112
636,Johor,Kulaijaya,property,break_in,2020,57
637,Johor,Kulaijaya,property,break_in,2021,46
638,Johor,Kulaijaya,property,break_in,2022,46
639,Johor,Kulaijaya,property,break_in,2023,61
640,Johor,Kulaijaya,property,theft_other,2016,166
641,Johor,Kulaijaya,property,theft_other,2017,168
642,Johor,Kulaijaya,property,theft_other,2018,178
643,Johor,Kulaijaya,property,theft_other,2019,188
644,Johor,Kulaijaya,property,theft_other,2020,76
645,Johor,Kulaijaya,property,theft_other,2021,68
646,Johor,Kulaijaya,property,theft_other,2022,62
647,Johor,Kulaijaya,property,theft_other,2023,58
648,Johor,Kulaijaya,property,theft_vehicle_lorry,2016,39
649,Johor,Kulaijaya,property,theft_vehicle_lorry,2017,26
650,Johor,Kulaijaya,property,theft_vehicle_lorry,2018,21
651,Johor,Kulaijaya,property,theft_vehicle_lorry,2019,19
652,Johor,Kulaijaya,property,theft_vehicle_lorry,2020,12
653,Johor,Kulaijaya,property,theft_vehicle_lorry,2021,11
654,Johor,Kulaijaya,property,theft_vehicle_lorry,2022,9
655,Johor,Kulaijaya,property,theft_vehicle_lorry,2023,8
656,Johor,Kulaijaya,property,theft_vehicle_motorcar,2016,58
657,Johor,Kulaijaya,property,theft_vehicle_motorcar,2017,49
658,Johor,Kulaijaya,property,theft_vehicle_motorcar,2018,40
659,Johor,Kulaijaya,property,theft_vehicle_motorcar,2019,44
660,Johor,Kulaijaya,property,theft_vehicle_motorcar,2020,39
661,Johor,Kulaijaya,property,theft_vehicle_motorcar,2021,28
662,Johor,Kulaijaya,property,theft_vehicle_motorcar,2022,28
663,Johor,Kulaijaya,property,theft_vehicle_motorcar,2023,26
664,Johor,Kulaijaya,property,theft_vehicle_motorcycle,2016,191
665,Johor,Kulaijaya,property,theft_vehicle_motorcycle,2017,186
666,Johor,Kulaijaya,property,theft_vehicle_motorcycle,2018,172
667,Johor,Kulaijaya,property,theft_vehicle_motorcycle,2019,180
668,Johor,Kulaijaya,property,theft_vehicle_motorcycle,2020,113
669,Johor,Kulaijaya,property,theft_vehicle_motorcycle,2021,61
670,Johor,Kulaijaya,property,theft_vehicle_motorcycle,2022,71
671,Johor,Kulaijaya,property,theft_vehicle_motorcycle,2023,58
672,Johor,Ledang,assault,causing_injury,2016,17
673,Johor,Ledang,assault,causing_injury,2017,10
674,Johor,Ledang,assault,causing_injury,2018,13
675,Johor,Ledang,assault,causing_injury,2019,7
676,Johor,Ledang,assault,causing_injury,2020,10
677,Johor,Ledang,assault,causing_injury,2021,4
678,Johor,Ledang,assault,causing_injury,2022,11
679,Johor,Ledang,assault,causing_injury,2023,3
680,Johor,Ledang,assault,murder,2016,1
681,Johor,Ledang,assault,murder,2017,1
682,Johor,Ledang,assault,murder,2018,2
683,Johor,Ledang,assault,murder,2019,0
684,Johor,Ledang,assault,murder,2020,0
685,Johor,Ledang,assault,murder,2021,1
686,Johor,Ledang,assault,murder,2022,0
687,Johor,Ledang,assault,murder,2023,2
688,Johor,Ledang,assault,rape,2016,12
689,Johor,Ledang,assault,rape,2017,8
690,Johor,Ledang,assault,rape,2018,13
691,Johor,Ledang,assault,rape,2019,2
692,Johor,Ledang,assault,rape,2020,8
693,Johor,Ledang,assault,rape,2021,1
694,Johor,Ledang,assault,rape,2022,5
695,Johor,Ledang,assault,rape,2023,5
696,Johor,Ledang,assault,robbery_gang_armed,2016,0
697,Johor,Ledang,assault,robbery_gang_armed,2017,0
698,Johor,Ledang,assault,robbery_gang_armed,2018,0
699,Johor,Ledang,assault,robbery_gang_armed,2019,0
700,Johor,Ledang,assault,robbery_gang_armed,2020,0
701,Johor,Ledang,assault,robbery_gang_armed,2021,0
702,Johor,Ledang,assault,robbery_gang_armed,2022,0
703,Johor,Ledang,assault,robbery_gang_armed,2023,0
704,Johor,Ledang,assault,robbery_gang_unarmed,2016,15
705,Johor,Ledang,assault,robbery_gang_unarmed,2017,21
706,Johor,Ledang,assault,robbery_gang_unarmed,2018,3
707,Johor,Ledang,assault,robbery_gang_unarmed,2019,7
708,Johor,Ledang,assault,robbery_gang_unarmed,2020,12
709,Johor,Ledang,assault,robbery_gang_unarmed,2021,1
710,Johor,Ledang,assault,robbery_gang_unarmed,2022,6
711,Johor,Ledang,assault,robbery_gang_unarmed,2023,8
712,Johor,Ledang,assault,robbery_solo_armed,2016,0
713,Johor,Ledang,assault,robbery_solo_armed,2017,0
714,Johor,Ledang,assault,robbery_solo_armed,2018,0
715,Johor,Ledang,assault,robbery_solo_armed,2019,0
716,Johor,Ledang,assault,robbery_solo_armed,2020,0
717,Johor,Ledang,assault,robbery_solo_armed,2021,0
718,Johor,Ledang,assault,robbery_solo_armed,2022,0
719,Johor,Ledang,assault,robbery_solo_armed,2023,0
720,Johor,Ledang,assault,robbery_solo_unarmed,2016,5
721,Johor,Ledang,assault,robbery_solo_unarmed,2017,4
722,Johor,Ledang,assault,robbery_solo_unarmed,2018,2
723,Johor,Ledang,assault,robbery_solo_unarmed,2019,5
724,Johor,Ledang,assault,robbery_solo_unarmed,2020,4
725,Johor,Ledang,assault,robbery_solo_unarmed,2021,7
726,Johor,Ledang,assault,robbery_solo_unarmed,2022,1
727,Johor,Ledang,assault,robbery_solo_unarmed,2023,6
728,Johor,Ledang,property,break_in,2016,43
729,Johor,Ledang,property,break_in,2017,25
730,Johor,Ledang,property,break_in,2018,28
731,Johor,Ledang,property,break_in,2019,53
732,Johor,Ledang,property,break_in,2020,45
733,Johor,Ledang,property,break_in,2021,14
734,Johor,Ledang,property,break_in,2022,27
735,Johor,Ledang,property,break_in,2023,44
736,Johor,Ledang,property,theft_other,2016,65
737,Johor,Ledang,property,theft_other,2017,71
738,Johor,Ledang,property,theft_other,2018,63
739,Johor,Ledang,property,theft_other,2019,66
740,Johor,Ledang,property,theft_other,2020,46
741,Johor,Ledang,property,theft_other,2021,12
742,Johor,Ledang,property,theft_other,2022,16
743,Johor,Ledang,property,theft_other,2023,28
744,Johor,Ledang,property,theft_vehicle_lorry,2016,1
745,Johor,Ledang,property,theft_vehicle_lorry,2017,3
746,Johor,Ledang,property,theft_vehicle_lorry,2018,3
747,Johor,Ledang,property,theft_vehicle_lorry,2019,0
748,Johor,Ledang,property,theft_vehicle_lorry,2020,3
749,Johor,Ledang,property,theft_vehicle_lorry,2021,1
750,Johor,Ledang,property,theft_vehicle_lorry,2022,2
751,Johor,Ledang,property,theft_vehicle_lorry,2023,0
752,Johor,Ledang,property,theft_vehicle_motorcar,2016,11
753,Johor,Ledang,property,theft_vehicle_motorcar,2017,8
754,Johor,Ledang,property,theft_vehicle_motorcar,2018,5
755,Johor,Ledang,property,theft_vehicle_motorcar,2019,13
756,Johor,Ledang,property,theft_vehicle_motorcar,2020,5
757,Johor,Ledang,property,theft_vehicle_motorcar,2021,1
758,Johor,Ledang,property,theft_vehicle_motorcar,2022,2
759,Johor,Ledang,property,theft_vehicle_motorcar,2023,3
760,Johor,Ledang,property,theft_vehicle_motorcycle,2016,100
761,Johor,Ledang,property,theft_vehicle_motorcycle,2017,83
762,Johor,Ledang,property,theft_vehicle_motorcycle,2018,75
763,Johor,Ledang,property,theft_vehicle_motorcycle,2019,63
764,Johor,Ledang,property,theft_vehicle_motorcycle,2020,45
765,Johor,Ledang,property,theft_vehicle_motorcycle,2021,43
766,Johor,Ledang,property,theft_vehicle_motorcycle,2022,31
767,Johor,Ledang,property,theft_vehicle_motorcycle,2023,24
768,Johor,Mersing,assault,causing_injury,2016,7
769,Johor,Mersing,assault,causing_injury,2017,12
770,Johor,Mersing,assault,causing_injury,2018,9
771,Johor,Mersing,assault,causing_injury,2019,14
772,Johor,Mersing,assault,causing_injury,2020,14
773,Johor,Mersing,assault,causing_injury,2021,8
774,Johor,Mersing,assault,causing_injury,2022,8
775,Johor,Mersing,assault,causing_injury,2023,10
776,Johor,Mersing,assault,murder,2016,1
777,Johor,Mersing,assault,murder,2017,1
778,Johor,Mersing,assault,murder,2018,0
779,Johor,Mersing,assault,murder,2019,0
780,Johor,Mersing,assault,murder,2020,0
781,Johor,Mersing,assault,murder,2021,1
782,Johor,Mersing,assault,murder,2022,2
783,Johor,Mersing,assault,murder,2023,0
784,Johor,Mersing,assault,rape,2016,9
785,Johor,Mersing,assault,rape,2017,6
786,Johor,Mersing,assault,rape,2018,9
787,Johor,Mersing,assault,rape,2019,4
788,Johor,Mersing,assault,rape,2020,8
789,Johor,Mersing,assault,rape,2021,6
790,Johor,Mersing,assault,rape,2022,4
791,Johor,Mersing,assault,rape,2023,12
792,Johor,Mersing,assault,robbery_gang_armed,2016,0
793,Johor,Mersing,assault,robbery_gang_armed,2017,0
794,Johor,Mersing,assault,robbery_gang_armed,2018,0
795,Johor,Mersing,assault,robbery_gang_armed,2019,0
796,Johor,Mersing,assault,robbery_gang_armed,2020,0
797,Johor,Mersing,assault,robbery_gang_armed,2021,0
798,Johor,Mersing,assault,robbery_gang_armed,2022,0
799,Johor,Mersing,assault,robbery_gang_armed,2023,0
800,Johor,Mersing,assault,robbery_gang_unarmed,2016,17
801,Johor,Mersing,assault,robbery_gang_unarmed,2017,9
802,Johor,Mersing,assault,robbery_gang_unarmed,2018,7
803,Johor,Mersing,assault,robbery_gang_unarmed,2019,7
804,Johor,Mersing,assault,robbery_gang_unarmed,2020,6
805,Johor,Mersing,assault,robbery_gang_unarmed,2021,4
806,Johor,Mersing,assault,robbery_gang_unarmed,2022,2
807,Johor,Mersing,assault,robbery_gang_unarmed,2023,1
808,Johor,Mersing,assault,robbery_solo_armed,2016,0
809,Johor,Mersing,assault,robbery_solo_armed,2017,0
810,Johor,Mersing,assault,robbery_solo_armed,2018,0
811,Johor,Mersing,assault,robbery_solo_armed,2019,0
812,Johor,Mersing,assault,robbery_solo_armed,2020,0
813,Johor,Mersing,assault,robbery_solo_armed,2021,0
814,Johor,Mersing,assault,robbery_solo_armed,2022,0
815,Johor,Mersing,assault,robbery_solo_armed,2023,0
816,Johor,Mersing,assault,robbery_solo_unarmed,2016,8
817,Johor,Mersing,assault,robbery_solo_unarmed,2017,3
818,Johor,Mersing,assault,robbery_solo_unarmed,2018,4
819,Johor,Mersing,assault,robbery_solo_unarmed,2019,8
820,Johor,Mersing,assault,robbery_solo_unarmed,2020,6
821,Johor,Mersing,assault,robbery_solo_unarmed,2021,2
822,Johor,Mersing,assault,robbery_solo_unarmed,2022,1
823,Johor,Mersing,assault,robbery_solo_unarmed,2023,1
824,Johor,Mersing,property,break_in,2016,1
825,Johor,Mersing,property,break_in,2017,9
826,Johor,Mersing,property,break_in,2018,16
827,Johor,Mersing,property,break_in,2019,15
828,Johor,Mersing,property,break_in,2020,19
829,Johor,Mersing,property,break_in,2021,28
830,Johor,Mersing,property,break_in,2022,18
831,Johor,Mersing,property,break_in,2023,19
832,Johor,Mersing,property,theft_other,2016,41
833,Johor,Mersing,property,theft_other,2017,60
834,Johor,Mersing,property,theft_other,2018,31
835,Johor,Mersing,property,theft_other,2019,32
836,Johor,Mersing,property,theft_other,2020,23
837,Johor,Mersing,property,theft_other,2021,17
838,Johor,Mersing,property,theft_other,2022,23
839,Johor,Mersing,property,theft_other,2023,20
840,Johor,Mersing,property,theft_vehicle_lorry,2016,1
841,Johor,Mersing,property,theft_vehicle_lorry,2017,1
842,Johor,Mersing,property,theft_vehicle_lorry,2018,4
843,Johor,Mersing,property,theft_vehicle_lorry,2019,3
844,Johor,Mersing,property,theft_vehicle_lorry,2020,2
845,Johor,Mersing,property,theft_vehicle_lorry,2021,0
846,Johor,Mersing,property,theft_vehicle_lorry,2022,1
847,Johor,Mersing,property,theft_vehicle_lorry,2023,0
848,Johor,Mersing,property,theft_vehicle_motorcar,2016,8
849,Johor,Mersing,property,theft_vehicle_motorcar,2017,5
850,Johor,Mersing,property,theft_vehicle_motorcar,2018,9
851,Johor,Mersing,property,theft_vehicle_motorcar,2019,4
852,Johor,Mersing,property,theft_vehicle_motorcar,2020,4
853,Johor,Mersing,property,theft_vehicle_motorcar,2021,1
854,Johor,Mersing,property,theft_vehicle_motorcar,2022,4
855,Johor,Mersing,property,theft_vehicle_motorcar,2023,2
856,Johor,Mersing,property,theft_vehicle_motorcycle,2016,61
857,Johor,Mersing,property,theft_vehicle_motorcycle,2017,45
858,Johor,Mersing,property,theft_vehicle_motorcycle,2018,40
859,Johor,Mersing,property,theft_vehicle_motorcycle,2019,55
860,Johor,Mersing,property,theft_vehicle_motorcycle,2020,24
861,Johor,Mersing,property,theft_vehicle_motorcycle,2021,27
862,Johor,Mersing,property,theft_vehicle_motorcycle,2022,22
863,Johor,Mersing,property,theft_vehicle_motorcycle,2023,22
864,Johor,Muar,assault,causing_injury,2016,19
865,Johor,Muar,assault,causing_injury,2017,19
866,Johor,Muar,assault,causing_injury,2018,17
867,Johor,Muar,assault,causing_injury,2019,25
868,Johor,Muar,assault,causing_injury,2020,25
869,Johor,Muar,assault,causing_injury,2021,29
870,Johor,Muar,assault,causing_injury,2022,20
871,Johor,Muar,assault,causing_injury,2023,26
872,Johor,Muar,assault,murder,2016,7
873,Johor,Muar,assault,murder,2017,2
874,Johor,Muar,assault,murder,2018,2
875,Johor,Muar,assault,murder,2019,0
876,Johor,Muar,assault,murder,2020,2
877,Johor,Muar,assault,murder,2021,0
878,Johor,Muar,assault,murder,2022,2
879,Johor,Muar,assault,murder,2023,2
880,Johor,Muar,assault,rape,2016,12
881,Johor,Muar,assault,rape,2017,12
882,Johor,Muar,assault,rape,2018,13
883,Johor,Muar,assault,rape,2019,12
884,Johor,Muar,assault,rape,2020,10
885,Johor,Muar,assault,rape,2021,10
886,Johor,Muar,assault,rape,2022,10
887,Johor,Muar,assault,rape,2023,24
888,Johor,Muar,assault,robbery_gang_armed,2016,1
889,Johor,Muar,assault,robbery_gang_armed,2017,0
890,Johor,Muar,assault,robbery_gang_armed,2018,0
891,Johor,Muar,assault,robbery_gang_armed,2019,0
892,Johor,Muar,assault,robbery_gang_armed,2020,0
893,Johor,Muar,assault,robbery_gang_armed,2021,0
894,Johor,Muar,assault,robbery_gang_armed,2022,0
895,Johor,Muar,assault,robbery_gang_armed,2023,0
896,Johor,Muar,assault,robbery_gang_unarmed,2016,13
897,Johor,Muar,assault,robbery_gang_unarmed,2017,22
898,Johor,Muar,assault,robbery_gang_unarmed,2018,14
899,Johor,Muar,assault,robbery_gang_unarmed,2019,20
900,Johor,Muar,assault,robbery_gang_unarmed,2020,8
901,Johor,Muar,assault,robbery_gang_unarmed,2021,3
902,Johor,Muar,assault,robbery_gang_unarmed,2022,8
903,Johor,Muar,assault,robbery_gang_unarmed,2023,29
904,Johor,Muar,assault,robbery_solo_armed,2016,0
905,Johor,Muar,assault,robbery_solo_armed,2017,0
906,Johor,Muar,assault,robbery_solo_armed,2018,0
907,Johor,Muar,assault,robbery_solo_armed,2019,0
908,Johor,Muar,assault,robbery_solo_armed,2020,0
909,Johor,Muar,assault,robbery_solo_armed,2021,0
910,Johor,Muar,assault,robbery_solo_armed,2022,0
911,Johor,Muar,assault,robbery_solo_armed,2023,0
912,Johor,Muar,assault,robbery_solo_unarmed,2016,4
913,Johor,Muar,assault,robbery_solo_unarmed,2017,9
914,Johor,Muar,assault,robbery_solo_unarmed,2018,3
915,Johor,Muar,assault,robbery_solo_unarmed,2019,14
916,Johor,Muar,assault,robbery_solo_unarmed,2020,14
917,Johor,Muar,assault,robbery_solo_unarmed,2021,0
918,Johor,Muar,assault,robbery_solo_unarmed,2022,11
919,Johor,Muar,assault,robbery_solo_unarmed,2023,15
920,Johor,Muar,property,break_in,2016,46
921,Johor,Muar,property,break_in,2017,46
922,Johor,Muar,property,break_in,2018,39
923,Johor,Muar,property,break_in,2019,75
924,Johor,Muar,property,break_in,2020,72
925,Johor,Muar,property,break_in,2021,45
926,Johor,Muar,property,break_in,2022,47
927,Johor,Muar,property,break_in,2023,101
928,Johor,Muar,property,theft_other,2016,90
929,Johor,Muar,property,theft_other,2017,65
930,Johor,Muar,property,theft_other,2018,50
931,Johor,Muar,property,theft_other,2019,68
932,Johor,Muar,property,theft_other,2020,50
933,Johor,Muar,property,theft_other,2021,50
934,Johor,Muar,property,theft_other,2022,64
935,Johor,Muar,property,theft_other,2023,81
936,Johor,Muar,property,theft_vehicle_lorry,2016,3
937,Johor,Muar,property,theft_vehicle_lorry,2017,4
938,Johor,Muar,property,theft_vehicle_lorry,2018,4
939,Johor,Muar,property,theft_vehicle_lorry,2019,0
940,Johor,Muar,property,theft_vehicle_lorry,2020,2
941,Johor,Muar,property,theft_vehicle_lorry,2021,2
942,Johor,Muar,property,theft_vehicle_lorry,2022,1
943,Johor,Muar,property,theft_vehicle_lorry,2023,2
944,Johor,Muar,property,theft_vehicle_motorcar,2016,19
945,Johor,Muar,property,theft_vehicle_motorcar,2017,10
946,Johor,Muar,property,theft_vehicle_motorcar,2018,17
947,Johor,Muar,property,theft_vehicle_motorcar,2019,11
948,Johor,Muar,property,theft_vehicle_motorcar,2020,13
949,Johor,Muar,property,theft_vehicle_motorcar,2021,8
950,Johor,Muar,property,theft_vehicle_motorcar,2022,12
951,Johor,Muar,property,theft_vehicle_motorcar,2023,7
952,Johor,Muar,property,theft_vehicle_motorcycle,2016,140
953,Johor,Muar,property,theft_vehicle_motorcycle,2017,109
954,Johor,Muar,property,theft_vehicle_motorcycle,2018,137
955,Johor,Muar,property,theft_vehicle_motorcycle,2019,81
956,Johor,Muar,property,theft_vehicle_motorcycle,2020,73
957,Johor,Muar,property,theft_vehicle_motorcycle,2021,66
958,Johor,Muar,property,theft_vehicle_motorcycle,2022,47
959,Johor,Muar,property,theft_vehicle_motorcycle,2023,45
960,Johor,Nusajaya,assault,causing_injury,2016,73
961,Johor,Nusajaya,assault,causing_injury,2017,1
962,Johor,Nusajaya,assault,causing_injury,2018,0
963,Johor,Nusajaya,assault,causing_injury,2019,0
964,Johor,Nusajaya,assault,causing_injury,2020,0
965,Johor,Nusajaya,assault,causing_injury,2021,0
966,Johor,Nusajaya,assault,causing_injury,2022,0
967,Johor,Nusajaya,assault,causing_injury,2023,0
968,Johor,Nusajaya,assault,murder,2016,3
969,Johor,Nusajaya,assault,murder,2017,0
970,Johor,Nusajaya,assault,murder,2018,0
971,Johor,Nusajaya,assault,murder,2019,0
972,Johor,Nusajaya,assault,murder,2020,0
973,Johor,Nusajaya,assault,murder,2021,0
974,Johor,Nusajaya,assault,murder,2022,0
975,Johor,Nusajaya,assault,murder,2023,0
976,Johor,Nusajaya,assault,rape,2016,21
977,Johor,Nusajaya,assault,rape,2017,0
978,Johor,Nusajaya,assault,rape,2018,0
979,Johor,Nusajaya,assault,rape,2019,0
980,Johor,Nusajaya,assault,rape,2020,0
981,Johor,Nusajaya,assault,rape,2021,0
982,Johor,Nusajaya,assault,rape,2022,0
983,Johor,Nusajaya,assault,rape,2023,0
984,Johor,Nusajaya,assault,robbery_gang_armed,2016,1
985,Johor,Nusajaya,assault,robbery_gang_armed,2017,0
986,Johor,Nusajaya,assault,robbery_gang_armed,2018,0
987,Johor,Nusajaya,assault,robbery_gang_armed,2019,0
988,Johor,Nusajaya,assault,robbery_gang_armed,2020,0
989,Johor,Nusajaya,assault,robbery_gang_armed,2021,0
990,Johor,Nusajaya,assault,robbery_gang_armed,2022,0
991,Johor,Nusajaya,assault,robbery_gang_armed,2023,0
992,Johor,Nusajaya,assault,robbery_gang_unarmed,2016,80
993,Johor,Nusajaya,assault,robbery_gang_unarmed,2017,0
994,Johor,Nusajaya,assault,robbery_gang_unarmed,2018,0
995,Johor,Nusajaya,assault,robbery_gang_unarmed,2019,0
996,Johor,Nusajaya,assault,robbery_gang_unarmed,2020,0
997,Johor,Nusajaya,assault,robbery_gang_unarmed,2021,0
998,Johor,Nusajaya,assault,robbery_gang_unarmed,2022,0
999,Johor,Nusajaya,assault,robbery_gang_unarmed,2023,0
1000,Johor,Nusajaya,assault,robbery_solo_armed,2016,0
1001,Johor,Nusajaya,assault,robbery_solo_armed,2017,0
1002,Johor,Nusajaya,assault,robbery_solo_armed,2018,0
1003,Johor,Nusajaya,assault,robbery_solo_armed,2019,0
1004,Johor,Nusajaya,assault,robbery_solo_armed,2020,0
1005,Johor,Nusajaya,assault,robbery_solo_armed,2021,0
1006,Johor,Nusajaya,assault,robbery_solo_armed,2022,0
1007,Johor,Nusajaya,assault,robbery_solo_armed,2023,0
1008,Johor,Nusajaya,assault,robbery_solo_unarmed,2016,15
1009,Johor,Nusajaya,assault,robbery_solo_unarmed,2017,0
1010,Johor,Nusajaya,assault,robbery_solo_unarmed,2018,0
1011,Johor,Nusajaya,assault,robbery_solo_unarmed,2019,0
1012,Johor,Nusajaya,assault,robbery_solo_unarmed,2020,0
1013,Johor,Nusajaya,assault,robbery_solo_unarmed,2021,0
1014,Johor,Nusajaya,assault,robbery_solo_unarmed,2022,0
1015,Johor,Nusajaya,assault,robbery_solo_unarmed,2023,0
1016,Johor,Nusajaya,property,break_in,2016,77
1017,Johor,Nusajaya,property,break_in,2017,1
1018,Johor,Nusajaya,property,break_in,2018,0
1019,Johor,Nusajaya,property,break_in,2019,0
1020,Johor,Nusajaya,property,break_in,2020,0
1021,Johor,Nusajaya,property,break_in,2021,1
1022,Johor,Nusajaya,property,break_in,2022,0
1023,Johor,Nusajaya,property,break_in,2023,0
1024,Johor,Nusajaya,property,theft_other,2016,113
1025,Johor,Nusajaya,property,theft_other,2017,0
1026,Johor,Nusajaya,property,theft_other,2018,0
1027,Johor,Nusajaya,property,theft_other,2019,0
1028,Johor,Nusajaya,property,theft_other,2020,0
1029,Johor,Nusajaya,property,theft_other,2021,0
1030,Johor,Nusajaya,property,theft_other,2022,0
1031,Johor,Nusajaya,property,theft_other,2023,0
1032,Johor,Nusajaya,property,theft_vehicle_lorry,2016,27
1033,Johor,Nusajaya,property,theft_vehicle_lorry,2017,0
1034,Johor,Nusajaya,property,theft_vehicle_lorry,2018,0
1035,Johor,Nusajaya,property,theft_vehicle_lorry,2019,0
1036,Johor,Nusajaya,property,theft_vehicle_lorry,2020,0
1037,Johor,Nusajaya,property,theft_vehicle_lorry,2021,0
1038,Johor,Nusajaya,property,theft_vehicle_lorry,2022,0
1039,Johor,Nusajaya,property,theft_vehicle_lorry,2023,0
1040,Johor,Nusajaya,property,theft_vehicle_motorcar,2016,163
1041,Johor,Nusajaya,property,theft_vehicle_motorcar,2017,0
1042,Johor,Nusajaya,property,theft_vehicle_motorcar,2018,0
1043,Johor,Nusajaya,property,theft_vehicle_motorcar,2019,0
1044,Johor,Nusajaya,property,theft_vehicle_motorcar,2020,0
1045,Johor,Nusajaya,property,theft_vehicle_motorcar,2021,0
1046,Johor,Nusajaya,property,theft_vehicle_motorcar,2022,0
1047,Johor,Nusajaya,property,theft_vehicle_motorcar,2023,0
1048,Johor,Nusajaya,property,theft_vehicle_motorcycle,2016,408
1049,Johor,Nusajaya,property,theft_vehicle_motorcycle,2017,2
1050,Johor,Nusajaya,property,theft_vehicle_motorcycle,2018,0
1051,Johor,Nusajaya,property,theft_vehicle_motorcycle,2019,0
1052,Johor,Nusajaya,property,theft_vehicle_motorcycle,2020,0
1053,Johor,Nusajaya,property,theft_vehicle_motorcycle,2021,0
1054,Johor,Nusajaya,property,theft_vehicle_motorcycle,2022,0
1055,Johor,Nusajaya,property,theft_vehicle_motorcycle,2023,0
1056,Johor,Pontian,assault,causing_injury,2016,21
1057,Johor,Pontian,assault,causing_injury,2017,8
1058,Johor,Pontian,assault,causing_injury,2018,18
1059,Johor,Pontian,assault,causing_injury,2019,8
1060,Johor,Pontian,assault,causing_injury,2020,13
1061,Johor,Pontian,assault,causing_injury,2021,14
1062,Johor,Pontian,assault,causing_injury,2022,6
1063,Johor,Pontian,assault,causing_injury,2023,24
1064,Johor,Pontian,assault,murder,2016,2
1065,Johor,Pontian,assault,murder,2017,4
1066,Johor,Pontian,assault,murder,2018,0
1067,Johor,Pontian,assault,murder,2019,0
1068,Johor,Pontian,assault,murder,2020,0
1069,Johor,Pontian,assault,murder,2021,0
1070,Johor,Pontian,assault,murder,2022,0
1071,Johor,Pontian,assault,murder,2023,0
1072,Johor,Pontian,assault,rape,2016,23
1073,Johor,Pontian,assault,rape,2017,2
1074,Johor,Pontian,assault,rape,2018,7
1075,Johor,Pontian,assault,rape,2019,12
1076,Johor,Pontian,assault,rape,2020,11
1077,Johor,Pontian,assault,rape,2021,7
1078,Johor,Pontian,assault,rape,2022,6
1079,Johor,Pontian,assault,rape,2023,9
1080,Johor,Pontian,assault,robbery_gang_armed,2016,0
1081,Johor,Pontian,assault,robbery_gang_armed,2017,0
1082,Johor,Pontian,assault,robbery_gang_armed,2018,0
1083,Johor,Pontian,assault,robbery_gang_armed,2019,0
1084,Johor,Pontian,assault,robbery_gang_armed,2020,0
1085,Johor,Pontian,assault,robbery_gang_armed,2021,0
1086,Johor,Pontian,assault,robbery_gang_armed,2022,0
1087,Johor,Pontian,assault,robbery_gang_armed,2023,0
1088,Johor,Pontian,assault,robbery_gang_unarmed,2016,14
1089,Johor,Pontian,assault,robbery_gang_unarmed,2017,18
1090,Johor,Pontian,assault,robbery_gang_unarmed,2018,23
1091,Johor,Pontian,assault,robbery_gang_unarmed,2019,12
1092,Johor,Pontian,assault,robbery_gang_unarmed,2020,7
1093,Johor,Pontian,assault,robbery_gang_unarmed,2021,6
1094,Johor,Pontian,assault,robbery_gang_unarmed,2022,6
1095,Johor,Pontian,assault,robbery_gang_unarmed,2023,11
1096,Johor,Pontian,assault,robbery_solo_armed,2016,0
1097,Johor,Pontian,assault,robbery_solo_armed,2017,0
1098,Johor,Pontian,assault,robbery_solo_armed,2018,0
1099,Johor,Pontian,assault,robbery_solo_armed,2019,0
1100,Johor,Pontian,assault,robbery_solo_armed,2020,0
1101,Johor,Pontian,assault,robbery_solo_armed,2021,0
1102,Johor,Pontian,assault,robbery_solo_armed,2022,0
1103,Johor,Pontian,assault,robbery_solo_armed,2023,0
1104,Johor,Pontian,assault,robbery_solo_unarmed,2016,3
1105,Johor,Pontian,assault,robbery_solo_unarmed,2017,7
1106,Johor,Pontian,assault,robbery_solo_unarmed,2018,7
1107,Johor,Pontian,assault,robbery_solo_unarmed,2019,9
1108,Johor,Pontian,assault,robbery_solo_unarmed,2020,15
1109,Johor,Pontian,assault,robbery_solo_unarmed,2021,2
1110,Johor,Pontian,assault,robbery_solo_unarmed,2022,0
1111,Johor,Pontian,assault,robbery_solo_unarmed,2023,5
1112,Johor,Pontian,property,break_in,2016,12
1113,Johor,Pontian,property,break_in,2017,12
1114,Johor,Pontian,property,break_in,2018,15
1115,Johor,Pontian,property,break_in,2019,33
1116,Johor,Pontian,property,break_in,2020,30
1117,Johor,Pontian,property,break_in,2021,20
1118,Johor,Pontian,property,break_in,2022,29
1119,Johor,Pontian,property,break_in,2023,61
1120,Johor,Pontian,property,theft_other,2016,44
1121,Johor,Pontian,property,theft_other,2017,30
1122,Johor,Pontian,property,theft_other,2018,42
1123,Johor,Pontian,property,theft_other,2019,45
1124,Johor,Pontian,property,theft_other,2020,29
1125,Johor,Pontian,property,theft_other,2021,25
1126,Johor,Pontian,property,theft_other,2022,22
1127,Johor,Pontian,property,theft_other,2023,74
1128,Johor,Pontian,property,theft_vehicle_lorry,2016,6
1129,Johor,Pontian,property,theft_vehicle_lorry,2017,5
1130,Johor,Pontian,property,theft_vehicle_lorry,2018,7
1131,Johor,Pontian,property,theft_vehicle_lorry,2019,5
1132,Johor,Pontian,property,theft_vehicle_lorry,2020,3
1133,Johor,Pontian,property,theft_vehicle_lorry,2021,0
1134,Johor,Pontian,property,theft_vehicle_lorry,2022,2
1135,Johor,Pontian,property,theft_vehicle_lorry,2023,1
1136,Johor,Pontian,property,theft_vehicle_motorcar,2016,32
1137,Johor,Pontian,property,theft_vehicle_motorcar,2017,50
1138,Johor,Pontian,property,theft_vehicle_motorcar,2018,28
1139,Johor,Pontian,property,theft_vehicle_motorcar,2019,16
1140,Johor,Pontian,property,theft_vehicle_motorcar,2020,15
1141,Johor,Pontian,property,theft_vehicle_motorcar,2021,7
1142,Johor,Pontian,property,theft_vehicle_motorcar,2022,16
1143,Johor,Pontian,property,theft_vehicle_motorcar,2023,9
1144,Johor,Pontian,property,theft_vehicle_motorcycle,2016,136
1145,Johor,Pontian,property,theft_vehicle_motorcycle,2017,150
1146,Johor,Pontian,property,theft_vehicle_motorcycle,2018,136
1147,Johor,Pontian,property,theft_vehicle_motorcycle,2019,136
1148,Johor,Pontian,property,theft_vehicle_motorcycle,2020,67
1149,Johor,Pontian,property,theft_vehicle_motorcycle,2021,34
1150,Johor,Pontian,property,theft_vehicle_motorcycle,2022,36
1151,Johor,Pontian,property,theft_vehicle_motorcycle,2023,36
1152,Johor,Segamat,assault,causing_injury,2016,19
1153,Johor,Segamat,assault,causing_injury,2017,15
1154,Johor,Segamat,assault,causing_injury,2018,25
1155,Johor,Segamat,assault,causing_injury,2019,23
1156,Johor,Segamat,assault,causing_injury,2020,14
1157,Johor,Segamat,assault,causing_injury,2021,20
1158,Johor,Segamat,assault,causing_injury,2022,27
1159,Johor,Segamat,assault,causing_injury,2023,13
1160,Johor,Segamat,assault,murder,2016,1
1161,Johor,Segamat,assault,murder,2017,2
1162,Johor,Segamat,assault,murder,2018,1
1163,Johor,Segamat,assault,murder,2019,1
1164,Johor,Segamat,assault,murder,2020,3
1165,Johor,Segamat,assault,murder,2021,2
1166,Johor,Segamat,assault,murder,2022,2
1167,Johor,Segamat,assault,murder,2023,0
1168,Johor,Segamat,assault,rape,2016,11
1169,Johor,Segamat,assault,rape,2017,4
1170,Johor,Segamat,assault,rape,2018,13
1171,Johor,Segamat,assault,rape,2019,9
1172,Johor,Segamat,assault,rape,2020,10
1173,Johor,Segamat,assault,rape,2021,6
1174,Johor,Segamat,assault,rape,2022,9
1175,Johor,Segamat,assault,rape,2023,7
1176,Johor,Segamat,assault,robbery_gang_armed,2016,0
1177,Johor,Segamat,assault,robbery_gang_armed,2017,0
1178,Johor,Segamat,assault,robbery_gang_armed,2018,0
1179,Johor,Segamat,assault,robbery_gang_armed,2019,0
1180,Johor,Segamat,assault,robbery_gang_armed,2020,0
1181,Johor,Segamat,assault,robbery_gang_armed,2021,0
1182,Johor,Segamat,assault,robbery_gang_armed,2022,0
1183,Johor,Segamat,assault,robbery_gang_armed,2023,0
1184,Johor,Segamat,assault,robbery_gang_unarmed,2016,12
1185,Johor,Segamat,assault,robbery_gang_unarmed,2017,15
1186,Johor,Segamat,assault,robbery_gang_unarmed,2018,8
1187,Johor,Segamat,assault,robbery_gang_unarmed,2019,12
1188,Johor,Segamat,assault,robbery_gang_unarmed,2020,12
1189,Johor,Segamat,assault,robbery_gang_unarmed,2021,1
1190,Johor,Segamat,assault,robbery_gang_unarmed,2022,3
1191,Johor,Segamat,assault,robbery_gang_unarmed,2023,9
1192,Johor,Segamat,assault,robbery_solo_armed,2016,0
1193,Johor,Segamat,assault,robbery_solo_armed,2017,0
1194,Johor,Segamat,assault,robbery_solo_armed,2018,0
1195,Johor,Segamat,assault,robbery_solo_armed,2019,0
1196,Johor,Segamat,assault,robbery_solo_armed,2020,0
1197,Johor,Segamat,assault,robbery_solo_armed,2021,0
1198,Johor,Segamat,assault,robbery_solo_armed,2022,0
1199,Johor,Segamat,assault,robbery_solo_armed,2023,0
1200,Johor,Segamat,assault,robbery_solo_unarmed,2016,14
1201,Johor,Segamat,assault,robbery_solo_unarmed,2017,9
1202,Johor,Segamat,assault,robbery_solo_unarmed,2018,14
1203,Johor,Segamat,assault,robbery_solo_unarmed,2019,25
1204,Johor,Segamat,assault,robbery_solo_unarmed,2020,17
1205,Johor,Segamat,assault,robbery_solo_unarmed,2021,4
1206,Johor,Segamat,assault,robbery_solo_unarmed,2022,11
1207,Johor,Segamat,assault,robbery_solo_unarmed,2023,15
1208,Johor,Segamat,property,break_in,2016,75
1209,Johor,Segamat,property,break_in,2017,73
1210,Johor,Segamat,property,break_in,2018,74
1211,Johor,Segamat,property,break_in,2019,68
1212,Johor,Segamat,property,break_in,2020,71
1213,Johor,Segamat,property,break_in,2021,42
1214,Johor,Segamat,property,break_in,2022,22
1215,Johor,Segamat,property,break_in,2023,46
1216,Johor,Segamat,property,theft_other,2016,48
1217,Johor,Segamat,property,theft_other,2017,100
1218,Johor,Segamat,property,theft_other,2018,102
1219,Johor,Segamat,property,theft_other,2019,100
1220,Johor,Segamat,property,theft_other,2020,58
1221,Johor,Segamat,property,theft_other,2021,68
1222,Johor,Segamat,property,theft_other,2022,54
1223,Johor,Segamat,property,theft_other,2023,52
1224,Johor,Segamat,property,theft_vehicle_lorry,2016,14
1225,Johor,Segamat,property,theft_vehicle_lorry,2017,6
1226,Johor,Segamat,property,theft_vehicle_lorry,2018,9
1227,Johor,Segamat,property,theft_vehicle_lorry,2019,8
1228,Johor,Segamat,property,theft_vehicle_lorry,2020,0
1229,Johor,Segamat,property,theft_vehicle_lorry,2021,4
1230,Johor,Segamat,property,theft_vehicle_lorry,2022,3
1231,Johor,Segamat,property,theft_vehicle_lorry,2023,4
1232,Johor,Segamat,property,theft_vehicle_motorcar,2016,23
1233,Johor,Segamat,property,theft_vehicle_motorcar,2017,17
1234,Johor,Segamat,property,theft_vehicle_motorcar,2018,15
1235,Johor,Segamat,property,theft_vehicle_motorcar,2019,14
1236,Johor,Segamat,property,theft_vehicle_motorcar,2020,17
1237,Johor,Segamat,property,theft_vehicle_motorcar,2021,11
1238,Johor,Segamat,property,theft_vehicle_motorcar,2022,7
1239,Johor,Segamat,property,theft_vehicle_motorcar,2023,12
1240,Johor,Segamat,property,theft_vehicle_motorcycle,2016,135
1241,Johor,Segamat,property,theft_vehicle_motorcycle,2017,129
1242,Johor,Segamat,property,theft_vehicle_motorcycle,2018,99
1243,Johor,Segamat,property,theft_vehicle_motorcycle,2019,85
1244,Johor,Segamat,property,theft_vehicle_motorcycle,2020,85
1245,Johor,Segamat,property,theft_vehicle_motorcycle,2021,40
1246,Johor,Segamat,property,theft_vehicle_motorcycle,2022,38
1247,Johor,Segamat,property,theft_vehicle_motorcycle,2023,24
1248,Johor,Seri Alam,assault,causing_injury,2016,68
1249,Johor,Seri Alam,assault,causing_injury,2017,69
1250,Johor,Seri Alam,assault,causing_injury,2018,56
1251,Johor,Seri Alam,assault,causing_injury,2019,50
1252,Johor,Seri Alam,assault,causing_injury,2020,66
1253,Johor,Seri Alam,assault,causing_injury,2021,54
1254,Johor,Seri Alam,assault,causing_injury,2022,46
1255,Johor,Seri Alam,assault,causing_injury,2023,54
1256,Johor,Seri Alam,assault,murder,2016,8
1257,Johor,Seri Alam,assault,murder,2017,7
1258,Johor,Seri Alam,assault,murder,2018,7
1259,Johor,Seri Alam,assault,murder,2019,5
1260,Johor,Seri Alam,assault,murder,2020,7
1261,Johor,Seri Alam,assault,murder,2021,1
1262,Johor,Seri Alam,assault,murder,2022,3
1263,Johor,Seri Alam,assault,murder,2023,5
1264,Johor,Seri Alam,assault,rape,2016,32
1265,Johor,Seri Alam,assault,rape,2017,40
1266,Johor,Seri Alam,assault,rape,2018,17
1267,Johor,Seri Alam,assault,rape,2019,35
1268,Johor,Seri Alam,assault,rape,2020,24
1269,Johor,Seri Alam,assault,rape,2021,29
1270,Johor,Seri Alam,assault,rape,2022,18
1271,Johor,Seri Alam,assault,rape,2023,31
1272,Johor,Seri Alam,assault,robbery_gang_armed,2016,0
1273,Johor,Seri Alam,assault,robbery_gang_armed,2017,0
1274,Johor,Seri Alam,assault,robbery_gang_armed,2018,0
1275,Johor,Seri Alam,assault,robbery_gang_armed,2019,1
1276,Johor,Seri Alam,assault,robbery_gang_armed,2020,0
1277,Johor,Seri Alam,assault,robbery_gang_armed,2021,0
1278,Johor,Seri Alam,assault,robbery_gang_armed,2022,0
1279,Johor,Seri Alam,assault,robbery_gang_armed,2023,0
1280,Johor,Seri Alam,assault,robbery_gang_unarmed,2016,139
1281,Johor,Seri Alam,assault,robbery_gang_unarmed,2017,116
1282,Johor,Seri Alam,assault,robbery_gang_unarmed,2018,91
1283,Johor,Seri Alam,assault,robbery_gang_unarmed,2019,104
1284,Johor,Seri Alam,assault,robbery_gang_unarmed,2020,37
1285,Johor,Seri Alam,assault,robbery_gang_unarmed,2021,49
1286,Johor,Seri Alam,assault,robbery_gang_unarmed,2022,39
1287,Johor,Seri Alam,assault,robbery_gang_unarmed,2023,59
1288,Johor,Seri Alam,assault,robbery_solo_armed,2016,0
1289,Johor,Seri Alam,assault,robbery_solo_armed,2017,0
1290,Johor,Seri Alam,assault,robbery_solo_armed,2018,0
1291,Johor,Seri Alam,assault,robbery_solo_armed,2019,0
1292,Johor,Seri Alam,assault,robbery_solo_armed,2020,0
1293,Johor,Seri Alam,assault,robbery_solo_armed,2021,0
1294,Johor,Seri Alam,assault,robbery_solo_armed,2022,0
1295,Johor,Seri Alam,assault,robbery_solo_armed,2023,0
1296,Johor,Seri Alam,assault,robbery_solo_unarmed,2016,26
1297,Johor,Seri Alam,assault,robbery_solo_unarmed,2017,21
1298,Johor,Seri Alam,assault,robbery_solo_unarmed,2018,18
1299,Johor,Seri Alam,assault,robbery_solo_unarmed,2019,17
1300,Johor,Seri Alam,assault,robbery_solo_unarmed,2020,63
1301,Johor,Seri Alam,assault,robbery_solo_unarmed,2021,30
1302,Johor,Seri Alam,assault,robbery_solo_unarmed,2022,28
1303,Johor,Seri Alam,assault,robbery_solo_unarmed,2023,24
1304,Johor,Seri Alam,property,break_in,2016,94
1305,Johor,Seri Alam,property,break_in,2017,106
1306,Johor,Seri Alam,property,break_in,2018,132
1307,Johor,Seri Alam,property,break_in,2019,124
1308,Johor,Seri Alam,property,break_in,2020,196
1309,Johor,Seri Alam,property,break_in,2021,171
1310,Johor,Seri Alam,property,break_in,2022,140
1311,Johor,Seri Alam,property,break_in,2023,133
1312,Johor,Seri Alam,property,theft_other,2016,119
1313,Johor,Seri Alam,property,theft_other,2017,136
1314,Johor,Seri Alam,property,theft_other,2018,182
1315,Johor,Seri Alam,property,theft_other,2019,151
1316,Johor,Seri Alam,property,theft_other,2020,171
1317,Johor,Seri Alam,property,theft_other,2021,157
1318,Johor,Seri Alam,property,theft_other,2022,163
1319,Johor,Seri Alam,property,theft_other,2023,196
1320,Johor,Seri Alam,property,theft_vehicle_lorry,2016,121
1321,Johor,Seri Alam,property,theft_vehicle_lorry,2017,63
1322,Johor,Seri Alam,property,theft_vehicle_lorry,2018,60
1323,Johor,Seri Alam,property,theft_vehicle_lorry,2019,45
1324,Johor,Seri Alam,property,theft_vehicle_lorry,2020,33
1325,Johor,Seri Alam,property,theft_vehicle_lorry,2021,24
1326,Johor,Seri Alam,property,theft_vehicle_lorry,2022,16
1327,Johor,Seri Alam,property,theft_vehicle_lorry,2023,14
1328,Johor,Seri Alam,property,theft_vehicle_motorcar,2016,273
1329,Johor,Seri Alam,property,theft_vehicle_motorcar,2017,165
1330,Johor,Seri Alam,property,theft_vehicle_motorcar,2018,168
1331,Johor,Seri Alam,property,theft_vehicle_motorcar,2019,195
1332,Johor,Seri Alam,property,theft_vehicle_motorcar,2020,141
1333,Johor,Seri Alam,property,theft_vehicle_motorcar,2021,87
1334,Johor,Seri Alam,property,theft_vehicle_motorcar,2022,93
1335,Johor,Seri Alam,property,theft_vehicle_motorcar,2023,87
1336,Johor,Seri Alam,property,theft_vehicle_motorcycle,2016,921
1337,Johor,Seri Alam,property,theft_vehicle_motorcycle,2017,751
1338,Johor,Seri Alam,property,theft_vehicle_motorcycle,2018,653
1339,Johor,Seri Alam,property,theft_vehicle_motorcycle,2019,763
1340,Johor,Seri Alam,property,theft_vehicle_motorcycle,2020,577
1341,Johor,Seri Alam,property,theft_vehicle_motorcycle,2021,287
1342,Johor,Seri Alam,property,theft_vehicle_motorcycle,2022,237
1343,Johor,Seri Alam,property,theft_vehicle_motorcycle,2023,268
1344,Kedah,Baling,assault,causing_injury,2016,31
1345,Kedah,Baling,assault,causing_injury,2017,29
1346,Kedah,Baling,assault,causing_injury,2018,26
1347,Kedah,Baling,assault,causing_injury,2019,20
1348,Kedah,Baling,assault,causing_injury,2020,13
1349,Kedah,Baling,assault,causing_injury,2021,17
1350,Kedah,Baling,assault,causing_injury,2022,19
1351,Kedah,Baling,assault,causing_injury,2023,11
1352,Kedah,Baling,assault,murder,2016,2
1353,Kedah,Baling,assault,murder,2017,0
1354,Kedah,Baling,assault,murder,2018,0
1355,Kedah,Baling,assault,murder,2019,1
1356,Kedah,Baling,assault,murder,2020,1
1357,Kedah,Baling,assault,murder,2021,0
1358,Kedah,Baling,assault,murder,2022,1
1359,Kedah,Baling,assault,murder,2023,2
1360,Kedah,Baling,assault,rape,2016,8
1361,Kedah,Baling,assault,rape,2017,11
1362,Kedah,Baling,assault,rape,2018,5
1363,Kedah,Baling,assault,rape,2019,7
1364,Kedah,Baling,assault,rape,2020,5
1365,Kedah,Baling,assault,rape,2021,8
1366,Kedah,Baling,assault,rape,2022,12
1367,Kedah,Baling,assault,rape,2023,11
1368,Kedah,Baling,assault,robbery_gang_armed,2016,0
1369,Kedah,Baling,assault,robbery_gang_armed,2017,0
1370,Kedah,Baling,assault,robbery_gang_armed,2018,0
1371,Kedah,Baling,assault,robbery_gang_armed,2019,0
1372,Kedah,Baling,assault,robbery_gang_armed,2020,0
1373,Kedah,Baling,assault,robbery_gang_armed,2021,0
1374,Kedah,Baling,assault,robbery_gang_armed,2022,0
1375,Kedah,Baling,assault,robbery_gang_armed,2023,0
1376,Kedah,Baling,assault,robbery_gang_unarmed,2016,17
1377,Kedah,Baling,assault,robbery_gang_unarmed,2017,17
1378,Kedah,Baling,assault,robbery_gang_unarmed,2018,15
1379,Kedah,Baling,assault,robbery_gang_unarmed,2019,6
1380,Kedah,Baling,assault,robbery_gang_unarmed,2020,4
1381,Kedah,Baling,assault,robbery_gang_unarmed,2021,11
1382,Kedah,Baling,assault,robbery_gang_unarmed,2022,7
1383,Kedah,Baling,assault,robbery_gang_unarmed,2023,8
1384,Kedah,Baling,assault,robbery_solo_armed,2016,0
1385,Kedah,Baling,assault,robbery_solo_armed,2017,0
1386,Kedah,Baling,assault,robbery_solo_armed,2018,0
1387,Kedah,Baling,assault,robbery_solo_armed,2019,0
1388,Kedah,Baling,assault,robbery_solo_armed,2020,0
1389,Kedah,Baling,assault,robbery_solo_armed,2021,0
1390,Kedah,Baling,assault,robbery_solo_armed,2022,0
1391,Kedah,Baling,assault,robbery_solo_armed,2023,0
1392,Kedah,Baling,assault,robbery_solo_unarmed,2016,11
1393,Kedah,Baling,assault,robbery_solo_unarmed,2017,8
1394,Kedah,Baling,assault,robbery_solo_unarmed,2018,9
1395,Kedah,Baling,assault,robbery_solo_unarmed,2019,2
1396,Kedah,Baling,assault,robbery_solo_unarmed,2020,4
1397,Kedah,Baling,assault,robbery_solo_unarmed,2021,7
1398,Kedah,Baling,assault,robbery_solo_unarmed,2022,8
1399,Kedah,Baling,assault,robbery_solo_unarmed,2023,3
1400,Kedah,Baling,property,break_in,2016,41
1401,Kedah,Baling,property,break_in,2017,46
1402,Kedah,Baling,property,break_in,2018,66
1403,Kedah,Baling,property,break_in,2019,49
1404,Kedah,Baling,property,break_in,2020,50
1405,Kedah,Baling,property,break_in,2021,47
1406,Kedah,Baling,property,break_in,2022,94
1407,Kedah,Baling,property,break_in,2023,89
1408,Kedah,Baling,property,theft_other,2016,65
1409,Kedah,Baling,property,theft_other,2017,43
1410,Kedah,Baling,property,theft_other,2018,47
1411,Kedah,Baling,property,theft_other,2019,50
1412,Kedah,Baling,property,theft_other,2020,49
1413,Kedah,Baling,property,theft_other,2021,52
1414,Kedah,Baling,property,theft_other,2022,84
1415,Kedah,Baling,property,theft_other,2023,78
1416,Kedah,Baling,property,theft_vehicle_lorry,2016,4
1417,Kedah,Baling,property,theft_vehicle_lorry,2017,0
1418,Kedah,Baling,property,theft_vehicle_lorry,2018,0
1419,Kedah,Baling,property,theft_vehicle_lorry,2019,4
1420,Kedah,Baling,property,theft_vehicle_lorry,2020,2
1421,Kedah,Baling,property,theft_vehicle_lorry,2021,0
1422,Kedah,Baling,property,theft_vehicle_lorry,2022,2
1423,Kedah,Baling,property,theft_vehicle_lorry,2023,2
1424,Kedah,Baling,property,theft_vehicle_motorcar,2016,17
1425,Kedah,Baling,property,theft_vehicle_motorcar,2017,13
1426,Kedah,Baling,property,theft_vehicle_motorcar,2018,11
1427,Kedah,Baling,property,theft_vehicle_motorcar,2019,14
1428,Kedah,Baling,property,theft_vehicle_motorcar,2020,11
1429,Kedah,Baling,property,theft_vehicle_motorcar,2021,1
1430,Kedah,Baling,property,theft_vehicle_motorcar,2022,8
1431,Kedah,Baling,property,theft_vehicle_motorcar,2023,13
1432,Kedah,Baling,property,theft_vehicle_motorcycle,2016,224
1433,Kedah,Baling,property,theft_vehicle_motorcycle,2017,153
1434,Kedah,Baling,property,theft_vehicle_motorcycle,2018,157
1435,Kedah,Baling,property,theft_vehicle_motorcycle,2019,153
1436,Kedah,Baling,property,theft_vehicle_motorcycle,2020,74
1437,Kedah,Baling,property,theft_vehicle_motorcycle,2021,65
1438,Kedah,Baling,property,theft_vehicle_motorcycle,2022,80
1439,Kedah,Baling,property,theft_vehicle_motorcycle,2023,75
1440,Kedah,Bandar Baharu,assault,causing_injury,2020,0
1441,Kedah,Bandar Baharu,assault,causing_injury,2021,0
1442,Kedah,Bandar Baharu,assault,causing_injury,2022,8
1443,Kedah,Bandar Baharu,assault,causing_injury,2023,5
1444,Kedah,Bandar Baharu,assault,murder,2020,0
1445,Kedah,Bandar Baharu,assault,murder,2021,0
1446,Kedah,Bandar Baharu,assault,murder,2022,0
1447,Kedah,Bandar Baharu,assault,murder,2023,0
1448,Kedah,Bandar Baharu,assault,rape,2020,2
1449,Kedah,Bandar Baharu,assault,rape,2021,3
1450,Kedah,Bandar Baharu,assault,rape,2022,3
1451,Kedah,Bandar Baharu,assault,rape,2023,3
1452,Kedah,Bandar Baharu,assault,robbery_gang_armed,2020,0
1453,Kedah,Bandar Baharu,assault,robbery_gang_armed,2021,0
1454,Kedah,Bandar Baharu,assault,robbery_gang_armed,2022,0
1455,Kedah,Bandar Baharu,assault,robbery_gang_armed,2023,0
1456,Kedah,Bandar Baharu,assault,robbery_gang_unarmed,2020,1
1457,Kedah,Bandar Baharu,assault,robbery_gang_unarmed,2021,1
1458,Kedah,Bandar Baharu,assault,robbery_gang_unarmed,2022,0
1459,Kedah,Bandar Baharu,assault,robbery_gang_unarmed,2023,3
1460,Kedah,Bandar Baharu,assault,robbery_solo_armed,2020,0
1461,Kedah,Bandar Baharu,assault,robbery_solo_armed,2021,0
1462,Kedah,Bandar Baharu,assault,robbery_solo_armed,2022,0
1463,Kedah,Bandar Baharu,assault,robbery_solo_armed,2023,0
1464,Kedah,Bandar Baharu,assault,robbery_solo_unarmed,2020,1
1465,Kedah,Bandar Baharu,assault,robbery_solo_unarmed,2021,0
1466,Kedah,Bandar Baharu,assault,robbery_solo_unarmed,2022,2
1467,Kedah,Bandar Baharu,assault,robbery_solo_unarmed,2023,3
1468,Kedah,Bandar Baharu,property,break_in,2020,8
1469,Kedah,Bandar Baharu,property,break_in,2021,11
1470,Kedah,Bandar Baharu,property,break_in,2022,13
1471,Kedah,Bandar Baharu,property,break_in,2023,9
1472,Kedah,Bandar Baharu,property,theft_other,2020,10
1473,Kedah,Bandar Baharu,property,theft_other,2021,15
1474,Kedah,Bandar Baharu,property,theft_other,2022,18
1475,Kedah,Bandar Baharu,property,theft_other,2023,18
1476,Kedah,Bandar Baharu,property,theft_vehicle_lorry,2020,1
1477,Kedah,Bandar Baharu,property,theft_vehicle_lorry,2021,0
1478,Kedah,Bandar Baharu,property,theft_vehicle_lorry,2022,0
1479,Kedah,Bandar Baharu,property,theft_vehicle_lorry,2023,0
1480,Kedah,Bandar Baharu,property,theft_vehicle_motorcar,2020,2
1481,Kedah,Bandar Baharu,property,theft_vehicle_motorcar,2021,0
1482,Kedah,Bandar Baharu,property,theft_vehicle_motorcar,2022,0
1483,Kedah,Bandar Baharu,property,theft_vehicle_motorcar,2023,0
1484,Kedah,Bandar Baharu,property,theft_vehicle_motorcycle,2020,10
1485,Kedah,Bandar Baharu,property,theft_vehicle_motorcycle,2021,4
1486,Kedah,Bandar Baharu,property,theft_vehicle_motorcycle,2022,7
1487,Kedah,Bandar Baharu,property,theft_vehicle_motorcycle,2023,4
1488,Kedah,Bandar Bharu,assault,causing_injury,2016,7
1489,Kedah,Bandar Bharu,assault,causing_injury,2017,2
1490,Kedah,Bandar Bharu,assault,causing_injury,2018,3
1491,Kedah,Bandar Bharu,assault,causing_injury,2019,3
1492,Kedah,Bandar Bharu,assault,murder,2016,0
1493,Kedah,Bandar Bharu,assault,murder,2017,0
1494,Kedah,Bandar Bharu,assault,murder,2018,0
1495,Kedah,Bandar Bharu,assault,murder,2019,1
1496,Kedah,Bandar Bharu,assault,rape,2016,1
1497,Kedah,Bandar Bharu,assault,rape,2017,1
1498,Kedah,Bandar Bharu,assault,rape,2018,3
1499,Kedah,Bandar Bharu,assault,rape,2019,0
1500,Kedah,Bandar Bharu,assault,robbery_gang_armed,2016,0
1501,Kedah,Bandar Bharu,assault,robbery_gang_armed,2017,0
1502,Kedah,Bandar Bharu,assault,robbery_gang_armed,2018,0
1503,Kedah,Bandar Bharu,assault,robbery_gang_armed,2019,0
1504,Kedah,Bandar Bharu,assault,robbery_gang_unarmed,2016,8
1505,Kedah,Bandar Bharu,assault,robbery_gang_unarmed,2017,7
1506,Kedah,Bandar Bharu,assault,robbery_gang_unarmed,2018,5
1507,Kedah,Bandar Bharu,assault,robbery_gang_unarmed,2019,7
1508,Kedah,Bandar Bharu,assault,robbery_solo_armed,2016,0
1509,Kedah,Bandar Bharu,assault,robbery_solo_armed,2017,0
1510,Kedah,Bandar Bharu,assault,robbery_solo_armed,2018,0
1511,Kedah,Bandar Bharu,assault,robbery_solo_armed,2019,0
1512,Kedah,Bandar Bharu,assault,robbery_solo_unarmed,2016,4
1513,Kedah,Bandar Bharu,assault,robbery_solo_unarmed,2017,1
1514,Kedah,Bandar Bharu,assault,robbery_solo_unarmed,2018,4
1515,Kedah,Bandar Bharu,assault,robbery_solo_unarmed,2019,3
1516,Kedah,Bandar Bharu,property,break_in,2016,11
1517,Kedah,Bandar Bharu,property,break_in,2017,13
1518,Kedah,Bandar Bharu,property,break_in,2018,13
1519,Kedah,Bandar Bharu,property,break_in,2019,20
1520,Kedah,Bandar Bharu,property,theft_other,2016,12
1521,Kedah,Bandar Bharu,property,theft_other,2017,21
1522,Kedah,Bandar Bharu,property,theft_other,2018,26
1523,Kedah,Bandar Bharu,property,theft_other,2019,16
1524,Kedah,Bandar Bharu,property,theft_vehicle_lorry,2016,1
1525,Kedah,Bandar Bharu,property,theft_vehicle_lorry,2017,0
1526,Kedah,Bandar Bharu,property,theft_vehicle_lorry,2018,1
1527,Kedah,Bandar Bharu,property,theft_vehicle_lorry,2019,0
1528,Kedah,Bandar Bharu,property,theft_vehicle_motorcar,2016,4
1529,Kedah,Bandar Bharu,property,theft_vehicle_motorcar,2017,4
1530,Kedah,Bandar Bharu,property,theft_vehicle_motorcar,2018,1
1531,Kedah,Bandar Bharu,property,theft_vehicle_motorcar,2019,0
1532,Kedah,Bandar Bharu,property,theft_vehicle_motorcycle,2016,24
1533,Kedah,Bandar Bharu,property,theft_vehicle_motorcycle,2017,19
1534,Kedah,Bandar Bharu,property,theft_vehicle_motorcycle,2018,10
1535,Kedah,Bandar Bharu,property,theft_vehicle_motorcycle,2019,8
1536,Kedah,Kota Setar,assault,causing_injury,2016,94
1537,Kedah,Kota Setar,assault,causing_injury,2017,68
1538,Kedah,Kota Setar,assault,causing_injury,2018,64
1539,Kedah,Kota Setar,assault,causing_injury,2019,70
1540,Kedah,Kota Setar,assault,causing_injury,2020,62
1541,Kedah,Kota Setar,assault,causing_injury,2021,66
1542,Kedah,Kota Setar,assault,causing_injury,2022,78
1543,Kedah,Kota Setar,assault,causing_injury,2023,55
1544,Kedah,Kota Setar,assault,murder,2016,2
1545,Kedah,Kota Setar,assault,murder,2017,3
1546,Kedah,Kota Setar,assault,murder,2018,1
1547,Kedah,Kota Setar,assault,murder,2019,2
1548,Kedah,Kota Setar,assault,murder,2020,3
1549,Kedah,Kota Setar,assault,murder,2021,3
1550,Kedah,Kota Setar,assault,murder,2022,3
1551,Kedah,Kota Setar,assault,murder,2023,1
1552,Kedah,Kota Setar,assault,rape,2016,37
1553,Kedah,Kota Setar,assault,rape,2017,22
1554,Kedah,Kota Setar,assault,rape,2018,20
1555,Kedah,Kota Setar,assault,rape,2019,28
1556,Kedah,Kota Setar,assault,rape,2020,21
1557,Kedah,Kota Setar,assault,rape,2021,36
1558,Kedah,Kota Setar,assault,rape,2022,37
1559,Kedah,Kota Setar,assault,rape,2023,45
1560,Kedah,Kota Setar,assault,robbery_gang_armed,2016,0
1561,Kedah,Kota Setar,assault,robbery_gang_armed,2017,0
1562,Kedah,Kota Setar,assault,robbery_gang_armed,2018,0
1563,Kedah,Kota Setar,assault,robbery_gang_armed,2019,0
1564,Kedah,Kota Setar,assault,robbery_gang_armed,2020,0
1565,Kedah,Kota Setar,assault,robbery_gang_armed,2021,0
1566,Kedah,Kota Setar,assault,robbery_gang_armed,2022,0
1567,Kedah,Kota Setar,assault,robbery_gang_armed,2023,0
1568,Kedah,Kota Setar,assault,robbery_gang_unarmed,2016,149
1569,Kedah,Kota Setar,assault,robbery_gang_unarmed,2017,42
1570,Kedah,Kota Setar,assault,robbery_gang_unarmed,2018,83
1571,Kedah,Kota Setar,assault,robbery_gang_unarmed,2019,45
1572,Kedah,Kota Setar,assault,robbery_gang_unarmed,2020,26
1573,Kedah,Kota Setar,assault,robbery_gang_unarmed,2021,38
1574,Kedah,Kota Setar,assault,robbery_gang_unarmed,2022,50
1575,Kedah,Kota Setar,assault,robbery_gang_unarmed,2023,34
1576,Kedah,Kota Setar,assault,robbery_solo_armed,2016,0
1577,Kedah,Kota Setar,assault,robbery_solo_armed,2017,0
1578,Kedah,Kota Setar,assault,robbery_solo_armed,2018,0
1579,Kedah,Kota Setar,assault,robbery_solo_armed,2019,1
1580,Kedah,Kota Setar,assault,robbery_solo_armed,2020,0
1581,Kedah,Kota Setar,assault,robbery_solo_armed,2021,0
1582,Kedah,Kota Setar,assault,robbery_solo_armed,2022,1
1583,Kedah,Kota Setar,assault,robbery_solo_armed,2023,0
1584,Kedah,Kota Setar,assault,robbery_solo_unarmed,2016,61
1585,Kedah,Kota Setar,assault,robbery_solo_unarmed,2017,30
1586,Kedah,Kota Setar,assault,robbery_solo_unarmed,2018,28
1587,Kedah,Kota Setar,assault,robbery_solo_unarmed,2019,35
1588,Kedah,Kota Setar,assault,robbery_solo_unarmed,2020,18
1589,Kedah,Kota Setar,assault,robbery_solo_unarmed,2021,32
1590,Kedah,Kota Setar,assault,robbery_solo_unarmed,2022,46
1591,Kedah,Kota Setar,assault,robbery_solo_unarmed,2023,30
1592,Kedah,Kota Setar,property,break_in,2016,388
1593,Kedah,Kota Setar,property,break_in,2017,344
1594,Kedah,Kota Setar,property,break_in,2018,300
1595,Kedah,Kota Setar,property,break_in,2019,255
1596,Kedah,Kota Setar,property,break_in,2020,191
1597,Kedah,Kota Setar,property,break_in,2021,252
1598,Kedah,Kota Setar,property,break_in,2022,269
1599,Kedah,Kota Setar,property,break_in,2023,374
1600,Kedah,Kota Setar,property,theft_other,2016,327
1601,Kedah,Kota Setar,property,theft_other,2017,177
1602,Kedah,Kota Setar,property,theft_other,2018,171
1603,Kedah,Kota Setar,property,theft_other,2019,189
1604,Kedah,Kota Setar,property,theft_other,2020,159
1605,Kedah,Kota Setar,property,theft_other,2021,184
1606,Kedah,Kota Setar,property,theft_other,2022,388
1607,Kedah,Kota Setar,property,theft_other,2023,337
1608,Kedah,Kota Setar,property,theft_vehicle_lorry,2016,25
1609,Kedah,Kota Setar,property,theft_vehicle_lorry,2017,15
1610,Kedah,Kota Setar,property,theft_vehicle_lorry,2018,9
1611,Kedah,Kota Setar,property,theft_vehicle_lorry,2019,21
1612,Kedah,Kota Setar,property,theft_vehicle_lorry,2020,13
1613,Kedah,Kota Setar,property,theft_vehicle_lorry,2021,6
1614,Kedah,Kota Setar,property,theft_vehicle_lorry,2022,9
1615,Kedah,Kota Setar,property,theft_vehicle_lorry,2023,6
1616,Kedah,Kota Setar,property,theft_vehicle_motorcar,2016,154
1617,Kedah,Kota Setar,property,theft_vehicle_motorcar,2017,80
1618,Kedah,Kota Setar,property,theft_vehicle_motorcar,2018,79
1619,Kedah,Kota Setar,property,theft_vehicle_motorcar,2019,92
1620,Kedah,Kota Setar,property,theft_vehicle_motorcar,2020,47
1621,Kedah,Kota Setar,property,theft_vehicle_motorcar,2021,34
1622,Kedah,Kota Setar,property,theft_vehicle_motorcar,2022,55
1623,Kedah,Kota Setar,property,theft_vehicle_motorcar,2023,46
1624,Kedah,Kota Setar,property,theft_vehicle_motorcycle,2016,755
1625,Kedah,Kota Setar,property,theft_vehicle_motorcycle,2017,771
1626,Kedah,Kota Setar,property,theft_vehicle_motorcycle,2018,652
1627,Kedah,Kota Setar,property,theft_vehicle_motorcycle,2019,550
1628,Kedah,Kota Setar,property,theft_vehicle_motorcycle,2020,394
1629,Kedah,Kota Setar,property,theft_vehicle_motorcycle,2021,274
1630,Kedah,Kota Setar,property,theft_vehicle_motorcycle,2022,269
1631,Kedah,Kota Setar,property,theft_vehicle_motorcycle,2023,245
1632,Kedah,Kuala Muda,assault,causing_injury,2016,108
1633,Kedah,Kuala Muda,assault,causing_injury,2017,127
1634,Kedah,Kuala Muda,assault,causing_injury,2018,127
1635,Kedah,Kuala Muda,assault,causing_injury,2019,97
1636,Kedah,Kuala Muda,assault,causing_injury,2020,64
1637,Kedah,Kuala Muda,assault,causing_injury,2021,71
1638,Kedah,Kuala Muda,assault,causing_injury,2022,46
1639,Kedah,Kuala Muda,assault,causing_injury,2023,52
1640,Kedah,Kuala Muda,assault,murder,2016,6
1641,Kedah,Kuala Muda,assault,murder,2017,7
1642,Kedah,Kuala Muda,assault,murder,2018,5
1643,Kedah,Kuala Muda,assault,murder,2019,3
1644,Kedah,Kuala Muda,assault,murder,2020,4
1645,Kedah,Kuala Muda,assault,murder,2021,5
1646,Kedah,Kuala Muda,assault,murder,2022,7
1647,Kedah,Kuala Muda,assault,murder,2023,8
1648,Kedah,Kuala Muda,assault,rape,2016,29
1649,Kedah,Kuala Muda,assault,rape,2017,32
1650,Kedah,Kuala Muda,assault,rape,2018,32
1651,Kedah,Kuala Muda,assault,rape,2019,29
1652,Kedah,Kuala Muda,assault,rape,2020,26
1653,Kedah,Kuala Muda,assault,rape,2021,31
1654,Kedah,Kuala Muda,assault,rape,2022,28
1655,Kedah,Kuala Muda,assault,rape,2023,28
1656,Kedah,Kuala Muda,assault,robbery_gang_armed,2016,1
1657,Kedah,Kuala Muda,assault,robbery_gang_armed,2017,1
1658,Kedah,Kuala Muda,assault,robbery_gang_armed,2018,1
1659,Kedah,Kuala Muda,assault,robbery_gang_armed,2019,1
1660,Kedah,Kuala Muda,assault,robbery_gang_armed,2020,0
1661,Kedah,Kuala Muda,assault,robbery_gang_armed,2021,0
1662,Kedah,Kuala Muda,assault,robbery_gang_armed,2022,0
1663,Kedah,Kuala Muda,assault,robbery_gang_armed,2023,0
1664,Kedah,Kuala Muda,assault,robbery_gang_unarmed,2016,169
1665,Kedah,Kuala Muda,assault,robbery_gang_unarmed,2017,140
1666,Kedah,Kuala Muda,assault,robbery_gang_unarmed,2018,141
1667,Kedah,Kuala Muda,assault,robbery_gang_unarmed,2019,133
1668,Kedah,Kuala Muda,assault,robbery_gang_unarmed,2020,35
1669,Kedah,Kuala Muda,assault,robbery_gang_unarmed,2021,66
1670,Kedah,Kuala Muda,assault,robbery_gang_unarmed,2022,60
1671,Kedah,Kuala Muda,assault,robbery_gang_unarmed,2023,40
1672,Kedah,Kuala Muda,assault,robbery_solo_armed,2016,0
1673,Kedah,Kuala Muda,assault,robbery_solo_armed,2017,0
1674,Kedah,Kuala Muda,assault,robbery_solo_armed,2018,0
1675,Kedah,Kuala Muda,assault,robbery_solo_armed,2019,1
1676,Kedah,Kuala Muda,assault,robbery_solo_armed,2020,0
1677,Kedah,Kuala Muda,assault,robbery_solo_armed,2021,0
1678,Kedah,Kuala Muda,assault,robbery_solo_armed,2022,0
1679,Kedah,Kuala Muda,assault,robbery_solo_armed,2023,0
1680,Kedah,Kuala Muda,assault,robbery_solo_unarmed,2016,52
1681,Kedah,Kuala Muda,assault,robbery_solo_unarmed,2017,65
1682,Kedah,Kuala Muda,assault,robbery_solo_unarmed,2018,65
1683,Kedah,Kuala Muda,assault,robbery_solo_unarmed,2019,60
1684,Kedah,Kuala Muda,assault,robbery_solo_unarmed,2020,80
1685,Kedah,Kuala Muda,assault,robbery_solo_unarmed,2021,25
1686,Kedah,Kuala Muda,assault,robbery_solo_unarmed,2022,73
1687,Kedah,Kuala Muda,assault,robbery_solo_unarmed,2023,22
1688,Kedah,Kuala Muda,property,break_in,2016,294
1689,Kedah,Kuala Muda,property,break_in,2017,375
1690,Kedah,Kuala Muda,property,break_in,2018,360
1691,Kedah,Kuala Muda,property,break_in,2019,424
1692,Kedah,Kuala Muda,property,break_in,2020,375
1693,Kedah,Kuala Muda,property,break_in,2021,367
1694,Kedah,Kuala Muda,property,break_in,2022,361
1695,Kedah,Kuala Muda,property,break_in,2023,416
1696,Kedah,Kuala Muda,property,theft_other,2016,271
1697,Kedah,Kuala Muda,property,theft_other,2017,272
1698,Kedah,Kuala Muda,property,theft_other,2018,319
1699,Kedah,Kuala Muda,property,theft_other,2019,253
1700,Kedah,Kuala Muda,property,theft_other,2020,169
1701,Kedah,Kuala Muda,property,theft_other,2021,150
1702,Kedah,Kuala Muda,property,theft_other,2022,274
1703,Kedah,Kuala Muda,property,theft_other,2023,339
1704,Kedah,Kuala Muda,property,theft_vehicle_lorry,2016,43
1705,Kedah,Kuala Muda,property,theft_vehicle_lorry,2017,23
1706,Kedah,Kuala Muda,property,theft_vehicle_lorry,2018,19
1707,Kedah,Kuala Muda,property,theft_vehicle_lorry,2019,41
1708,Kedah,Kuala Muda,property,theft_vehicle_lorry,2020,14
1709,Kedah,Kuala Muda,property,theft_vehicle_lorry,2021,14
1710,Kedah,Kuala Muda,property,theft_vehicle_lorry,2022,7
1711,Kedah,Kuala Muda,property,theft_vehicle_lorry,2023,21
1712,Kedah,Kuala Muda,property,theft_vehicle_motorcar,2016,197
1713,Kedah,Kuala Muda,property,theft_vehicle_motorcar,2017,170
1714,Kedah,Kuala Muda,property,theft_vehicle_motorcar,2018,174
1715,Kedah,Kuala Muda,property,theft_vehicle_motorcar,2019,115
1716,Kedah,Kuala Muda,property,theft_vehicle_motorcar,2020,91
1717,Kedah,Kuala Muda,property,theft_vehicle_motorcar,2021,60
1718,Kedah,Kuala Muda,property,theft_vehicle_motorcar,2022,70
1719,Kedah,Kuala Muda,property,theft_vehicle_motorcar,2023,72
1720,Kedah,Kuala Muda,property,theft_vehicle_motorcycle,2016,886
1721,Kedah,Kuala Muda,property,theft_vehicle_motorcycle,2017,865
1722,Kedah,Kuala Muda,property,theft_vehicle_motorcycle,2018,730
1723,Kedah,Kuala Muda,property,theft_vehicle_motorcycle,2019,652
1724,Kedah,Kuala Muda,property,theft_vehicle_motorcycle,2020,400
1725,Kedah,Kuala Muda,property,theft_vehicle_motorcycle,2021,398
1726,Kedah,Kuala Muda,property,theft_vehicle_motorcycle,2022,348
1727,Kedah,Kuala Muda,property,theft_vehicle_motorcycle,2023,320
1728,Kedah,Kubang Pasu,assault,causing_injury,2016,46
1729,Kedah,Kubang Pasu,assault,causing_injury,2017,34
1730,Kedah,Kubang Pasu,assault,causing_injury,2018,37
1731,Kedah,Kubang Pasu,assault,causing_injury,2019,37
1732,Kedah,Kubang Pasu,assault,causing_injury,2020,33
1733,Kedah,Kubang Pasu,assault,causing_injury,2021,18
1734,Kedah,Kubang Pasu,assault,causing_injury,2022,34
1735,Kedah,Kubang Pasu,assault,causing_injury,2023,27
1736,Kedah,Kubang Pasu,assault,murder,2016,1
1737,Kedah,Kubang Pasu,assault,murder,2017,4
1738,Kedah,Kubang Pasu,assault,murder,2018,0
1739,Kedah,Kubang Pasu,assault,murder,2019,2
1740,Kedah,Kubang Pasu,assault,murder,2020,2
1741,Kedah,Kubang Pasu,assault,murder,2021,1
1742,Kedah,Kubang Pasu,assault,murder,2022,3
1743,Kedah,Kubang Pasu,assault,murder,2023,2
1744,Kedah,Kubang Pasu,assault,rape,2016,20
1745,Kedah,Kubang Pasu,assault,rape,2017,6
1746,Kedah,Kubang Pasu,assault,rape,2018,14
1747,Kedah,Kubang Pasu,assault,rape,2019,14
1748,Kedah,Kubang Pasu,assault,rape,2020,14
1749,Kedah,Kubang Pasu,assault,rape,2021,14
1750,Kedah,Kubang Pasu,assault,rape,2022,16
1751,Kedah,Kubang Pasu,assault,rape,2023,27
1752,Kedah,Kubang Pasu,assault,robbery_gang_armed,2016,1
1753,Kedah,Kubang Pasu,assault,robbery_gang_armed,2017,1
1754,Kedah,Kubang Pasu,assault,robbery_gang_armed,2018,0
1755,Kedah,Kubang Pasu,assault,robbery_gang_armed,2019,0
1756,Kedah,Kubang Pasu,assault,robbery_gang_armed,2020,0
1757,Kedah,Kubang Pasu,assault,robbery_gang_armed,2021,1
1758,Kedah,Kubang Pasu,assault,robbery_gang_armed,2022,0
1759,Kedah,Kubang Pasu,assault,robbery_gang_armed,2023,0
1760,Kedah,Kubang Pasu,assault,robbery_gang_unarmed,2016,31
1761,Kedah,Kubang Pasu,assault,robbery_gang_unarmed,2017,32
1762,Kedah,Kubang Pasu,assault,robbery_gang_unarmed,2018,29
1763,Kedah,Kubang Pasu,assault,robbery_gang_unarmed,2019,27
1764,Kedah,Kubang Pasu,assault,robbery_gang_unarmed,2020,5
1765,Kedah,Kubang Pasu,assault,robbery_gang_unarmed,2021,7
1766,Kedah,Kubang Pasu,assault,robbery_gang_unarmed,2022,18
1767,Kedah,Kubang Pasu,assault,robbery_gang_unarmed,2023,9
1768,Kedah,Kubang Pasu,assault,robbery_solo_armed,2016,0
1769,Kedah,Kubang Pasu,assault,robbery_solo_armed,2017,0
1770,Kedah,Kubang Pasu,assault,robbery_solo_armed,2018,0
1771,Kedah,Kubang Pasu,assault,robbery_solo_armed,2019,0
1772,Kedah,Kubang Pasu,assault,robbery_solo_armed,2020,0
1773,Kedah,Kubang Pasu,assault,robbery_solo_armed,2021,0
1774,Kedah,Kubang Pasu,assault,robbery_solo_armed,2022,0
1775,Kedah,Kubang Pasu,assault,robbery_solo_armed,2023,0
1776,Kedah,Kubang Pasu,assault,robbery_solo_unarmed,2016,19
1777,Kedah,Kubang Pasu,assault,robbery_solo_unarmed,2017,15
1778,Kedah,Kubang Pasu,assault,robbery_solo_unarmed,2018,13
1779,Kedah,Kubang Pasu,assault,robbery_solo_unarmed,2019,16
1780,Kedah,Kubang Pasu,assault,robbery_solo_unarmed,2020,17
1781,Kedah,Kubang Pasu,assault,robbery_solo_unarmed,2021,5
1782,Kedah,Kubang Pasu,assault,robbery_solo_unarmed,2022,15
1783,Kedah,Kubang Pasu,assault,robbery_solo_unarmed,2023,9
1784,Kedah,Kubang Pasu,property,break_in,2016,168
1785,Kedah,Kubang Pasu,property,break_in,2017,237
1786,Kedah,Kubang Pasu,property,break_in,2018,140
1787,Kedah,Kubang Pasu,property,break_in,2019,95
1788,Kedah,Kubang Pasu,property,break_in,2020,91
1789,Kedah,Kubang Pasu,property,break_in,2021,72
1790,Kedah,Kubang Pasu,property,break_in,2022,77
1791,Kedah,Kubang Pasu,property,break_in,2023,97
1792,Kedah,Kubang Pasu,property,theft_other,2016,145
1793,Kedah,Kubang Pasu,property,theft_other,2017,175
1794,Kedah,Kubang Pasu,property,theft_other,2018,142
1795,Kedah,Kubang Pasu,property,theft_other,2019,102
1796,Kedah,Kubang Pasu,property,theft_other,2020,94
1797,Kedah,Kubang Pasu,property,theft_other,2021,89
1798,Kedah,Kubang Pasu,property,theft_other,2022,149
1799,Kedah,Kubang Pasu,property,theft_other,2023,135
1800,Kedah,Kubang Pasu,property,theft_vehicle_lorry,2016,7
1801,Kedah,Kubang Pasu,property,theft_vehicle_lorry,2017,3
1802,Kedah,Kubang Pasu,property,theft_vehicle_lorry,2018,5
1803,Kedah,Kubang Pasu,property,theft_vehicle_lorry,2019,1
1804,Kedah,Kubang Pasu,property,theft_vehicle_lorry,2020,5
1805,Kedah,Kubang Pasu,property,theft_vehicle_lorry,2021,1
1806,Kedah,Kubang Pasu,property,theft_vehicle_lorry,2022,4
1807,Kedah,Kubang Pasu,property,theft_vehicle_lorry,2023,3
1808,Kedah,Kubang Pasu,property,theft_vehicle_motorcar,2016,36
1809,Kedah,Kubang Pasu,property,theft_vehicle_motorcar,2017,18
1810,Kedah,Kubang Pasu,property,theft_vehicle_motorcar,2018,22
1811,Kedah,Kubang Pasu,property,theft_vehicle_motorcar,2019,20
1812,Kedah,Kubang Pasu,property,theft_vehicle_motorcar,2020,22
1813,Kedah,Kubang Pasu,property,theft_vehicle_motorcar,2021,12
1814,Kedah,Kubang Pasu,property,theft_vehicle_motorcar,2022,4
1815,Kedah,Kubang Pasu,property,theft_vehicle_motorcar,2023,17
1816,Kedah,Kubang Pasu,property,theft_vehicle_motorcycle,2016,318
1817,Kedah,Kubang Pasu,property,theft_vehicle_motorcycle,2017,240
1818,Kedah,Kubang Pasu,property,theft_vehicle_motorcycle,2018,192
1819,Kedah,Kubang Pasu,property,theft_vehicle_motorcycle,2019,187
1820,Kedah,Kubang Pasu,property,theft_vehicle_motorcycle,2020,135
1821,Kedah,Kubang Pasu,property,theft_vehicle_motorcycle,2021,74
1822,Kedah,Kubang Pasu,property,theft_vehicle_motorcycle,2022,98
1823,Kedah,Kubang Pasu,property,theft_vehicle_motorcycle,2023,77
1824,Kedah,Kulim,assault,causing_injury,2016,46
1825,Kedah,Kulim,assault,causing_injury,2017,62
1826,Kedah,Kulim,assault,causing_injury,2018,48
1827,Kedah,Kulim,assault,causing_injury,2019,45
1828,Kedah,Kulim,assault,causing_injury,2020,53
1829,Kedah,Kulim,assault,causing_injury,2021,51
1830,Kedah,Kulim,assault,causing_injury,2022,67
1831,Kedah,Kulim,assault,causing_injury,2023,66
1832,Kedah,Kulim,assault,murder,2016,4
1833,Kedah,Kulim,assault,murder,2017,3
1834,Kedah,Kulim,assault,murder,2018,1
1835,Kedah,Kulim,assault,murder,2019,5
1836,Kedah,Kulim,assault,murder,2020,1
1837,Kedah,Kulim,assault,murder,2021,1
1838,Kedah,Kulim,assault,murder,2022,1
1839,Kedah,Kulim,assault,murder,2023,6
1840,Kedah,Kulim,assault,rape,2016,24
1841,Kedah,Kulim,assault,rape,2017,22
1842,Kedah,Kulim,assault,rape,2018,17
1843,Kedah,Kulim,assault,rape,2019,19
1844,Kedah,Kulim,assault,rape,2020,16
1845,Kedah,Kulim,assault,rape,2021,15
1846,Kedah,Kulim,assault,rape,2022,20
1847,Kedah,Kulim,assault,rape,2023,25
1848,Kedah,Kulim,assault,robbery_gang_armed,2016,0
1849,Kedah,Kulim,assault,robbery_gang_armed,2017,0
1850,Kedah,Kulim,assault,robbery_gang_armed,2018,0
1851,Kedah,Kulim,assault,robbery_gang_armed,2019,0
1852,Kedah,Kulim,assault,robbery_gang_armed,2020,0
1853,Kedah,Kulim,assault,robbery_gang_armed,2021,0
1854,Kedah,Kulim,assault,robbery_gang_armed,2022,0
1855,Kedah,Kulim,assault,robbery_gang_armed,2023,0
1856,Kedah,Kulim,assault,robbery_gang_unarmed,2016,52
1857,Kedah,Kulim,assault,robbery_gang_unarmed,2017,65
1858,Kedah,Kulim,assault,robbery_gang_unarmed,2018,49
1859,Kedah,Kulim,assault,robbery_gang_unarmed,2019,33
1860,Kedah,Kulim,assault,robbery_gang_unarmed,2020,12
1861,Kedah,Kulim,assault,robbery_gang_unarmed,2021,51
1862,Kedah,Kulim,assault,robbery_gang_unarmed,2022,67
1863,Kedah,Kulim,assault,robbery_gang_unarmed,2023,32
1864,Kedah,Kulim,assault,robbery_solo_armed,2016,0
1865,Kedah,Kulim,assault,robbery_solo_armed,2017,0
1866,Kedah,Kulim,assault,robbery_solo_armed,2018,0
1867,Kedah,Kulim,assault,robbery_solo_armed,2019,0
1868,Kedah,Kulim,assault,robbery_solo_armed,2020,0
1869,Kedah,Kulim,assault,robbery_solo_armed,2021,0
1870,Kedah,Kulim,assault,robbery_solo_armed,2022,0
1871,Kedah,Kulim,assault,robbery_solo_armed,2023,0
1872,Kedah,Kulim,assault,robbery_solo_unarmed,2016,23
1873,Kedah,Kulim,assault,robbery_solo_unarmed,2017,19
1874,Kedah,Kulim,assault,robbery_solo_unarmed,2018,16
1875,Kedah,Kulim,assault,robbery_solo_unarmed,2019,26
1876,Kedah,Kulim,assault,robbery_solo_unarmed,2020,34
1877,Kedah,Kulim,assault,robbery_solo_unarmed,2021,26
1878,Kedah,Kulim,assault,robbery_solo_unarmed,2022,32
1879,Kedah,Kulim,assault,robbery_solo_unarmed,2023,29
1880,Kedah,Kulim,property,break_in,2016,216
1881,Kedah,Kulim,property,break_in,2017,168
1882,Kedah,Kulim,property,break_in,2018,133
1883,Kedah,Kulim,property,break_in,2019,140
1884,Kedah,Kulim,property,break_in,2020,104
1885,Kedah,Kulim,property,break_in,2021,123
1886,Kedah,Kulim,property,break_in,2022,171
1887,Kedah,Kulim,property,break_in,2023,177
1888,Kedah,Kulim,property,theft_other,2016,127
1889,Kedah,Kulim,property,theft_other,2017,161
1890,Kedah,Kulim,property,theft_other,2018,120
1891,Kedah,Kulim,property,theft_other,2019,93
1892,Kedah,Kulim,property,theft_other,2020,80
1893,Kedah,Kulim,property,theft_other,2021,139
1894,Kedah,Kulim,property,theft_other,2022,226
1895,Kedah,Kulim,property,theft_other,2023,145
1896,Kedah,Kulim,property,theft_vehicle_lorry,2016,26
1897,Kedah,Kulim,property,theft_vehicle_lorry,2017,32
1898,Kedah,Kulim,property,theft_vehicle_lorry,2018,19
1899,Kedah,Kulim,property,theft_vehicle_lorry,2019,8
1900,Kedah,Kulim,property,theft_vehicle_lorry,2020,7
1901,Kedah,Kulim,property,theft_vehicle_lorry,2021,3
1902,Kedah,Kulim,property,theft_vehicle_lorry,2022,4
1903,Kedah,Kulim,property,theft_vehicle_lorry,2023,5
1904,Kedah,Kulim,property,theft_vehicle_motorcar,2016,67
1905,Kedah,Kulim,property,theft_vehicle_motorcar,2017,71
1906,Kedah,Kulim,property,theft_vehicle_motorcar,2018,55
1907,Kedah,Kulim,property,theft_vehicle_motorcar,2019,40
1908,Kedah,Kulim,property,theft_vehicle_motorcar,2020,39
1909,Kedah,Kulim,property,theft_vehicle_motorcar,2021,21
1910,Kedah,Kulim,property,theft_vehicle_motorcar,2022,22
1911,Kedah,Kulim,property,theft_vehicle_motorcar,2023,33
1912,Kedah,Kulim,property,theft_vehicle_motorcycle,2016,473
1913,Kedah,Kulim,property,theft_vehicle_motorcycle,2017,415
1914,Kedah,Kulim,property,theft_vehicle_motorcycle,2018,400
1915,Kedah,Kulim,property,theft_vehicle_motorcycle,2019,317
1916,Kedah,Kulim,property,theft_vehicle_motorcycle,2020,169
1917,Kedah,Kulim,property,theft_vehicle_motorcycle,2021,112
1918,Kedah,Kulim,property,theft_vehicle_motorcycle,2022,78
1919,Kedah,Kulim,property,theft_vehicle_motorcycle,2023,103
1920,Kedah,Langkawi,assault,causing_injury,2016,31
1921,Kedah,Langkawi,assault,causing_injury,2017,18
1922,Kedah,Langkawi,assault,causing_injury,2018,16
1923,Kedah,Langkawi,assault,causing_injury,2019,26
1924,Kedah,Langkawi,assault,causing_injury,2020,27
1925,Kedah,Langkawi,assault,causing_injury,2021,17
1926,Kedah,Langkawi,assault,causing_injury,2022,16
1927,Kedah,Langkawi,assault,causing_injury,2023,18
1928,Kedah,Langkawi,assault,murder,2016,1
1929,Kedah,Langkawi,assault,murder,2017,3
1930,Kedah,Langkawi,assault,murder,2018,2
1931,Kedah,Langkawi,assault,murder,2019,1
1932,Kedah,Langkawi,assault,murder,2020,2
1933,Kedah,Langkawi,assault,murder,2021,0
1934,Kedah,Langkawi,assault,murder,2022,0
1935,Kedah,Langkawi,assault,murder,2023,0
1936,Kedah,Langkawi,assault,rape,2016,16
1937,Kedah,Langkawi,assault,rape,2017,6
1938,Kedah,Langkawi,assault,rape,2018,13
1939,Kedah,Langkawi,assault,rape,2019,28
1940,Kedah,Langkawi,assault,rape,2020,16
1941,Kedah,Langkawi,assault,rape,2021,21
1942,Kedah,Langkawi,assault,rape,2022,21
1943,Kedah,Langkawi,assault,rape,2023,17
1944,Kedah,Langkawi,assault,robbery_gang_armed,2016,0
1945,Kedah,Langkawi,assault,robbery_gang_armed,2017,0
1946,Kedah,Langkawi,assault,robbery_gang_armed,2018,1
1947,Kedah,Langkawi,assault,robbery_gang_armed,2019,0
1948,Kedah,Langkawi,assault,robbery_gang_armed,2020,0
1949,Kedah,Langkawi,assault,robbery_gang_armed,2021,0
1950,Kedah,Langkawi,assault,robbery_gang_armed,2022,0
1951,Kedah,Langkawi,assault,robbery_gang_armed,2023,0
1952,Kedah,Langkawi,assault,robbery_gang_unarmed,2016,5
1953,Kedah,Langkawi,assault,robbery_gang_unarmed,2017,8
1954,Kedah,Langkawi,assault,robbery_gang_unarmed,2018,9
1955,Kedah,Langkawi,assault,robbery_gang_unarmed,2019,4
1956,Kedah,Langkawi,assault,robbery_gang_unarmed,2020,9
1957,Kedah,Langkawi,assault,robbery_gang_unarmed,2021,3
1958,Kedah,Langkawi,assault,robbery_gang_unarmed,2022,2
1959,Kedah,Langkawi,assault,robbery_gang_unarmed,2023,3
1960,Kedah,Langkawi,assault,robbery_solo_armed,2016,2
1961,Kedah,Langkawi,assault,robbery_solo_armed,2017,0
1962,Kedah,Langkawi,assault,robbery_solo_armed,2018,0
1963,Kedah,Langkawi,assault,robbery_solo_armed,2019,0
1964,Kedah,Langkawi,assault,robbery_solo_armed,2020,0
1965,Kedah,Langkawi,assault,robbery_solo_armed,2021,0
1966,Kedah,Langkawi,assault,robbery_solo_armed,2022,0
1967,Kedah,Langkawi,assault,robbery_solo_armed,2023,0
1968,Kedah,Langkawi,assault,robbery_solo_unarmed,2016,4
1969,Kedah,Langkawi,assault,robbery_solo_unarmed,2017,7
1970,Kedah,Langkawi,assault,robbery_solo_unarmed,2018,13
1971,Kedah,Langkawi,assault,robbery_solo_unarmed,2019,13
1972,Kedah,Langkawi,assault,robbery_solo_unarmed,2020,2
1973,Kedah,Langkawi,assault,robbery_solo_unarmed,2021,5
1974,Kedah,Langkawi,assault,robbery_solo_unarmed,2022,4
1975,Kedah,Langkawi,assault,robbery_solo_unarmed,2023,6
1976,Kedah,Langkawi,property,break_in,2016,96
1977,Kedah,Langkawi,property,break_in,2017,80
1978,Kedah,Langkawi,property,break_in,2018,56
1979,Kedah,Langkawi,property,break_in,2019,83
1980,Kedah,Langkawi,property,break_in,2020,68
1981,Kedah,Langkawi,property,break_in,2021,61
1982,Kedah,Langkawi,property,break_in,2022,70
1983,Kedah,Langkawi,property,break_in,2023,58
1984,Kedah,Langkawi,property,theft_other,2016,143
1985,Kedah,Langkawi,property,theft_other,2017,154
1986,Kedah,Langkawi,property,theft_other,2018,180
1987,Kedah,Langkawi,property,theft_other,2019,146
1988,Kedah,Langkawi,property,theft_other,2020,115
1989,Kedah,Langkawi,property,theft_other,2021,111
1990,Kedah,Langkawi,property,theft_other,2022,83
1991,Kedah,Langkawi,property,theft_other,2023,90
1992,Kedah,Langkawi,property,theft_vehicle_lorry,2016,1
1993,Kedah,Langkawi,property,theft_vehicle_lorry,2017,0
1994,Kedah,Langkawi,property,theft_vehicle_lorry,2018,0
1995,Kedah,Langkawi,property,theft_vehicle_lorry,2019,1
1996,Kedah,Langkawi,property,theft_vehicle_lorry,2020,0
1997,Kedah,Langkawi,property,theft_vehicle_lorry,2021,0
1998,Kedah,Langkawi,property,theft_vehicle_lorry,2022,0
1999,Kedah,Langkawi,property,theft_vehicle_lorry,2023,0
2000,Kedah,Langkawi,property,theft_vehicle_motorcar,2016,6
2001,Kedah,Langkawi,property,theft_vehicle_motorcar,2017,2
2002,Kedah,Langkawi,property,theft_vehicle_motorcar,2018,3
2003,Kedah,Langkawi,property,theft_vehicle_motorcar,2019,2
2004,Kedah,Langkawi,property,theft_vehicle_motorcar,2020,1
2005,Kedah,Langkawi,property,theft_vehicle_motorcar,2021,2
2006,Kedah,Langkawi,property,theft_vehicle_motorcar,2022,0
2007,Kedah,Langkawi,property,theft_vehicle_motorcar,2023,0
2008,Kedah,Langkawi,property,theft_vehicle_motorcycle,2016,142
2009,Kedah,Langkawi,property,theft_vehicle_motorcycle,2017,117
2010,Kedah,Langkawi,property,theft_vehicle_motorcycle,2018,116
2011,Kedah,Langkawi,property,theft_vehicle_motorcycle,2019,106
2012,Kedah,Langkawi,property,theft_vehicle_motorcycle,2020,85
2013,Kedah,Langkawi,property,theft_vehicle_motorcycle,2021,42
2014,Kedah,Langkawi,property,theft_vehicle_motorcycle,2022,47
2015,Kedah,Langkawi,property,theft_vehicle_motorcycle,2023,52
2016,Kedah,Padang Terap,assault,causing_injury,2016,9
2017,Kedah,Padang Terap,assault,causing_injury,2017,8
2018,Kedah,Padang Terap,assault,causing_injury,2018,6
2019,Kedah,Padang Terap,assault,causing_injury,2019,15
2020,Kedah,Padang Terap,assault,causing_injury,2020,8
2021,Kedah,Padang Terap,assault,causing_injury,2021,13
2022,Kedah,Padang Terap,assault,causing_injury,2022,19
2023,Kedah,Padang Terap,assault,causing_injury,2023,14
2024,Kedah,Padang Terap,assault,murder,2016,1
2025,Kedah,Padang Terap,assault,murder,2017,0
2026,Kedah,Padang Terap,assault,murder,2018,0
2027,Kedah,Padang Terap,assault,murder,2019,2
2028,Kedah,Padang Terap,assault,murder,2020,0
2029,Kedah,Padang Terap,assault,murder,2021,1
2030,Kedah,Padang Terap,assault,murder,2022,0
2031,Kedah,Padang Terap,assault,murder,2023,0
2032,Kedah,Padang Terap,assault,rape,2016,10
2033,Kedah,Padang Terap,assault,rape,2017,7
2034,Kedah,Padang Terap,assault,rape,2018,6
2035,Kedah,Padang Terap,assault,rape,2019,6
2036,Kedah,Padang Terap,assault,rape,2020,6
2037,Kedah,Padang Terap,assault,rape,2021,3
2038,Kedah,Padang Terap,assault,rape,2022,8
2039,Kedah,Padang Terap,assault,rape,2023,7
2040,Kedah,Padang Terap,assault,robbery_gang_armed,2016,0
2041,Kedah,Padang Terap,assault,robbery_gang_armed,2017,0
2042,Kedah,Padang Terap,assault,robbery_gang_armed,2018,0
2043,Kedah,Padang Terap,assault,robbery_gang_armed,2019,1
2044,Kedah,Padang Terap,assault,robbery_gang_armed,2020,0
2045,Kedah,Padang Terap,assault,robbery_gang_armed,2021,0
2046,Kedah,Padang Terap,assault,robbery_gang_armed,2022,0
2047,Kedah,Padang Terap,assault,robbery_gang_armed,2023,0
2048,Kedah,Padang Terap,assault,robbery_gang_unarmed,2016,4
2049,Kedah,Padang Terap,assault,robbery_gang_unarmed,2017,6
2050,Kedah,Padang Terap,assault,robbery_gang_unarmed,2018,11
2051,Kedah,Padang Terap,assault,robbery_gang_unarmed,2019,4
2052,Kedah,Padang Terap,assault,robbery_gang_unarmed,2020,1
2053,Kedah,Padang Terap,assault,robbery_gang_unarmed,2021,3
2054,Kedah,Padang Terap,assault,robbery_gang_unarmed,2022,6
2055,Kedah,Padang Terap,assault,robbery_gang_unarmed,2023,1
2056,Kedah,Padang Terap,assault,robbery_solo_armed,2016,0
2057,Kedah,Padang Terap,assault,robbery_solo_armed,2017,0
2058,Kedah,Padang Terap,assault,robbery_solo_armed,2018,0
2059,Kedah,Padang Terap,assault,robbery_solo_armed,2019,0
2060,Kedah,Padang Terap,assault,robbery_solo_armed,2020,0
2061,Kedah,Padang Terap,assault,robbery_solo_armed,2021,0
2062,Kedah,Padang Terap,assault,robbery_solo_armed,2022,0
2063,Kedah,Padang Terap,assault,robbery_solo_armed,2023,0
2064,Kedah,Padang Terap,assault,robbery_solo_unarmed,2016,2
2065,Kedah,Padang Terap,assault,robbery_solo_unarmed,2017,0
2066,Kedah,Padang Terap,assault,robbery_solo_unarmed,2018,3
2067,Kedah,Padang Terap,assault,robbery_solo_unarmed,2019,0
2068,Kedah,Padang Terap,assault,robbery_solo_unarmed,2020,0
2069,Kedah,Padang Terap,assault,robbery_solo_unarmed,2021,3
2070,Kedah,Padang Terap,assault,robbery_solo_unarmed,2022,1
2071,Kedah,Padang Terap,assault,robbery_solo_unarmed,2023,3
2072,Kedah,Padang Terap,property,break_in,2016,10
2073,Kedah,Padang Terap,property,break_in,2017,26
2074,Kedah,Padang Terap,property,break_in,2018,10
2075,Kedah,Padang Terap,property,break_in,2019,23
2076,Kedah,Padang Terap,property,break_in,2020,16
2077,Kedah,Padang Terap,property,break_in,2021,11
2078,Kedah,Padang Terap,property,break_in,2022,23
2079,Kedah,Padang Terap,property,break_in,2023,36
2080,Kedah,Padang Terap,property,theft_other,2016,18
2081,Kedah,Padang Terap,property,theft_other,2017,16
2082,Kedah,Padang Terap,property,theft_other,2018,32
2083,Kedah,Padang Terap,property,theft_other,2019,20
2084,Kedah,Padang Terap,property,theft_other,2020,17
2085,Kedah,Padang Terap,property,theft_other,2021,20
2086,Kedah,Padang Terap,property,theft_other,2022,34
2087,Kedah,Padang Terap,property,theft_other,2023,42
2088,Kedah,Padang Terap,property,theft_vehicle_lorry,2016,2
2089,Kedah,Padang Terap,property,theft_vehicle_lorry,2017,1
2090,Kedah,Padang Terap,property,theft_vehicle_lorry,2018,0
2091,Kedah,Padang Terap,property,theft_vehicle_lorry,2019,0
2092,Kedah,Padang Terap,property,theft_vehicle_lorry,2020,0
2093,Kedah,Padang Terap,property,theft_vehicle_lorry,2021,0
2094,Kedah,Padang Terap,property,theft_vehicle_lorry,2022,0
2095,Kedah,Padang Terap,property,theft_vehicle_lorry,2023,0
2096,Kedah,Padang Terap,property,theft_vehicle_motorcar,2016,2
2097,Kedah,Padang Terap,property,theft_vehicle_motorcar,2017,4
2098,Kedah,Padang Terap,property,theft_vehicle_motorcar,2018,2
2099,Kedah,Padang Terap,property,theft_vehicle_motorcar,2019,1
2100,Kedah,Padang Terap,property,theft_vehicle_motorcar,2020,3
2101,Kedah,Padang Terap,property,theft_vehicle_motorcar,2021,1
2102,Kedah,Padang Terap,property,theft_vehicle_motorcar,2022,2
2103,Kedah,Padang Terap,property,theft_vehicle_motorcar,2023,0
2104,Kedah,Padang Terap,property,theft_vehicle_motorcycle,2016,49
2105,Kedah,Padang Terap,property,theft_vehicle_motorcycle,2017,53
2106,Kedah,Padang Terap,property,theft_vehicle_motorcycle,2018,46
2107,Kedah,Padang Terap,property,theft_vehicle_motorcycle,2019,25
2108,Kedah,Padang Terap,property,theft_vehicle_motorcycle,2020,24
2109,Kedah,Padang Terap,property,theft_vehicle_motorcycle,2021,25
2110,Kedah,Padang Terap,property,theft_vehicle_motorcycle,2022,15
2111,Kedah,Padang Terap,property,theft_vehicle_motorcycle,2023,18
2112,Kedah,Pendang,assault,causing_injury,2016,14
2113,Kedah,Pendang,assault,causing_injury,2017,9
2114,Kedah,Pendang,assault,causing_injury,2018,4
2115,Kedah,Pendang,assault,causing_injury,2019,8
2116,Kedah,Pendang,assault,causing_injury,2020,11
2117,Kedah,Pendang,assault,causing_injury,2021,17
2118,Kedah,Pendang,assault,causing_injury,2022,8
2119,Kedah,Pendang,assault,causing_injury,2023,8
2120,Kedah,Pendang,assault,murder,2016,0
2121,Kedah,Pendang,assault,murder,2017,1
2122,Kedah,Pendang,assault,murder,2018,0
2123,Kedah,Pendang,assault,murder,2019,1
2124,Kedah,Pendang,assault,murder,2020,0
2125,Kedah,Pendang,assault,murder,2021,0
2126,Kedah,Pendang,assault,murder,2022,0
2127,Kedah,Pendang,assault,murder,2023,0
2128,Kedah,Pendang,assault,rape,2016,7
2129,Kedah,Pendang,assault,rape,2017,3
2130,Kedah,Pendang,assault,rape,2018,6
2131,Kedah,Pendang,assault,rape,2019,13
2132,Kedah,Pendang,assault,rape,2020,11
2133,Kedah,Pendang,assault,rape,2021,4
2134,Kedah,Pendang,assault,rape,2022,5
2135,Kedah,Pendang,assault,rape,2023,15
2136,Kedah,Pendang,assault,robbery_gang_armed,2016,0
2137,Kedah,Pendang,assault,robbery_gang_armed,2017,0
2138,Kedah,Pendang,assault,robbery_gang_armed,2018,0
2139,Kedah,Pendang,assault,robbery_gang_armed,2019,0
2140,Kedah,Pendang,assault,robbery_gang_armed,2020,0
2141,Kedah,Pendang,assault,robbery_gang_armed,2021,0
2142,Kedah,Pendang,assault,robbery_gang_armed,2022,0
2143,Kedah,Pendang,assault,robbery_gang_armed,2023,0
2144,Kedah,Pendang,assault,robbery_gang_unarmed,2016,16
2145,Kedah,Pendang,assault,robbery_gang_unarmed,2017,10
2146,Kedah,Pendang,assault,robbery_gang_unarmed,2018,6
2147,Kedah,Pendang,assault,robbery_gang_unarmed,2019,14
2148,Kedah,Pendang,assault,robbery_gang_unarmed,2020,6
2149,Kedah,Pendang,assault,robbery_gang_unarmed,2021,9
2150,Kedah,Pendang,assault,robbery_gang_unarmed,2022,7
2151,Kedah,Pendang,assault,robbery_gang_unarmed,2023,6
2152,Kedah,Pendang,assault,robbery_solo_armed,2016,0
2153,Kedah,Pendang,assault,robbery_solo_armed,2017,0
2154,Kedah,Pendang,assault,robbery_solo_armed,2018,0
2155,Kedah,Pendang,assault,robbery_solo_armed,2019,0
2156,Kedah,Pendang,assault,robbery_solo_armed,2020,0
2157,Kedah,Pendang,assault,robbery_solo_armed,2021,0
2158,Kedah,Pendang,assault,robbery_solo_armed,2022,0
2159,Kedah,Pendang,assault,robbery_solo_armed,2023,0
2160,Kedah,Pendang,assault,robbery_solo_unarmed,2016,13
2161,Kedah,Pendang,assault,robbery_solo_unarmed,2017,6
2162,Kedah,Pendang,assault,robbery_solo_unarmed,2018,13
2163,Kedah,Pendang,assault,robbery_solo_unarmed,2019,4
2164,Kedah,Pendang,assault,robbery_solo_unarmed,2020,8
2165,Kedah,Pendang,assault,robbery_solo_unarmed,2021,5
2166,Kedah,Pendang,assault,robbery_solo_unarmed,2022,11
2167,Kedah,Pendang,assault,robbery_solo_unarmed,2023,7
2168,Kedah,Pendang,property,break_in,2016,40
2169,Kedah,Pendang,property,break_in,2017,42
2170,Kedah,Pendang,property,break_in,2018,39
2171,Kedah,Pendang,property,break_in,2019,37
2172,Kedah,Pendang,property,break_in,2020,42
2173,Kedah,Pendang,property,break_in,2021,30
2174,Kedah,Pendang,property,break_in,2022,31
2175,Kedah,Pendang,property,break_in,2023,58
2176,Kedah,Pendang,property,theft_other,2016,34
2177,Kedah,Pendang,property,theft_other,2017,54
2178,Kedah,Pendang,property,theft_other,2018,39
2179,Kedah,Pendang,property,theft_other,2019,48
2180,Kedah,Pendang,property,theft_other,2020,66
2181,Kedah,Pendang,property,theft_other,2021,42
2182,Kedah,Pendang,property,theft_other,2022,75
2183,Kedah,Pendang,property,theft_other,2023,70
2184,Kedah,Pendang,property,theft_vehicle_lorry,2016,1
2185,Kedah,Pendang,property,theft_vehicle_lorry,2017,4
2186,Kedah,Pendang,property,theft_vehicle_lorry,2018,0
2187,Kedah,Pendang,property,theft_vehicle_lorry,2019,1
2188,Kedah,Pendang,property,theft_vehicle_lorry,2020,2
2189,Kedah,Pendang,property,theft_vehicle_lorry,2021,0
2190,Kedah,Pendang,property,theft_vehicle_lorry,2022,1
2191,Kedah,Pendang,property,theft_vehicle_lorry,2023,1
2192,Kedah,Pendang,property,theft_vehicle_motorcar,2016,6
2193,Kedah,Pendang,property,theft_vehicle_motorcar,2017,9
2194,Kedah,Pendang,property,theft_vehicle_motorcar,2018,6
2195,Kedah,Pendang,property,theft_vehicle_motorcar,2019,19
2196,Kedah,Pendang,property,theft_vehicle_motorcar,2020,9
2197,Kedah,Pendang,property,theft_vehicle_motorcar,2021,4
2198,Kedah,Pendang,property,theft_vehicle_motorcar,2022,5
2199,Kedah,Pendang,property,theft_vehicle_motorcar,2023,4
2200,Kedah,Pendang,property,theft_vehicle_motorcycle,2016,113
2201,Kedah,Pendang,property,theft_vehicle_motorcycle,2017,99
2202,Kedah,Pendang,property,theft_vehicle_motorcycle,2018,124
2203,Kedah,Pendang,property,theft_vehicle_motorcycle,2019,87
2204,Kedah,Pendang,property,theft_vehicle_motorcycle,2020,59
2205,Kedah,Pendang,property,theft_vehicle_motorcycle,2021,42
2206,Kedah,Pendang,property,theft_vehicle_motorcycle,2022,63
2207,Kedah,Pendang,property,theft_vehicle_motorcycle,2023,32
2208,Kedah,Sik,assault,causing_injury,2016,5
2209,Kedah,Sik,assault,causing_injury,2017,3
2210,Kedah,Sik,assault,causing_injury,2018,2
2211,Kedah,Sik,assault,causing_injury,2019,1
2212,Kedah,Sik,assault,causing_injury,2020,0
2213,Kedah,Sik,assault,causing_injury,2021,2
2214,Kedah,Sik,assault,causing_injury,2022,4
2215,Kedah,Sik,assault,causing_injury,2023,3
2216,Kedah,Sik,assault,murder,2016,0
2217,Kedah,Sik,assault,murder,2017,0
2218,Kedah,Sik,assault,murder,2018,0
2219,Kedah,Sik,assault,murder,2019,0
2220,Kedah,Sik,assault,murder,2020,0
2221,Kedah,Sik,assault,murder,2021,0
2222,Kedah,Sik,assault,murder,2022,0
2223,Kedah,Sik,assault,murder,2023,0
2224,Kedah,Sik,assault,rape,2016,11
2225,Kedah,Sik,assault,rape,2017,1
2226,Kedah,Sik,assault,rape,2018,0
2227,Kedah,Sik,assault,rape,2019,1
2228,Kedah,Sik,assault,rape,2020,0
2229,Kedah,Sik,assault,rape,2021,6
2230,Kedah,Sik,assault,rape,2022,5
2231,Kedah,Sik,assault,rape,2023,1
2232,Kedah,Sik,assault,robbery_gang_armed,2016,0
2233,Kedah,Sik,assault,robbery_gang_armed,2017,0
2234,Kedah,Sik,assault,robbery_gang_armed,2018,0
2235,Kedah,Sik,assault,robbery_gang_armed,2019,0
2236,Kedah,Sik,assault,robbery_gang_armed,2020,0
2237,Kedah,Sik,assault,robbery_gang_armed,2021,0
2238,Kedah,Sik,assault,robbery_gang_armed,2022,0
2239,Kedah,Sik,assault,robbery_gang_armed,2023,0
2240,Kedah,Sik,assault,robbery_gang_unarmed,2016,3
2241,Kedah,Sik,assault,robbery_gang_unarmed,2017,3
2242,Kedah,Sik,assault,robbery_gang_unarmed,2018,3
2243,Kedah,Sik,assault,robbery_gang_unarmed,2019,3
2244,Kedah,Sik,assault,robbery_gang_unarmed,2020,1
2245,Kedah,Sik,assault,robbery_gang_unarmed,2021,1
2246,Kedah,Sik,assault,robbery_gang_unarmed,2022,0
2247,Kedah,Sik,assault,robbery_gang_unarmed,2023,0
2248,Kedah,Sik,assault,robbery_solo_armed,2016,0
2249,Kedah,Sik,assault,robbery_solo_armed,2017,0
2250,Kedah,Sik,assault,robbery_solo_armed,2018,0
2251,Kedah,Sik,assault,robbery_solo_armed,2019,0
2252,Kedah,Sik,assault,robbery_solo_armed,2020,0
2253,Kedah,Sik,assault,robbery_solo_armed,2021,0
2254,Kedah,Sik,assault,robbery_solo_armed,2022,0
2255,Kedah,Sik,assault,robbery_solo_armed,2023,0
2256,Kedah,Sik,assault,robbery_solo_unarmed,2016,1
2257,Kedah,Sik,assault,robbery_solo_unarmed,2017,4
2258,Kedah,Sik,assault,robbery_solo_unarmed,2018,1
2259,Kedah,Sik,assault,robbery_solo_unarmed,2019,0
2260,Kedah,Sik,assault,robbery_solo_unarmed,2020,3
2261,Kedah,Sik,assault,robbery_solo_unarmed,2021,1
2262,Kedah,Sik,assault,robbery_solo_unarmed,2022,1
2263,Kedah,Sik,assault,robbery_solo_unarmed,2023,2
2264,Kedah,Sik,property,break_in,2016,7
2265,Kedah,Sik,property,break_in,2017,8
2266,Kedah,Sik,property,break_in,2018,8
2267,Kedah,Sik,property,break_in,2019,3
2268,Kedah,Sik,property,break_in,2020,3
2269,Kedah,Sik,property,break_in,2021,4
2270,Kedah,Sik,property,break_in,2022,11
2271,Kedah,Sik,property,break_in,2023,15
2272,Kedah,Sik,property,theft_other,2016,14
2273,Kedah,Sik,property,theft_other,2017,17
2274,Kedah,Sik,property,theft_other,2018,12
2275,Kedah,Sik,property,theft_other,2019,10
2276,Kedah,Sik,property,theft_other,2020,9
2277,Kedah,Sik,property,theft_other,2021,9
2278,Kedah,Sik,property,theft_other,2022,13
2279,Kedah,Sik,property,theft_other,2023,11
2280,Kedah,Sik,property,theft_vehicle_lorry,2016,0
2281,Kedah,Sik,property,theft_vehicle_lorry,2017,1
2282,Kedah,Sik,property,theft_vehicle_lorry,2018,0
2283,Kedah,Sik,property,theft_vehicle_lorry,2019,0
2284,Kedah,Sik,property,theft_vehicle_lorry,2020,1
2285,Kedah,Sik,property,theft_vehicle_lorry,2021,0
2286,Kedah,Sik,property,theft_vehicle_lorry,2022,2
2287,Kedah,Sik,property,theft_vehicle_lorry,2023,1
2288,Kedah,Sik,property,theft_vehicle_motorcar,2016,5
2289,Kedah,Sik,property,theft_vehicle_motorcar,2017,1
2290,Kedah,Sik,property,theft_vehicle_motorcar,2018,6
2291,Kedah,Sik,property,theft_vehicle_motorcar,2019,5
2292,Kedah,Sik,property,theft_vehicle_motorcar,2020,3
2293,Kedah,Sik,property,theft_vehicle_motorcar,2021,1
2294,Kedah,Sik,property,theft_vehicle_motorcar,2022,2
2295,Kedah,Sik,property,theft_vehicle_motorcar,2023,5
2296,Kedah,Sik,property,theft_vehicle_motorcycle,2016,60
2297,Kedah,Sik,property,theft_vehicle_motorcycle,2017,28
2298,Kedah,Sik,property,theft_vehicle_motorcycle,2018,38
2299,Kedah,Sik,property,theft_vehicle_motorcycle,2019,37
2300,Kedah,Sik,property,theft_vehicle_motorcycle,2020,22
2301,Kedah,Sik,property,theft_vehicle_motorcycle,2021,12
2302,Kedah,Sik,property,theft_vehicle_motorcycle,2022,16
2303,Kedah,Sik,property,theft_vehicle_motorcycle,2023,15
2304,Kedah,Yan,assault,causing_injury,2016,7
2305,Kedah,Yan,assault,causing_injury,2017,4
2306,Kedah,Yan,assault,causing_injury,2018,4
2307,Kedah,Yan,assault,causing_injury,2019,6
2308,Kedah,Yan,assault,causing_injury,2020,1
2309,Kedah,Yan,assault,causing_injury,2021,2
2310,Kedah,Yan,assault,causing_injury,2022,3
2311,Kedah,Yan,assault,causing_injury,2023,1
2312,Kedah,Yan,assault,murder,2016,0
2313,Kedah,Yan,assault,murder,2017,0
2314,Kedah,Yan,assault,murder,2018,0
2315,Kedah,Yan,assault,murder,2019,2
2316,Kedah,Yan,assault,murder,2020,0
2317,Kedah,Yan,assault,murder,2021,0
2318,Kedah,Yan,assault,murder,2022,0
2319,Kedah,Yan,assault,murder,2023,0
2320,Kedah,Yan,assault,rape,2016,2
2321,Kedah,Yan,assault,rape,2017,8
2322,Kedah,Yan,assault,rape,2018,3
2323,Kedah,Yan,assault,rape,2019,0
2324,Kedah,Yan,assault,rape,2020,2
2325,Kedah,Yan,assault,rape,2021,7
2326,Kedah,Yan,assault,rape,2022,4
2327,Kedah,Yan,assault,rape,2023,5
2328,Kedah,Yan,assault,robbery_gang_armed,2016,0
2329,Kedah,Yan,assault,robbery_gang_armed,2017,0
2330,Kedah,Yan,assault,robbery_gang_armed,2018,0
2331,Kedah,Yan,assault,robbery_gang_armed,2019,0
2332,Kedah,Yan,assault,robbery_gang_armed,2020,0
2333,Kedah,Yan,assault,robbery_gang_armed,2021,0
2334,Kedah,Yan,assault,robbery_gang_armed,2022,0
2335,Kedah,Yan,assault,robbery_gang_armed,2023,0
2336,Kedah,Yan,assault,robbery_gang_unarmed,2016,7
2337,Kedah,Yan,assault,robbery_gang_unarmed,2017,3
2338,Kedah,Yan,assault,robbery_gang_unarmed,2018,2
2339,Kedah,Yan,assault,robbery_gang_unarmed,2019,2
2340,Kedah,Yan,assault,robbery_gang_unarmed,2020,3
2341,Kedah,Yan,assault,robbery_gang_unarmed,2021,0
2342,Kedah,Yan,assault,robbery_gang_unarmed,2022,0
2343,Kedah,Yan,assault,robbery_gang_unarmed,2023,1
2344,Kedah,Yan,assault,robbery_solo_armed,2016,0
2345,Kedah,Yan,assault,robbery_solo_armed,2017,0
2346,Kedah,Yan,assault,robbery_solo_armed,2018,0
2347,Kedah,Yan,assault,robbery_solo_armed,2019,0
2348,Kedah,Yan,assault,robbery_solo_armed,2020,0
2349,Kedah,Yan,assault,robbery_solo_armed,2021,0
2350,Kedah,Yan,assault,robbery_solo_armed,2022,0
2351,Kedah,Yan,assault,robbery_solo_armed,2023,0
2352,Kedah,Yan,assault,robbery_solo_unarmed,2016,4
2353,Kedah,Yan,assault,robbery_solo_unarmed,2017,2
2354,Kedah,Yan,assault,robbery_solo_unarmed,2018,4
2355,Kedah,Yan,assault,robbery_solo_unarmed,2019,3
2356,Kedah,Yan,assault,robbery_solo_unarmed,2020,0
2357,Kedah,Yan,assault,robbery_solo_unarmed,2021,1
2358,Kedah,Yan,assault,robbery_solo_unarmed,2022,6
2359,Kedah,Yan,assault,robbery_solo_unarmed,2023,6
2360,Kedah,Yan,property,break_in,2016,16
2361,Kedah,Yan,property,break_in,2017,11
2362,Kedah,Yan,property,break_in,2018,5
2363,Kedah,Yan,property,break_in,2019,9
2364,Kedah,Yan,property,break_in,2020,32
2365,Kedah,Yan,property,break_in,2021,11
2366,Kedah,Yan,property,break_in,2022,10
2367,Kedah,Yan,property,break_in,2023,24
2368,Kedah,Yan,property,theft_other,2016,25
2369,Kedah,Yan,property,theft_other,2017,18
2370,Kedah,Yan,property,theft_other,2018,13
2371,Kedah,Yan,property,theft_other,2019,29
2372,Kedah,Yan,property,theft_other,2020,29
2373,Kedah,Yan,property,theft_other,2021,20
2374,Kedah,Yan,property,theft_other,2022,16
2375,Kedah,Yan,property,theft_other,2023,30
2376,Kedah,Yan,property,theft_vehicle_lorry,2016,1
2377,Kedah,Yan,property,theft_vehicle_lorry,2017,2
2378,Kedah,Yan,property,theft_vehicle_lorry,2018,3
2379,Kedah,Yan,property,theft_vehicle_lorry,2019,1
2380,Kedah,Yan,property,theft_vehicle_lorry,2020,1
2381,Kedah,Yan,property,theft_vehicle_lorry,2021,0
2382,Kedah,Yan,property,theft_vehicle_lorry,2022,1
2383,Kedah,Yan,property,theft_vehicle_lorry,2023,1
2384,Kedah,Yan,property,theft_vehicle_motorcar,2016,3
2385,Kedah,Yan,property,theft_vehicle_motorcar,2017,6
2386,Kedah,Yan,property,theft_vehicle_motorcar,2018,7
2387,Kedah,Yan,property,theft_vehicle_motorcar,2019,6
2388,Kedah,Yan,property,theft_vehicle_motorcar,2020,7
2389,Kedah,Yan,property,theft_vehicle_motorcar,2021,4
2390,Kedah,Yan,property,theft_vehicle_motorcar,2022,4
2391,Kedah,Yan,property,theft_vehicle_motorcar,2023,8
2392,Kedah,Yan,property,theft_vehicle_motorcycle,2016,81
2393,Kedah,Yan,property,theft_vehicle_motorcycle,2017,86
2394,Kedah,Yan,property,theft_vehicle_motorcycle,2018,114
2395,Kedah,Yan,property,theft_vehicle_motorcycle,2019,70
2396,Kedah,Yan,property,theft_vehicle_motorcycle,2020,27
2397,Kedah,Yan,property,theft_vehicle_motorcycle,2021,35
2398,Kedah,Yan,property,theft_vehicle_motorcycle,2022,45
2399,Kedah,Yan,property,theft_vehicle_motorcycle,2023,20
2400,Kelantan,Bachok,assault,causing_injury,2016,54
2401,Kelantan,Bachok,assault,causing_injury,2017,33
2402,Kelantan,Bachok,assault,causing_injury,2018,20
2403,Kelantan,Bachok,assault,causing_injury,2019,24
2404,Kelantan,Bachok,assault,causing_injury,2020,29
2405,Kelantan,Bachok,assault,causing_injury,2021,35
2406,Kelantan,Bachok,assault,causing_injury,2022,28
2407,Kelantan,Bachok,assault,causing_injury,2023,14
2408,Kelantan,Bachok,assault,murder,2016,1
2409,Kelantan,Bachok,assault,murder,2017,0
2410,Kelantan,Bachok,assault,murder,2018,0
2411,Kelantan,Bachok,assault,murder,2019,1
2412,Kelantan,Bachok,assault,murder,2020,2
2413,Kelantan,Bachok,assault,murder,2021,0
2414,Kelantan,Bachok,assault,murder,2022,0
2415,Kelantan,Bachok,assault,murder,2023,0
2416,Kelantan,Bachok,assault,rape,2016,21
2417,Kelantan,Bachok,assault,rape,2017,16
2418,Kelantan,Bachok,assault,rape,2018,11
2419,Kelantan,Bachok,assault,rape,2019,10
2420,Kelantan,Bachok,assault,rape,2020,8
2421,Kelantan,Bachok,assault,rape,2021,14
2422,Kelantan,Bachok,assault,rape,2022,7
2423,Kelantan,Bachok,assault,rape,2023,11
2424,Kelantan,Bachok,assault,robbery_gang_armed,2016,0
2425,Kelantan,Bachok,assault,robbery_gang_armed,2017,0
2426,Kelantan,Bachok,assault,robbery_gang_armed,2018,0
2427,Kelantan,Bachok,assault,robbery_gang_armed,2019,0
2428,Kelantan,Bachok,assault,robbery_gang_armed,2020,0
2429,Kelantan,Bachok,assault,robbery_gang_armed,2021,0
2430,Kelantan,Bachok,assault,robbery_gang_armed,2022,0
2431,Kelantan,Bachok,assault,robbery_gang_armed,2023,0
2432,Kelantan,Bachok,assault,robbery_gang_unarmed,2016,8
2433,Kelantan,Bachok,assault,robbery_gang_unarmed,2017,4
2434,Kelantan,Bachok,assault,robbery_gang_unarmed,2018,7
2435,Kelantan,Bachok,assault,robbery_gang_unarmed,2019,2
2436,Kelantan,Bachok,assault,robbery_gang_unarmed,2020,4
2437,Kelantan,Bachok,assault,robbery_gang_unarmed,2021,7
2438,Kelantan,Bachok,assault,robbery_gang_unarmed,2022,5
2439,Kelantan,Bachok,assault,robbery_gang_unarmed,2023,2
2440,Kelantan,Bachok,assault,robbery_solo_armed,2016,0
2441,Kelantan,Bachok,assault,robbery_solo_armed,2017,0
2442,Kelantan,Bachok,assault,robbery_solo_armed,2018,0
2443,Kelantan,Bachok,assault,robbery_solo_armed,2019,0
2444,Kelantan,Bachok,assault,robbery_solo_armed,2020,0
2445,Kelantan,Bachok,assault,robbery_solo_armed,2021,0
2446,Kelantan,Bachok,assault,robbery_solo_armed,2022,0
2447,Kelantan,Bachok,assault,robbery_solo_armed,2023,0
2448,Kelantan,Bachok,assault,robbery_solo_unarmed,2016,1
2449,Kelantan,Bachok,assault,robbery_solo_unarmed,2017,3
2450,Kelantan,Bachok,assault,robbery_solo_unarmed,2018,3
2451,Kelantan,Bachok,assault,robbery_solo_unarmed,2019,5
2452,Kelantan,Bachok,assault,robbery_solo_unarmed,2020,5
2453,Kelantan,Bachok,assault,robbery_solo_unarmed,2021,3
2454,Kelantan,Bachok,assault,robbery_solo_unarmed,2022,3
2455,Kelantan,Bachok,assault,robbery_solo_unarmed,2023,6
2456,Kelantan,Bachok,property,break_in,2016,73
2457,Kelantan,Bachok,property,break_in,2017,67
2458,Kelantan,Bachok,property,break_in,2018,44
2459,Kelantan,Bachok,property,break_in,2019,70
2460,Kelantan,Bachok,property,break_in,2020,45
2461,Kelantan,Bachok,property,break_in,2021,40
2462,Kelantan,Bachok,property,break_in,2022,36
2463,Kelantan,Bachok,property,break_in,2023,34
2464,Kelantan,Bachok,property,theft_other,2016,91
2465,Kelantan,Bachok,property,theft_other,2017,32
2466,Kelantan,Bachok,property,theft_other,2018,41
2467,Kelantan,Bachok,property,theft_other,2019,44
2468,Kelantan,Bachok,property,theft_other,2020,40
2469,Kelantan,Bachok,property,theft_other,2021,56
2470,Kelantan,Bachok,property,theft_other,2022,45
2471,Kelantan,Bachok,property,theft_other,2023,29
2472,Kelantan,Bachok,property,theft_vehicle_lorry,2016,5
2473,Kelantan,Bachok,property,theft_vehicle_lorry,2017,5
2474,Kelantan,Bachok,property,theft_vehicle_lorry,2018,3
2475,Kelantan,Bachok,property,theft_vehicle_lorry,2019,3
2476,Kelantan,Bachok,property,theft_vehicle_lorry,2020,1
2477,Kelantan,Bachok,property,theft_vehicle_lorry,2021,0
2478,Kelantan,Bachok,property,theft_vehicle_lorry,2022,1
2479,Kelantan,Bachok,property,theft_vehicle_lorry,2023,0
2480,Kelantan,Bachok,property,theft_vehicle_motorcar,2016,17
2481,Kelantan,Bachok,property,theft_vehicle_motorcar,2017,19
2482,Kelantan,Bachok,property,theft_vehicle_motorcar,2018,20
2483,Kelantan,Bachok,property,theft_vehicle_motorcar,2019,21
2484,Kelantan,Bachok,property,theft_vehicle_motorcar,2020,6
2485,Kelantan,Bachok,property,theft_vehicle_motorcar,2021,2
2486,Kelantan,Bachok,property,theft_vehicle_motorcar,2022,8
2487,Kelantan,Bachok,property,theft_vehicle_motorcar,2023,12
2488,Kelantan,Bachok,property,theft_vehicle_motorcycle,2016,104
2489,Kelantan,Bachok,property,theft_vehicle_motorcycle,2017,130
2490,Kelantan,Bachok,property,theft_vehicle_motorcycle,2018,109
2491,Kelantan,Bachok,property,theft_vehicle_motorcycle,2019,62
2492,Kelantan,Bachok,property,theft_vehicle_motorcycle,2020,64
2493,Kelantan,Bachok,property,theft_vehicle_motorcycle,2021,49
2494,Kelantan,Bachok,property,theft_vehicle_motorcycle,2022,67
2495,Kelantan,Bachok,property,theft_vehicle_motorcycle,2023,52
2496,Kelantan,Gua Musang,assault,causing_injury,2016,27
2497,Kelantan,Gua Musang,assault,causing_injury,2017,17
2498,Kelantan,Gua Musang,assault,causing_injury,2018,11
2499,Kelantan,Gua Musang,assault,causing_injury,2019,12
2500,Kelantan,Gua Musang,assault,causing_injury,2020,17
2501,Kelantan,Gua Musang,assault,causing_injury,2021,16
2502,Kelantan,Gua Musang,assault,causing_injury,2022,11
2503,Kelantan,Gua Musang,assault,causing_injury,2023,17
2504,Kelantan,Gua Musang,assault,murder,2016,3
2505,Kelantan,Gua Musang,assault,murder,2017,2
2506,Kelantan,Gua Musang,assault,murder,2018,0
2507,Kelantan,Gua Musang,assault,murder,2019,3
2508,Kelantan,Gua Musang,assault,murder,2020,3
2509,Kelantan,Gua Musang,assault,murder,2021,1
2510,Kelantan,Gua Musang,assault,murder,2022,2
2511,Kelantan,Gua Musang,assault,murder,2023,0
2512,Kelantan,Gua Musang,assault,rape,2016,8
2513,Kelantan,Gua Musang,assault,rape,2017,7
2514,Kelantan,Gua Musang,assault,rape,2018,6
2515,Kelantan,Gua Musang,assault,rape,2019,4
2516,Kelantan,Gua Musang,assault,rape,2020,10
2517,Kelantan,Gua Musang,assault,rape,2021,8
2518,Kelantan,Gua Musang,assault,rape,2022,3
2519,Kelantan,Gua Musang,assault,rape,2023,11
2520,Kelantan,Gua Musang,assault,robbery_gang_armed,2016,0
2521,Kelantan,Gua Musang,assault,robbery_gang_armed,2017,0
2522,Kelantan,Gua Musang,assault,robbery_gang_armed,2018,1
2523,Kelantan,Gua Musang,assault,robbery_gang_armed,2019,0
2524,Kelantan,Gua Musang,assault,robbery_gang_armed,2020,0
2525,Kelantan,Gua Musang,assault,robbery_gang_armed,2021,1
2526,Kelantan,Gua Musang,assault,robbery_gang_armed,2022,0
2527,Kelantan,Gua Musang,assault,robbery_gang_armed,2023,1
2528,Kelantan,Gua Musang,assault,robbery_gang_unarmed,2016,3
2529,Kelantan,Gua Musang,assault,robbery_gang_unarmed,2017,6
2530,Kelantan,Gua Musang,assault,robbery_gang_unarmed,2018,5
2531,Kelantan,Gua Musang,assault,robbery_gang_unarmed,2019,10
2532,Kelantan,Gua Musang,assault,robbery_gang_unarmed,2020,1
2533,Kelantan,Gua Musang,assault,robbery_gang_unarmed,2021,3
2534,Kelantan,Gua Musang,assault,robbery_gang_unarmed,2022,6
2535,Kelantan,Gua Musang,assault,robbery_gang_unarmed,2023,1
2536,Kelantan,Gua Musang,assault,robbery_solo_armed,2016,0
2537,Kelantan,Gua Musang,assault,robbery_solo_armed,2017,0
2538,Kelantan,Gua Musang,assault,robbery_solo_armed,2018,0
2539,Kelantan,Gua Musang,assault,robbery_solo_armed,2019,0
2540,Kelantan,Gua Musang,assault,robbery_solo_armed,2020,0
2541,Kelantan,Gua Musang,assault,robbery_solo_armed,2021,0
2542,Kelantan,Gua Musang,assault,robbery_solo_armed,2022,0
2543,Kelantan,Gua Musang,assault,robbery_solo_armed,2023,0
2544,Kelantan,Gua Musang,assault,robbery_solo_unarmed,2016,0
2545,Kelantan,Gua Musang,assault,robbery_solo_unarmed,2017,2
2546,Kelantan,Gua Musang,assault,robbery_solo_unarmed,2018,3
2547,Kelantan,Gua Musang,assault,robbery_solo_unarmed,2019,1
2548,Kelantan,Gua Musang,assault,robbery_solo_unarmed,2020,4
2549,Kelantan,Gua Musang,assault,robbery_solo_unarmed,2021,0
2550,Kelantan,Gua Musang,assault,robbery_solo_unarmed,2022,1
2551,Kelantan,Gua Musang,assault,robbery_solo_unarmed,2023,1
2552,Kelantan,Gua Musang,property,break_in,2016,34
2553,Kelantan,Gua Musang,property,break_in,2017,26
2554,Kelantan,Gua Musang,property,break_in,2018,16
2555,Kelantan,Gua Musang,property,break_in,2019,36
2556,Kelantan,Gua Musang,property,break_in,2020,27
2557,Kelantan,Gua Musang,property,break_in,2021,23
2558,Kelantan,Gua Musang,property,break_in,2022,21
2559,Kelantan,Gua Musang,property,break_in,2023,24
2560,Kelantan,Gua Musang,property,theft_other,2016,26
2561,Kelantan,Gua Musang,property,theft_other,2017,38
2562,Kelantan,Gua Musang,property,theft_other,2018,40
2563,Kelantan,Gua Musang,property,theft_other,2019,45
2564,Kelantan,Gua Musang,property,theft_other,2020,33
2565,Kelantan,Gua Musang,property,theft_other,2021,36
2566,Kelantan,Gua Musang,property,theft_other,2022,50
2567,Kelantan,Gua Musang,property,theft_other,2023,48
2568,Kelantan,Gua Musang,property,theft_vehicle_lorry,2016,3
2569,Kelantan,Gua Musang,property,theft_vehicle_lorry,2017,2
2570,Kelantan,Gua Musang,property,theft_vehicle_lorry,2018,8
2571,Kelantan,Gua Musang,property,theft_vehicle_lorry,2019,0
2572,Kelantan,Gua Musang,property,theft_vehicle_lorry,2020,2
2573,Kelantan,Gua Musang,property,theft_vehicle_lorry,2021,0
2574,Kelantan,Gua Musang,property,theft_vehicle_lorry,2022,1
2575,Kelantan,Gua Musang,property,theft_vehicle_lorry,2023,0
2576,Kelantan,Gua Musang,property,theft_vehicle_motorcar,2016,36
2577,Kelantan,Gua Musang,property,theft_vehicle_motorcar,2017,26
2578,Kelantan,Gua Musang,property,theft_vehicle_motorcar,2018,17
2579,Kelantan,Gua Musang,property,theft_vehicle_motorcar,2019,8
2580,Kelantan,Gua Musang,property,theft_vehicle_motorcar,2020,3
2581,Kelantan,Gua Musang,property,theft_vehicle_motorcar,2021,3
2582,Kelantan,Gua Musang,property,theft_vehicle_motorcar,2022,5
2583,Kelantan,Gua Musang,property,theft_vehicle_motorcar,2023,1
2584,Kelantan,Gua Musang,property,theft_vehicle_motorcycle,2016,93
2585,Kelantan,Gua Musang,property,theft_vehicle_motorcycle,2017,72
2586,Kelantan,Gua Musang,property,theft_vehicle_motorcycle,2018,42
2587,Kelantan,Gua Musang,property,theft_vehicle_motorcycle,2019,33
2588,Kelantan,Gua Musang,property,theft_vehicle_motorcycle,2020,16
2589,Kelantan,Gua Musang,property,theft_vehicle_motorcycle,2021,8
2590,Kelantan,Gua Musang,property,theft_vehicle_motorcycle,2022,18
2591,Kelantan,Gua Musang,property,theft_vehicle_motorcycle,2023,12
2592,Kelantan,Jeli,assault,causing_injury,2016,2
2593,Kelantan,Jeli,assault,causing_injury,2017,1
2594,Kelantan,Jeli,assault,causing_injury,2018,3
2595,Kelantan,Jeli,assault,causing_injury,2019,2
2596,Kelantan,Jeli,assault,causing_injury,2020,4
2597,Kelantan,Jeli,assault,causing_injury,2021,3
2598,Kelantan,Jeli,assault,causing_injury,2022,7
2599,Kelantan,Jeli,assault,causing_injury,2023,2
2600,Kelantan,Jeli,assault,murder,2016,0
2601,Kelantan,Jeli,assault,murder,2017,0
2602,Kelantan,Jeli,assault,murder,2018,0
2603,Kelantan,Jeli,assault,murder,2019,0
2604,Kelantan,Jeli,assault,murder,2020,0
2605,Kelantan,Jeli,assault,murder,2021,1
2606,Kelantan,Jeli,assault,murder,2022,0
2607,Kelantan,Jeli,assault,murder,2023,0
2608,Kelantan,Jeli,assault,rape,2016,5
2609,Kelantan,Jeli,assault,rape,2017,4
2610,Kelantan,Jeli,assault,rape,2018,4
2611,Kelantan,Jeli,assault,rape,2019,2
2612,Kelantan,Jeli,assault,rape,2020,1
2613,Kelantan,Jeli,assault,rape,2021,4
2614,Kelantan,Jeli,assault,rape,2022,4
2615,Kelantan,Jeli,assault,rape,2023,2
2616,Kelantan,Jeli,assault,robbery_gang_armed,2016,0
2617,Kelantan,Jeli,assault,robbery_gang_armed,2017,0
2618,Kelantan,Jeli,assault,robbery_gang_armed,2018,0
2619,Kelantan,Jeli,assault,robbery_gang_armed,2019,0
2620,Kelantan,Jeli,assault,robbery_gang_armed,2020,0
2621,Kelantan,Jeli,assault,robbery_gang_armed,2021,0
2622,Kelantan,Jeli,assault,robbery_gang_armed,2022,0
2623,Kelantan,Jeli,assault,robbery_gang_armed,2023,0
2624,Kelantan,Jeli,assault,robbery_gang_unarmed,2016,1
2625,Kelantan,Jeli,assault,robbery_gang_unarmed,2017,1
2626,Kelantan,Jeli,assault,robbery_gang_unarmed,2018,1
2627,Kelantan,Jeli,assault,robbery_gang_unarmed,2019,0
2628,Kelantan,Jeli,assault,robbery_gang_unarmed,2020,0
2629,Kelantan,Jeli,assault,robbery_gang_unarmed,2021,1
2630,Kelantan,Jeli,assault,robbery_gang_unarmed,2022,0
2631,Kelantan,Jeli,assault,robbery_gang_unarmed,2023,0
2632,Kelantan,Jeli,assault,robbery_solo_armed,2016,0
2633,Kelantan,Jeli,assault,robbery_solo_armed,2017,0
2634,Kelantan,Jeli,assault,robbery_solo_armed,2018,0
2635,Kelantan,Jeli,assault,robbery_solo_armed,2019,0
2636,Kelantan,Jeli,assault,robbery_solo_armed,2020,0
2637,Kelantan,Jeli,assault,robbery_solo_armed,2021,0
2638,Kelantan,Jeli,assault,robbery_solo_armed,2022,0
2639,Kelantan,Jeli,assault,robbery_solo_armed,2023,0
2640,Kelantan,Jeli,assault,robbery_solo_unarmed,2016,0
2641,Kelantan,Jeli,assault,robbery_solo_unarmed,2017,0
2642,Kelantan,Jeli,assault,robbery_solo_unarmed,2018,1
2643,Kelantan,Jeli,assault,robbery_solo_unarmed,2019,1
2644,Kelantan,Jeli,assault,robbery_solo_unarmed,2020,1
2645,Kelantan,Jeli,assault,robbery_solo_unarmed,2021,0
2646,Kelantan,Jeli,assault,robbery_solo_unarmed,2022,0
2647,Kelantan,Jeli,assault,robbery_solo_unarmed,2023,0
2648,Kelantan,Jeli,property,break_in,2016,12
2649,Kelantan,Jeli,property,break_in,2017,14
2650,Kelantan,Jeli,property,break_in,2018,15
2651,Kelantan,Jeli,property,break_in,2019,21
2652,Kelantan,Jeli,property,break_in,2020,17
2653,Kelantan,Jeli,property,break_in,2021,9
2654,Kelantan,Jeli,property,break_in,2022,9
2655,Kelantan,Jeli,property,break_in,2023,14
2656,Kelantan,Jeli,property,theft_other,2016,7
2657,Kelantan,Jeli,property,theft_other,2017,4
2658,Kelantan,Jeli,property,theft_other,2018,8
2659,Kelantan,Jeli,property,theft_other,2019,9
2660,Kelantan,Jeli,property,theft_other,2020,10
2661,Kelantan,Jeli,property,theft_other,2021,12
2662,Kelantan,Jeli,property,theft_other,2022,14
2663,Kelantan,Jeli,property,theft_other,2023,20
2664,Kelantan,Jeli,property,theft_vehicle_lorry,2016,2
2665,Kelantan,Jeli,property,theft_vehicle_lorry,2017,0
2666,Kelantan,Jeli,property,theft_vehicle_lorry,2018,2
2667,Kelantan,Jeli,property,theft_vehicle_lorry,2019,0
2668,Kelantan,Jeli,property,theft_vehicle_lorry,2020,0
2669,Kelantan,Jeli,property,theft_vehicle_lorry,2021,0
2670,Kelantan,Jeli,property,theft_vehicle_lorry,2022,0
2671,Kelantan,Jeli,property,theft_vehicle_lorry,2023,0
2672,Kelantan,Jeli,property,theft_vehicle_motorcar,2016,2
2673,Kelantan,Jeli,property,theft_vehicle_motorcar,2017,3
2674,Kelantan,Jeli,property,theft_vehicle_motorcar,2018,2
2675,Kelantan,Jeli,property,theft_vehicle_motorcar,2019,4
2676,Kelantan,Jeli,property,theft_vehicle_motorcar,2020,0
2677,Kelantan,Jeli,property,theft_vehicle_motorcar,2021,1
2678,Kelantan,Jeli,property,theft_vehicle_motorcar,2022,2
2679,Kelantan,Jeli,property,theft_vehicle_motorcar,2023,3
2680,Kelantan,Jeli,property,theft_vehicle_motorcycle,2016,15
2681,Kelantan,Jeli,property,theft_vehicle_motorcycle,2017,22
2682,Kelantan,Jeli,property,theft_vehicle_motorcycle,2018,16
2683,Kelantan,Jeli,property,theft_vehicle_motorcycle,2019,11
2684,Kelantan,Jeli,property,theft_vehicle_motorcycle,2020,5
2685,Kelantan,Jeli,property,theft_vehicle_motorcycle,2021,2
2686,Kelantan,Jeli,property,theft_vehicle_motorcycle,2022,7
2687,Kelantan,Jeli,property,theft_vehicle_motorcycle,2023,3
2688,Kelantan,Kota Bharu,assault,causing_injury,2016,58
2689,Kelantan,Kota Bharu,assault,causing_injury,2017,56
2690,Kelantan,Kota Bharu,assault,causing_injury,2018,41
2691,Kelantan,Kota Bharu,assault,causing_injury,2019,32
2692,Kelantan,Kota Bharu,assault,causing_injury,2020,34
2693,Kelantan,Kota Bharu,assault,causing_injury,2021,34
2694,Kelantan,Kota Bharu,assault,causing_injury,2022,60
2695,Kelantan,Kota Bharu,assault,causing_injury,2023,54
2696,Kelantan,Kota Bharu,assault,murder,2016,0
2697,Kelantan,Kota Bharu,assault,murder,2017,3
2698,Kelantan,Kota Bharu,assault,murder,2018,2
2699,Kelantan,Kota Bharu,assault,murder,2019,1
2700,Kelantan,Kota Bharu,assault,murder,2020,2
2701,Kelantan,Kota Bharu,assault,murder,2021,2
2702,Kelantan,Kota Bharu,assault,murder,2022,2
2703,Kelantan,Kota Bharu,assault,murder,2023,3
2704,Kelantan,Kota Bharu,assault,rape,2016,35
2705,Kelantan,Kota Bharu,assault,rape,2017,28
2706,Kelantan,Kota Bharu,assault,rape,2018,25
2707,Kelantan,Kota Bharu,assault,rape,2019,11
2708,Kelantan,Kota Bharu,assault,rape,2020,16
2709,Kelantan,Kota Bharu,assault,rape,2021,28
2710,Kelantan,Kota Bharu,assault,rape,2022,31
2711,Kelantan,Kota Bharu,assault,rape,2023,44
2712,Kelantan,Kota Bharu,assault,robbery_gang_armed,2016,1
2713,Kelantan,Kota Bharu,assault,robbery_gang_armed,2017,2
2714,Kelantan,Kota Bharu,assault,robbery_gang_armed,2018,2
2715,Kelantan,Kota Bharu,assault,robbery_gang_armed,2019,2
2716,Kelantan,Kota Bharu,assault,robbery_gang_armed,2020,0
2717,Kelantan,Kota Bharu,assault,robbery_gang_armed,2021,0
2718,Kelantan,Kota Bharu,assault,robbery_gang_armed,2022,0
2719,Kelantan,Kota Bharu,assault,robbery_gang_armed,2023,4
2720,Kelantan,Kota Bharu,assault,robbery_gang_unarmed,2016,22
2721,Kelantan,Kota Bharu,assault,robbery_gang_unarmed,2017,63
2722,Kelantan,Kota Bharu,assault,robbery_gang_unarmed,2018,61
2723,Kelantan,Kota Bharu,assault,robbery_gang_unarmed,2019,50
2724,Kelantan,Kota Bharu,assault,robbery_gang_unarmed,2020,38
2725,Kelantan,Kota Bharu,assault,robbery_gang_unarmed,2021,23
2726,Kelantan,Kota Bharu,assault,robbery_gang_unarmed,2022,27
2727,Kelantan,Kota Bharu,assault,robbery_gang_unarmed,2023,19
2728,Kelantan,Kota Bharu,assault,robbery_solo_armed,2016,1
2729,Kelantan,Kota Bharu,assault,robbery_solo_armed,2017,0
2730,Kelantan,Kota Bharu,assault,robbery_solo_armed,2018,0
2731,Kelantan,Kota Bharu,assault,robbery_solo_armed,2019,0
2732,Kelantan,Kota Bharu,assault,robbery_solo_armed,2020,0
2733,Kelantan,Kota Bharu,assault,robbery_solo_armed,2021,0
2734,Kelantan,Kota Bharu,assault,robbery_solo_armed,2022,0
2735,Kelantan,Kota Bharu,assault,robbery_solo_armed,2023,0
2736,Kelantan,Kota Bharu,assault,robbery_solo_unarmed,2016,10
2737,Kelantan,Kota Bharu,assault,robbery_solo_unarmed,2017,36
2738,Kelantan,Kota Bharu,assault,robbery_solo_unarmed,2018,37
2739,Kelantan,Kota Bharu,assault,robbery_solo_unarmed,2019,37
2740,Kelantan,Kota Bharu,assault,robbery_solo_unarmed,2020,38
2741,Kelantan,Kota Bharu,assault,robbery_solo_unarmed,2021,19
2742,Kelantan,Kota Bharu,assault,robbery_solo_unarmed,2022,15
2743,Kelantan,Kota Bharu,assault,robbery_solo_unarmed,2023,24
2744,Kelantan,Kota Bharu,property,break_in,2016,206
2745,Kelantan,Kota Bharu,property,break_in,2017,158
2746,Kelantan,Kota Bharu,property,break_in,2018,34
2747,Kelantan,Kota Bharu,property,break_in,2019,341
2748,Kelantan,Kota Bharu,property,break_in,2020,234
2749,Kelantan,Kota Bharu,property,break_in,2021,180
2750,Kelantan,Kota Bharu,property,break_in,2022,166
2751,Kelantan,Kota Bharu,property,break_in,2023,165
2752,Kelantan,Kota Bharu,property,theft_other,2016,142
2753,Kelantan,Kota Bharu,property,theft_other,2017,141
2754,Kelantan,Kota Bharu,property,theft_other,2018,175
2755,Kelantan,Kota Bharu,property,theft_other,2019,258
2756,Kelantan,Kota Bharu,property,theft_other,2020,188
2757,Kelantan,Kota Bharu,property,theft_other,2021,197
2758,Kelantan,Kota Bharu,property,theft_other,2022,192
2759,Kelantan,Kota Bharu,property,theft_other,2023,159
2760,Kelantan,Kota Bharu,property,theft_vehicle_lorry,2016,62
2761,Kelantan,Kota Bharu,property,theft_vehicle_lorry,2017,66
2762,Kelantan,Kota Bharu,property,theft_vehicle_lorry,2018,32
2763,Kelantan,Kota Bharu,property,theft_vehicle_lorry,2019,11
2764,Kelantan,Kota Bharu,property,theft_vehicle_lorry,2020,6
2765,Kelantan,Kota Bharu,property,theft_vehicle_lorry,2021,4
2766,Kelantan,Kota Bharu,property,theft_vehicle_lorry,2022,10
2767,Kelantan,Kota Bharu,property,theft_vehicle_lorry,2023,2
2768,Kelantan,Kota Bharu,property,theft_vehicle_motorcar,2016,396
2769,Kelantan,Kota Bharu,property,theft_vehicle_motorcar,2017,434
2770,Kelantan,Kota Bharu,property,theft_vehicle_motorcar,2018,288
2771,Kelantan,Kota Bharu,property,theft_vehicle_motorcar,2019,176
2772,Kelantan,Kota Bharu,property,theft_vehicle_motorcar,2020,62
2773,Kelantan,Kota Bharu,property,theft_vehicle_motorcar,2021,43
2774,Kelantan,Kota Bharu,property,theft_vehicle_motorcar,2022,70
2775,Kelantan,Kota Bharu,property,theft_vehicle_motorcar,2023,64
2776,Kelantan,Kota Bharu,property,theft_vehicle_motorcycle,2016,928
2777,Kelantan,Kota Bharu,property,theft_vehicle_motorcycle,2017,1013
2778,Kelantan,Kota Bharu,property,theft_vehicle_motorcycle,2018,900
2779,Kelantan,Kota Bharu,property,theft_vehicle_motorcycle,2019,565
2780,Kelantan,Kota Bharu,property,theft_vehicle_motorcycle,2020,355
2781,Kelantan,Kota Bharu,property,theft_vehicle_motorcycle,2021,269
2782,Kelantan,Kota Bharu,property,theft_vehicle_motorcycle,2022,277
2783,Kelantan,Kota Bharu,property,theft_vehicle_motorcycle,2023,277
2784,Kelantan,Kuala Krai,assault,causing_injury,2016,24
2785,Kelantan,Kuala Krai,assault,causing_injury,2017,26
2786,Kelantan,Kuala Krai,assault,causing_injury,2018,15
2787,Kelantan,Kuala Krai,assault,causing_injury,2019,19
2788,Kelantan,Kuala Krai,assault,causing_injury,2020,17
2789,Kelantan,Kuala Krai,assault,causing_injury,2021,9
2790,Kelantan,Kuala Krai,assault,causing_injury,2022,11
2791,Kelantan,Kuala Krai,assault,causing_injury,2023,4
2792,Kelantan,Kuala Krai,assault,murder,2016,1
2793,Kelantan,Kuala Krai,assault,murder,2017,1
2794,Kelantan,Kuala Krai,assault,murder,2018,0
2795,Kelantan,Kuala Krai,assault,murder,2019,0
2796,Kelantan,Kuala Krai,assault,murder,2020,1
2797,Kelantan,Kuala Krai,assault,murder,2021,0
2798,Kelantan,Kuala Krai,assault,murder,2022,0
2799,Kelantan,Kuala Krai,assault,murder,2023,0
2800,Kelantan,Kuala Krai,assault,rape,2016,15
2801,Kelantan,Kuala Krai,assault,rape,2017,6
2802,Kelantan,Kuala Krai,assault,rape,2018,5
2803,Kelantan,Kuala Krai,assault,rape,2019,7
2804,Kelantan,Kuala Krai,assault,rape,2020,10
2805,Kelantan,Kuala Krai,assault,rape,2021,8
2806,Kelantan,Kuala Krai,assault,rape,2022,11
2807,Kelantan,Kuala Krai,assault,rape,2023,12
2808,Kelantan,Kuala Krai,assault,robbery_gang_armed,2016,0
2809,Kelantan,Kuala Krai,assault,robbery_gang_armed,2017,0
2810,Kelantan,Kuala Krai,assault,robbery_gang_armed,2018,0
2811,Kelantan,Kuala Krai,assault,robbery_gang_armed,2019,0
2812,Kelantan,Kuala Krai,assault,robbery_gang_armed,2020,0
2813,Kelantan,Kuala Krai,assault,robbery_gang_armed,2021,0
2814,Kelantan,Kuala Krai,assault,robbery_gang_armed,2022,0
2815,Kelantan,Kuala Krai,assault,robbery_gang_armed,2023,0
2816,Kelantan,Kuala Krai,assault,robbery_gang_unarmed,2016,5
2817,Kelantan,Kuala Krai,assault,robbery_gang_unarmed,2017,8
2818,Kelantan,Kuala Krai,assault,robbery_gang_unarmed,2018,5
2819,Kelantan,Kuala Krai,assault,robbery_gang_unarmed,2019,2
2820,Kelantan,Kuala Krai,assault,robbery_gang_unarmed,2020,1
2821,Kelantan,Kuala Krai,assault,robbery_gang_unarmed,2021,0
2822,Kelantan,Kuala Krai,assault,robbery_gang_unarmed,2022,1
2823,Kelantan,Kuala Krai,assault,robbery_gang_unarmed,2023,0
2824,Kelantan,Kuala Krai,assault,robbery_solo_armed,2016,0
2825,Kelantan,Kuala Krai,assault,robbery_solo_armed,2017,0
2826,Kelantan,Kuala Krai,assault,robbery_solo_armed,2018,0
2827,Kelantan,Kuala Krai,assault,robbery_solo_armed,2019,0
2828,Kelantan,Kuala Krai,assault,robbery_solo_armed,2020,0
2829,Kelantan,Kuala Krai,assault,robbery_solo_armed,2021,0
2830,Kelantan,Kuala Krai,assault,robbery_solo_armed,2022,0
2831,Kelantan,Kuala Krai,assault,robbery_solo_armed,2023,0
2832,Kelantan,Kuala Krai,assault,robbery_solo_unarmed,2016,2
2833,Kelantan,Kuala Krai,assault,robbery_solo_unarmed,2017,3
2834,Kelantan,Kuala Krai,assault,robbery_solo_unarmed,2018,2
2835,Kelantan,Kuala Krai,assault,robbery_solo_unarmed,2019,2
2836,Kelantan,Kuala Krai,assault,robbery_solo_unarmed,2020,1
2837,Kelantan,Kuala Krai,assault,robbery_solo_unarmed,2021,0
2838,Kelantan,Kuala Krai,assault,robbery_solo_unarmed,2022,1
2839,Kelantan,Kuala Krai,assault,robbery_solo_unarmed,2023,1
2840,Kelantan,Kuala Krai,property,break_in,2016,31
2841,Kelantan,Kuala Krai,property,break_in,2017,33
2842,Kelantan,Kuala Krai,property,break_in,2018,42
2843,Kelantan,Kuala Krai,property,break_in,2019,40
2844,Kelantan,Kuala Krai,property,break_in,2020,23
2845,Kelantan,Kuala Krai,property,break_in,2021,20
2846,Kelantan,Kuala Krai,property,break_in,2022,9
2847,Kelantan,Kuala Krai,property,break_in,2023,11
2848,Kelantan,Kuala Krai,property,theft_other,2016,64
2849,Kelantan,Kuala Krai,property,theft_other,2017,64
2850,Kelantan,Kuala Krai,property,theft_other,2018,67
2851,Kelantan,Kuala Krai,property,theft_other,2019,62
2852,Kelantan,Kuala Krai,property,theft_other,2020,40
2853,Kelantan,Kuala Krai,property,theft_other,2021,20
2854,Kelantan,Kuala Krai,property,theft_other,2022,13
2855,Kelantan,Kuala Krai,property,theft_other,2023,16
2856,Kelantan,Kuala Krai,property,theft_vehicle_lorry,2016,2
2857,Kelantan,Kuala Krai,property,theft_vehicle_lorry,2017,2
2858,Kelantan,Kuala Krai,property,theft_vehicle_lorry,2018,2
2859,Kelantan,Kuala Krai,property,theft_vehicle_lorry,2019,1
2860,Kelantan,Kuala Krai,property,theft_vehicle_lorry,2020,0
2861,Kelantan,Kuala Krai,property,theft_vehicle_lorry,2021,0
2862,Kelantan,Kuala Krai,property,theft_vehicle_lorry,2022,1
2863,Kelantan,Kuala Krai,property,theft_vehicle_lorry,2023,1
2864,Kelantan,Kuala Krai,property,theft_vehicle_motorcar,2016,23
2865,Kelantan,Kuala Krai,property,theft_vehicle_motorcar,2017,36
2866,Kelantan,Kuala Krai,property,theft_vehicle_motorcar,2018,15
2867,Kelantan,Kuala Krai,property,theft_vehicle_motorcar,2019,8
2868,Kelantan,Kuala Krai,property,theft_vehicle_motorcar,2020,1
2869,Kelantan,Kuala Krai,property,theft_vehicle_motorcar,2021,0
2870,Kelantan,Kuala Krai,property,theft_vehicle_motorcar,2022,7
2871,Kelantan,Kuala Krai,property,theft_vehicle_motorcar,2023,4
2872,Kelantan,Kuala Krai,property,theft_vehicle_motorcycle,2016,89
2873,Kelantan,Kuala Krai,property,theft_vehicle_motorcycle,2017,75
2874,Kelantan,Kuala Krai,property,theft_vehicle_motorcycle,2018,36
2875,Kelantan,Kuala Krai,property,theft_vehicle_motorcycle,2019,23
2876,Kelantan,Kuala Krai,property,theft_vehicle_motorcycle,2020,22
2877,Kelantan,Kuala Krai,property,theft_vehicle_motorcycle,2021,11
2878,Kelantan,Kuala Krai,property,theft_vehicle_motorcycle,2022,8
2879,Kelantan,Kuala Krai,property,theft_vehicle_motorcycle,2023,14
2880,Kelantan,Machang,assault,causing_injury,2016,11
2881,Kelantan,Machang,assault,causing_injury,2017,17
2882,Kelantan,Machang,assault,causing_injury,2018,14
2883,Kelantan,Machang,assault,causing_injury,2019,4
2884,Kelantan,Machang,assault,causing_injury,2020,13
2885,Kelantan,Machang,assault,causing_injury,2021,13
2886,Kelantan,Machang,assault,causing_injury,2022,6
2887,Kelantan,Machang,assault,causing_injury,2023,4
2888,Kelantan,Machang,assault,murder,2016,0
2889,Kelantan,Machang,assault,murder,2017,1
2890,Kelantan,Machang,assault,murder,2018,0
2891,Kelantan,Machang,assault,murder,2019,0
2892,Kelantan,Machang,assault,murder,2020,1
2893,Kelantan,Machang,assault,murder,2021,1
2894,Kelantan,Machang,assault,murder,2022,0
2895,Kelantan,Machang,assault,murder,2023,3
2896,Kelantan,Machang,assault,rape,2016,7
2897,Kelantan,Machang,assault,rape,2017,5
2898,Kelantan,Machang,assault,rape,2018,5
2899,Kelantan,Machang,assault,rape,2019,4
2900,Kelantan,Machang,assault,rape,2020,7
2901,Kelantan,Machang,assault,rape,2021,2
2902,Kelantan,Machang,assault,rape,2022,3
2903,Kelantan,Machang,assault,rape,2023,3
2904,Kelantan,Machang,assault,robbery_gang_armed,2016,0
2905,Kelantan,Machang,assault,robbery_gang_armed,2017,0
2906,Kelantan,Machang,assault,robbery_gang_armed,2018,0
2907,Kelantan,Machang,assault,robbery_gang_armed,2019,0
2908,Kelantan,Machang,assault,robbery_gang_armed,2020,0
2909,Kelantan,Machang,assault,robbery_gang_armed,2021,1
2910,Kelantan,Machang,assault,robbery_gang_armed,2022,0
2911,Kelantan,Machang,assault,robbery_gang_armed,2023,0
2912,Kelantan,Machang,assault,robbery_gang_unarmed,2016,1
2913,Kelantan,Machang,assault,robbery_gang_unarmed,2017,9
2914,Kelantan,Machang,assault,robbery_gang_unarmed,2018,8
2915,Kelantan,Machang,assault,robbery_gang_unarmed,2019,6
2916,Kelantan,Machang,assault,robbery_gang_unarmed,2020,2
2917,Kelantan,Machang,assault,robbery_gang_unarmed,2021,3
2918,Kelantan,Machang,assault,robbery_gang_unarmed,2022,2
2919,Kelantan,Machang,assault,robbery_gang_unarmed,2023,3
2920,Kelantan,Machang,assault,robbery_solo_armed,2016,0
2921,Kelantan,Machang,assault,robbery_solo_armed,2017,0
2922,Kelantan,Machang,assault,robbery_solo_armed,2018,0
2923,Kelantan,Machang,assault,robbery_solo_armed,2019,0
2924,Kelantan,Machang,assault,robbery_solo_armed,2020,0
2925,Kelantan,Machang,assault,robbery_solo_armed,2021,0
2926,Kelantan,Machang,assault,robbery_solo_armed,2022,0
2927,Kelantan,Machang,assault,robbery_solo_armed,2023,0
2928,Kelantan,Machang,assault,robbery_solo_unarmed,2016,3
2929,Kelantan,Machang,assault,robbery_solo_unarmed,2017,6
2930,Kelantan,Machang,assault,robbery_solo_unarmed,2018,2
2931,Kelantan,Machang,assault,robbery_solo_unarmed,2019,5
2932,Kelantan,Machang,assault,robbery_solo_unarmed,2020,7
2933,Kelantan,Machang,assault,robbery_solo_unarmed,2021,0
2934,Kelantan,Machang,assault,robbery_solo_unarmed,2022,4
2935,Kelantan,Machang,assault,robbery_solo_unarmed,2023,2
2936,Kelantan,Machang,property,break_in,2016,35
2937,Kelantan,Machang,property,break_in,2017,35
2938,Kelantan,Machang,property,break_in,2018,234
2939,Kelantan,Machang,property,break_in,2019,63
2940,Kelantan,Machang,property,break_in,2020,48
2941,Kelantan,Machang,property,break_in,2021,33
2942,Kelantan,Machang,property,break_in,2022,61
2943,Kelantan,Machang,property,break_in,2023,44
2944,Kelantan,Machang,property,theft_other,2016,44
2945,Kelantan,Machang,property,theft_other,2017,35
2946,Kelantan,Machang,property,theft_other,2018,24
2947,Kelantan,Machang,property,theft_other,2019,49
2948,Kelantan,Machang,property,theft_other,2020,45
2949,Kelantan,Machang,property,theft_other,2021,35
2950,Kelantan,Machang,property,theft_other,2022,30
2951,Kelantan,Machang,property,theft_other,2023,28
2952,Kelantan,Machang,property,theft_vehicle_lorry,2016,1
2953,Kelantan,Machang,property,theft_vehicle_lorry,2017,2
2954,Kelantan,Machang,property,theft_vehicle_lorry,2018,3
2955,Kelantan,Machang,property,theft_vehicle_lorry,2019,1
2956,Kelantan,Machang,property,theft_vehicle_lorry,2020,1
2957,Kelantan,Machang,property,theft_vehicle_lorry,2021,0
2958,Kelantan,Machang,property,theft_vehicle_lorry,2022,2
2959,Kelantan,Machang,property,theft_vehicle_lorry,2023,1
2960,Kelantan,Machang,property,theft_vehicle_motorcar,2016,27
2961,Kelantan,Machang,property,theft_vehicle_motorcar,2017,34
2962,Kelantan,Machang,property,theft_vehicle_motorcar,2018,36
2963,Kelantan,Machang,property,theft_vehicle_motorcar,2019,20
2964,Kelantan,Machang,property,theft_vehicle_motorcar,2020,5
2965,Kelantan,Machang,property,theft_vehicle_motorcar,2021,2
2966,Kelantan,Machang,property,theft_vehicle_motorcar,2022,5
2967,Kelantan,Machang,property,theft_vehicle_motorcar,2023,4
2968,Kelantan,Machang,property,theft_vehicle_motorcycle,2016,104
2969,Kelantan,Machang,property,theft_vehicle_motorcycle,2017,71
2970,Kelantan,Machang,property,theft_vehicle_motorcycle,2018,54
2971,Kelantan,Machang,property,theft_vehicle_motorcycle,2019,36
2972,Kelantan,Machang,property,theft_vehicle_motorcycle,2020,32
2973,Kelantan,Machang,property,theft_vehicle_motorcycle,2021,20
2974,Kelantan,Machang,property,theft_vehicle_motorcycle,2022,23
2975,Kelantan,Machang,property,theft_vehicle_motorcycle,2023,14
2976,Kelantan,Pasir Mas,assault,causing_injury,2016,32
2977,Kelantan,Pasir Mas,assault,causing_injury,2017,25
2978,Kelantan,Pasir Mas,assault,causing_injury,2018,15
2979,Kelantan,Pasir Mas,assault,causing_injury,2019,22
2980,Kelantan,Pasir Mas,assault,causing_injury,2020,40
2981,Kelantan,Pasir Mas,assault,causing_injury,2021,37
2982,Kelantan,Pasir Mas,assault,causing_injury,2022,41
2983,Kelantan,Pasir Mas,assault,causing_injury,2023,21
2984,Kelantan,Pasir Mas,assault,murder,2016,3
2985,Kelantan,Pasir Mas,assault,murder,2017,1
2986,Kelantan,Pasir Mas,assault,murder,2018,2
2987,Kelantan,Pasir Mas,assault,murder,2019,1
2988,Kelantan,Pasir Mas,assault,murder,2020,0
2989,Kelantan,Pasir Mas,assault,murder,2021,1
2990,Kelantan,Pasir Mas,assault,murder,2022,1
2991,Kelantan,Pasir Mas,assault,murder,2023,1
2992,Kelantan,Pasir Mas,assault,rape,2016,21
2993,Kelantan,Pasir Mas,assault,rape,2017,12
2994,Kelantan,Pasir Mas,assault,rape,2018,11
2995,Kelantan,Pasir Mas,assault,rape,2019,5
2996,Kelantan,Pasir Mas,assault,rape,2020,9
2997,Kelantan,Pasir Mas,assault,rape,2021,13
2998,Kelantan,Pasir Mas,assault,rape,2022,10
2999,Kelantan,Pasir Mas,assault,rape,2023,20
3000,Kelantan,Pasir Mas,assault,robbery_gang_armed,2016,0
3001,Kelantan,Pasir Mas,assault,robbery_gang_armed,2017,0
3002,Kelantan,Pasir Mas,assault,robbery_gang_armed,2018,1
3003,Kelantan,Pasir Mas,assault,robbery_gang_armed,2019,0
3004,Kelantan,Pasir Mas,assault,robbery_gang_armed,2020,0
3005,Kelantan,Pasir Mas,assault,robbery_gang_armed,2021,0
3006,Kelantan,Pasir Mas,assault,robbery_gang_armed,2022,0
3007,Kelantan,Pasir Mas,assault,robbery_gang_armed,2023,0
3008,Kelantan,Pasir Mas,assault,robbery_gang_unarmed,2016,4
3009,Kelantan,Pasir Mas,assault,robbery_gang_unarmed,2017,11
3010,Kelantan,Pasir Mas,assault,robbery_gang_unarmed,2018,16
3011,Kelantan,Pasir Mas,assault,robbery_gang_unarmed,2019,17
3012,Kelantan,Pasir Mas,assault,robbery_gang_unarmed,2020,7
3013,Kelantan,Pasir Mas,assault,robbery_gang_unarmed,2021,6
3014,Kelantan,Pasir Mas,assault,robbery_gang_unarmed,2022,5
3015,Kelantan,Pasir Mas,assault,robbery_gang_unarmed,2023,2
3016,Kelantan,Pasir Mas,assault,robbery_solo_armed,2016,0
3017,Kelantan,Pasir Mas,assault,robbery_solo_armed,2017,0
3018,Kelantan,Pasir Mas,assault,robbery_solo_armed,2018,0
3019,Kelantan,Pasir Mas,assault,robbery_solo_armed,2019,0
3020,Kelantan,Pasir Mas,assault,robbery_solo_armed,2020,0
3021,Kelantan,Pasir Mas,assault,robbery_solo_armed,2021,0
3022,Kelantan,Pasir Mas,assault,robbery_solo_armed,2022,0
3023,Kelantan,Pasir Mas,assault,robbery_solo_armed,2023,0
3024,Kelantan,Pasir Mas,assault,robbery_solo_unarmed,2016,5
3025,Kelantan,Pasir Mas,assault,robbery_solo_unarmed,2017,7
3026,Kelantan,Pasir Mas,assault,robbery_solo_unarmed,2018,6
3027,Kelantan,Pasir Mas,assault,robbery_solo_unarmed,2019,6
3028,Kelantan,Pasir Mas,assault,robbery_solo_unarmed,2020,11
3029,Kelantan,Pasir Mas,assault,robbery_solo_unarmed,2021,9
3030,Kelantan,Pasir Mas,assault,robbery_solo_unarmed,2022,8
3031,Kelantan,Pasir Mas,assault,robbery_solo_unarmed,2023,4
3032,Kelantan,Pasir Mas,property,break_in,2016,106
3033,Kelantan,Pasir Mas,property,break_in,2017,96
3034,Kelantan,Pasir Mas,property,break_in,2018,112
3035,Kelantan,Pasir Mas,property,break_in,2019,146
3036,Kelantan,Pasir Mas,property,break_in,2020,53
3037,Kelantan,Pasir Mas,property,break_in,2021,28
3038,Kelantan,Pasir Mas,property,break_in,2022,24
3039,Kelantan,Pasir Mas,property,break_in,2023,28
3040,Kelantan,Pasir Mas,property,theft_other,2016,156
3041,Kelantan,Pasir Mas,property,theft_other,2017,99
3042,Kelantan,Pasir Mas,property,theft_other,2018,124
3043,Kelantan,Pasir Mas,property,theft_other,2019,136
3044,Kelantan,Pasir Mas,property,theft_other,2020,53
3045,Kelantan,Pasir Mas,property,theft_other,2021,35
3046,Kelantan,Pasir Mas,property,theft_other,2022,33
3047,Kelantan,Pasir Mas,property,theft_other,2023,12
3048,Kelantan,Pasir Mas,property,theft_vehicle_lorry,2016,3
3049,Kelantan,Pasir Mas,property,theft_vehicle_lorry,2017,8
3050,Kelantan,Pasir Mas,property,theft_vehicle_lorry,2018,6
3051,Kelantan,Pasir Mas,property,theft_vehicle_lorry,2019,0
3052,Kelantan,Pasir Mas,property,theft_vehicle_lorry,2020,1
3053,Kelantan,Pasir Mas,property,theft_vehicle_lorry,2021,0
3054,Kelantan,Pasir Mas,property,theft_vehicle_lorry,2022,1
3055,Kelantan,Pasir Mas,property,theft_vehicle_lorry,2023,3
3056,Kelantan,Pasir Mas,property,theft_vehicle_motorcar,2016,23
3057,Kelantan,Pasir Mas,property,theft_vehicle_motorcar,2017,50
3058,Kelantan,Pasir Mas,property,theft_vehicle_motorcar,2018,37
3059,Kelantan,Pasir Mas,property,theft_vehicle_motorcar,2019,11
3060,Kelantan,Pasir Mas,property,theft_vehicle_motorcar,2020,10
3061,Kelantan,Pasir Mas,property,theft_vehicle_motorcar,2021,1
3062,Kelantan,Pasir Mas,property,theft_vehicle_motorcar,2022,7
3063,Kelantan,Pasir Mas,property,theft_vehicle_motorcar,2023,18
3064,Kelantan,Pasir Mas,property,theft_vehicle_motorcycle,2016,158
3065,Kelantan,Pasir Mas,property,theft_vehicle_motorcycle,2017,173
3066,Kelantan,Pasir Mas,property,theft_vehicle_motorcycle,2018,96
3067,Kelantan,Pasir Mas,property,theft_vehicle_motorcycle,2019,56
3068,Kelantan,Pasir Mas,property,theft_vehicle_motorcycle,2020,31
3069,Kelantan,Pasir Mas,property,theft_vehicle_motorcycle,2021,27
3070,Kelantan,Pasir Mas,property,theft_vehicle_motorcycle,2022,38
3071,Kelantan,Pasir Mas,property,theft_vehicle_motorcycle,2023,30
3072,Kelantan,Pasir Puteh,assault,causing_injury,2016,36
3073,Kelantan,Pasir Puteh,assault,causing_injury,2017,30
3074,Kelantan,Pasir Puteh,assault,causing_injury,2018,23
3075,Kelantan,Pasir Puteh,assault,causing_injury,2019,28
3076,Kelantan,Pasir Puteh,assault,causing_injury,2020,28
3077,Kelantan,Pasir Puteh,assault,causing_injury,2021,28
3078,Kelantan,Pasir Puteh,assault,causing_injury,2022,23
3079,Kelantan,Pasir Puteh,assault,causing_injury,2023,14
3080,Kelantan,Pasir Puteh,assault,murder,2016,0
3081,Kelantan,Pasir Puteh,assault,murder,2017,1
3082,Kelantan,Pasir Puteh,assault,murder,2018,2
3083,Kelantan,Pasir Puteh,assault,murder,2019,2
3084,Kelantan,Pasir Puteh,assault,murder,2020,3
3085,Kelantan,Pasir Puteh,assault,murder,2021,2
3086,Kelantan,Pasir Puteh,assault,murder,2022,0
3087,Kelantan,Pasir Puteh,assault,murder,2023,0
3088,Kelantan,Pasir Puteh,assault,rape,2016,12
3089,Kelantan,Pasir Puteh,assault,rape,2017,8
3090,Kelantan,Pasir Puteh,assault,rape,2018,12
3091,Kelantan,Pasir Puteh,assault,rape,2019,9
3092,Kelantan,Pasir Puteh,assault,rape,2020,18
3093,Kelantan,Pasir Puteh,assault,rape,2021,12
3094,Kelantan,Pasir Puteh,assault,rape,2022,15
3095,Kelantan,Pasir Puteh,assault,rape,2023,15
3096,Kelantan,Pasir Puteh,assault,robbery_gang_armed,2016,0
3097,Kelantan,Pasir Puteh,assault,robbery_gang_armed,2017,0
3098,Kelantan,Pasir Puteh,assault,robbery_gang_armed,2018,0
3099,Kelantan,Pasir Puteh,assault,robbery_gang_armed,2019,0
3100,Kelantan,Pasir Puteh,assault,robbery_gang_armed,2020,0
3101,Kelantan,Pasir Puteh,assault,robbery_gang_armed,2021,0
3102,Kelantan,Pasir Puteh,assault,robbery_gang_armed,2022,1
3103,Kelantan,Pasir Puteh,assault,robbery_gang_armed,2023,0
3104,Kelantan,Pasir Puteh,assault,robbery_gang_unarmed,2016,15
3105,Kelantan,Pasir Puteh,assault,robbery_gang_unarmed,2017,18
3106,Kelantan,Pasir Puteh,assault,robbery_gang_unarmed,2018,10
3107,Kelantan,Pasir Puteh,assault,robbery_gang_unarmed,2019,11
3108,Kelantan,Pasir Puteh,assault,robbery_gang_unarmed,2020,11
3109,Kelantan,Pasir Puteh,assault,robbery_gang_unarmed,2021,7
3110,Kelantan,Pasir Puteh,assault,robbery_gang_unarmed,2022,8
3111,Kelantan,Pasir Puteh,assault,robbery_gang_unarmed,2023,8
3112,Kelantan,Pasir Puteh,assault,robbery_solo_armed,2016,0
3113,Kelantan,Pasir Puteh,assault,robbery_solo_armed,2017,0
3114,Kelantan,Pasir Puteh,assault,robbery_solo_armed,2018,0
3115,Kelantan,Pasir Puteh,assault,robbery_solo_armed,2019,0
3116,Kelantan,Pasir Puteh,assault,robbery_solo_armed,2020,0
3117,Kelantan,Pasir Puteh,assault,robbery_solo_armed,2021,0
3118,Kelantan,Pasir Puteh,assault,robbery_solo_armed,2022,0
3119,Kelantan,Pasir Puteh,assault,robbery_solo_armed,2023,0
3120,Kelantan,Pasir Puteh,assault,robbery_solo_unarmed,2016,2
3121,Kelantan,Pasir Puteh,assault,robbery_solo_unarmed,2017,4
3122,Kelantan,Pasir Puteh,assault,robbery_solo_unarmed,2018,1
3123,Kelantan,Pasir Puteh,assault,robbery_solo_unarmed,2019,8
3124,Kelantan,Pasir Puteh,assault,robbery_solo_unarmed,2020,8
3125,Kelantan,Pasir Puteh,assault,robbery_solo_unarmed,2021,3
3126,Kelantan,Pasir Puteh,assault,robbery_solo_unarmed,2022,9
3127,Kelantan,Pasir Puteh,assault,robbery_solo_unarmed,2023,7
3128,Kelantan,Pasir Puteh,property,break_in,2016,100
3129,Kelantan,Pasir Puteh,property,break_in,2017,72
3130,Kelantan,Pasir Puteh,property,break_in,2018,102
3131,Kelantan,Pasir Puteh,property,break_in,2019,78
3132,Kelantan,Pasir Puteh,property,break_in,2020,60
3133,Kelantan,Pasir Puteh,property,break_in,2021,60
3134,Kelantan,Pasir Puteh,property,break_in,2022,57
3135,Kelantan,Pasir Puteh,property,break_in,2023,36
3136,Kelantan,Pasir Puteh,property,theft_other,2016,68
3137,Kelantan,Pasir Puteh,property,theft_other,2017,54
3138,Kelantan,Pasir Puteh,property,theft_other,2018,51
3139,Kelantan,Pasir Puteh,property,theft_other,2019,56
3140,Kelantan,Pasir Puteh,property,theft_other,2020,53
3141,Kelantan,Pasir Puteh,property,theft_other,2021,50
3142,Kelantan,Pasir Puteh,property,theft_other,2022,43
3143,Kelantan,Pasir Puteh,property,theft_other,2023,38
3144,Kelantan,Pasir Puteh,property,theft_vehicle_lorry,2016,4
3145,Kelantan,Pasir Puteh,property,theft_vehicle_lorry,2017,7
3146,Kelantan,Pasir Puteh,property,theft_vehicle_lorry,2018,3
3147,Kelantan,Pasir Puteh,property,theft_vehicle_lorry,2019,2
3148,Kelantan,Pasir Puteh,property,theft_vehicle_lorry,2020,3
3149,Kelantan,Pasir Puteh,property,theft_vehicle_lorry,2021,0
3150,Kelantan,Pasir Puteh,property,theft_vehicle_lorry,2022,1
3151,Kelantan,Pasir Puteh,property,theft_vehicle_lorry,2023,1
3152,Kelantan,Pasir Puteh,property,theft_vehicle_motorcar,2016,30
3153,Kelantan,Pasir Puteh,property,theft_vehicle_motorcar,2017,54
3154,Kelantan,Pasir Puteh,property,theft_vehicle_motorcar,2018,21
3155,Kelantan,Pasir Puteh,property,theft_vehicle_motorcar,2019,20
3156,Kelantan,Pasir Puteh,property,theft_vehicle_motorcar,2020,12
3157,Kelantan,Pasir Puteh,property,theft_vehicle_motorcar,2021,5
3158,Kelantan,Pasir Puteh,property,theft_vehicle_motorcar,2022,4
3159,Kelantan,Pasir Puteh,property,theft_vehicle_motorcar,2023,10
3160,Kelantan,Pasir Puteh,property,theft_vehicle_motorcycle,2016,138
3161,Kelantan,Pasir Puteh,property,theft_vehicle_motorcycle,2017,150
3162,Kelantan,Pasir Puteh,property,theft_vehicle_motorcycle,2018,165
3163,Kelantan,Pasir Puteh,property,theft_vehicle_motorcycle,2019,114
3164,Kelantan,Pasir Puteh,property,theft_vehicle_motorcycle,2020,84
3165,Kelantan,Pasir Puteh,property,theft_vehicle_motorcycle,2021,56
3166,Kelantan,Pasir Puteh,property,theft_vehicle_motorcycle,2022,70
3167,Kelantan,Pasir Puteh,property,theft_vehicle_motorcycle,2023,50
3168,Kelantan,Tanah Merah,assault,causing_injury,2016,22
3169,Kelantan,Tanah Merah,assault,causing_injury,2017,28
3170,Kelantan,Tanah Merah,assault,causing_injury,2018,25
3171,Kelantan,Tanah Merah,assault,causing_injury,2019,16
3172,Kelantan,Tanah Merah,assault,causing_injury,2020,21
3173,Kelantan,Tanah Merah,assault,causing_injury,2021,12
3174,Kelantan,Tanah Merah,assault,causing_injury,2022,13
3175,Kelantan,Tanah Merah,assault,causing_injury,2023,11
3176,Kelantan,Tanah Merah,assault,murder,2016,1
3177,Kelantan,Tanah Merah,assault,murder,2017,1
3178,Kelantan,Tanah Merah,assault,murder,2018,0
3179,Kelantan,Tanah Merah,assault,murder,2019,1
3180,Kelantan,Tanah Merah,assault,murder,2020,1
3181,Kelantan,Tanah Merah,assault,murder,2021,0
3182,Kelantan,Tanah Merah,assault,murder,2022,0
3183,Kelantan,Tanah Merah,assault,murder,2023,1
3184,Kelantan,Tanah Merah,assault,rape,2016,10
3185,Kelantan,Tanah Merah,assault,rape,2017,16
3186,Kelantan,Tanah Merah,assault,rape,2018,13
3187,Kelantan,Tanah Merah,assault,rape,2019,13
3188,Kelantan,Tanah Merah,assault,rape,2020,16
3189,Kelantan,Tanah Merah,assault,rape,2021,10
3190,Kelantan,Tanah Merah,assault,rape,2022,9
3191,Kelantan,Tanah Merah,assault,rape,2023,3
3192,Kelantan,Tanah Merah,assault,robbery_gang_armed,2016,0
3193,Kelantan,Tanah Merah,assault,robbery_gang_armed,2017,0
3194,Kelantan,Tanah Merah,assault,robbery_gang_armed,2018,0
3195,Kelantan,Tanah Merah,assault,robbery_gang_armed,2019,0
3196,Kelantan,Tanah Merah,assault,robbery_gang_armed,2020,0
3197,Kelantan,Tanah Merah,assault,robbery_gang_armed,2021,0
3198,Kelantan,Tanah Merah,assault,robbery_gang_armed,2022,0
3199,Kelantan,Tanah Merah,assault,robbery_gang_armed,2023,0
3200,Kelantan,Tanah Merah,assault,robbery_gang_unarmed,2016,1
3201,Kelantan,Tanah Merah,assault,robbery_gang_unarmed,2017,4
3202,Kelantan,Tanah Merah,assault,robbery_gang_unarmed,2018,8
3203,Kelantan,Tanah Merah,assault,robbery_gang_unarmed,2019,5
3204,Kelantan,Tanah Merah,assault,robbery_gang_unarmed,2020,6
3205,Kelantan,Tanah Merah,assault,robbery_gang_unarmed,2021,9
3206,Kelantan,Tanah Merah,assault,robbery_gang_unarmed,2022,8
3207,Kelantan,Tanah Merah,assault,robbery_gang_unarmed,2023,2
3208,Kelantan,Tanah Merah,assault,robbery_solo_armed,2016,0
3209,Kelantan,Tanah Merah,assault,robbery_solo_armed,2017,0
3210,Kelantan,Tanah Merah,assault,robbery_solo_armed,2018,0
3211,Kelantan,Tanah Merah,assault,robbery_solo_armed,2019,0
3212,Kelantan,Tanah Merah,assault,robbery_solo_armed,2020,0
3213,Kelantan,Tanah Merah,assault,robbery_solo_armed,2021,0
3214,Kelantan,Tanah Merah,assault,robbery_solo_armed,2022,0
3215,Kelantan,Tanah Merah,assault,robbery_solo_armed,2023,0
3216,Kelantan,Tanah Merah,assault,robbery_solo_unarmed,2016,0
3217,Kelantan,Tanah Merah,assault,robbery_solo_unarmed,2017,6
3218,Kelantan,Tanah Merah,assault,robbery_solo_unarmed,2018,5
3219,Kelantan,Tanah Merah,assault,robbery_solo_unarmed,2019,4
3220,Kelantan,Tanah Merah,assault,robbery_solo_unarmed,2020,5
3221,Kelantan,Tanah Merah,assault,robbery_solo_unarmed,2021,6
3222,Kelantan,Tanah Merah,assault,robbery_solo_unarmed,2022,11
3223,Kelantan,Tanah Merah,assault,robbery_solo_unarmed,2023,0
3224,Kelantan,Tanah Merah,property,break_in,2016,40
3225,Kelantan,Tanah Merah,property,break_in,2017,26
3226,Kelantan,Tanah Merah,property,break_in,2018,18
3227,Kelantan,Tanah Merah,property,break_in,2019,48
3228,Kelantan,Tanah Merah,property,break_in,2020,41
3229,Kelantan,Tanah Merah,property,break_in,2021,25
3230,Kelantan,Tanah Merah,property,break_in,2022,33
3231,Kelantan,Tanah Merah,property,break_in,2023,45
3232,Kelantan,Tanah Merah,property,theft_other,2016,29
3233,Kelantan,Tanah Merah,property,theft_other,2017,16
3234,Kelantan,Tanah Merah,property,theft_other,2018,28
3235,Kelantan,Tanah Merah,property,theft_other,2019,36
3236,Kelantan,Tanah Merah,property,theft_other,2020,31
3237,Kelantan,Tanah Merah,property,theft_other,2021,54
3238,Kelantan,Tanah Merah,property,theft_other,2022,70
3239,Kelantan,Tanah Merah,property,theft_other,2023,76
3240,Kelantan,Tanah Merah,property,theft_vehicle_lorry,2016,5
3241,Kelantan,Tanah Merah,property,theft_vehicle_lorry,2017,3
3242,Kelantan,Tanah Merah,property,theft_vehicle_lorry,2018,3
3243,Kelantan,Tanah Merah,property,theft_vehicle_lorry,2019,1
3244,Kelantan,Tanah Merah,property,theft_vehicle_lorry,2020,0
3245,Kelantan,Tanah Merah,property,theft_vehicle_lorry,2021,0
3246,Kelantan,Tanah Merah,property,theft_vehicle_lorry,2022,0
3247,Kelantan,Tanah Merah,property,theft_vehicle_lorry,2023,1
3248,Kelantan,Tanah Merah,property,theft_vehicle_motorcar,2016,32
3249,Kelantan,Tanah Merah,property,theft_vehicle_motorcar,2017,40
3250,Kelantan,Tanah Merah,property,theft_vehicle_motorcar,2018,31
3251,Kelantan,Tanah Merah,property,theft_vehicle_motorcar,2019,17
3252,Kelantan,Tanah Merah,property,theft_vehicle_motorcar,2020,8
3253,Kelantan,Tanah Merah,property,theft_vehicle_motorcar,2021,9
3254,Kelantan,Tanah Merah,property,theft_vehicle_motorcar,2022,8
3255,Kelantan,Tanah Merah,property,theft_vehicle_motorcar,2023,8
3256,Kelantan,Tanah Merah,property,theft_vehicle_motorcycle,2016,130
3257,Kelantan,Tanah Merah,property,theft_vehicle_motorcycle,2017,124
3258,Kelantan,Tanah Merah,property,theft_vehicle_motorcycle,2018,85
3259,Kelantan,Tanah Merah,property,theft_vehicle_motorcycle,2019,89
3260,Kelantan,Tanah Merah,property,theft_vehicle_motorcycle,2020,46
3261,Kelantan,Tanah Merah,property,theft_vehicle_motorcycle,2021,14
3262,Kelantan,Tanah Merah,property,theft_vehicle_motorcycle,2022,38
3263,Kelantan,Tanah Merah,property,theft_vehicle_motorcycle,2023,39
3264,Kelantan,Tumpat,assault,causing_injury,2016,25
3265,Kelantan,Tumpat,assault,causing_injury,2017,19
3266,Kelantan,Tumpat,assault,causing_injury,2018,23
3267,Kelantan,Tumpat,assault,causing_injury,2019,19
3268,Kelantan,Tumpat,assault,causing_injury,2020,8
3269,Kelantan,Tumpat,assault,causing_injury,2021,14
3270,Kelantan,Tumpat,assault,causing_injury,2022,15
3271,Kelantan,Tumpat,assault,causing_injury,2023,6
3272,Kelantan,Tumpat,assault,murder,2016,1
3273,Kelantan,Tumpat,assault,murder,2017,3
3274,Kelantan,Tumpat,assault,murder,2018,0
3275,Kelantan,Tumpat,assault,murder,2019,0
3276,Kelantan,Tumpat,assault,murder,2020,0
3277,Kelantan,Tumpat,assault,murder,2021,0
3278,Kelantan,Tumpat,assault,murder,2022,1
3279,Kelantan,Tumpat,assault,murder,2023,1
3280,Kelantan,Tumpat,assault,rape,2016,10
3281,Kelantan,Tumpat,assault,rape,2017,12
3282,Kelantan,Tumpat,assault,rape,2018,9
3283,Kelantan,Tumpat,assault,rape,2019,8
3284,Kelantan,Tumpat,assault,rape,2020,13
3285,Kelantan,Tumpat,assault,rape,2021,8
3286,Kelantan,Tumpat,assault,rape,2022,5
3287,Kelantan,Tumpat,assault,rape,2023,9
3288,Kelantan,Tumpat,assault,robbery_gang_armed,2016,0
3289,Kelantan,Tumpat,assault,robbery_gang_armed,2017,0
3290,Kelantan,Tumpat,assault,robbery_gang_armed,2018,0
3291,Kelantan,Tumpat,assault,robbery_gang_armed,2019,0
3292,Kelantan,Tumpat,assault,robbery_gang_armed,2020,0
3293,Kelantan,Tumpat,assault,robbery_gang_armed,2021,0
3294,Kelantan,Tumpat,assault,robbery_gang_armed,2022,0
3295,Kelantan,Tumpat,assault,robbery_gang_armed,2023,0
3296,Kelantan,Tumpat,assault,robbery_gang_unarmed,2016,11
3297,Kelantan,Tumpat,assault,robbery_gang_unarmed,2017,17
3298,Kelantan,Tumpat,assault,robbery_gang_unarmed,2018,18
3299,Kelantan,Tumpat,assault,robbery_gang_unarmed,2019,18
3300,Kelantan,Tumpat,assault,robbery_gang_unarmed,2020,11
3301,Kelantan,Tumpat,assault,robbery_gang_unarmed,2021,7
3302,Kelantan,Tumpat,assault,robbery_gang_unarmed,2022,4
3303,Kelantan,Tumpat,assault,robbery_gang_unarmed,2023,6
3304,Kelantan,Tumpat,assault,robbery_solo_armed,2016,0
3305,Kelantan,Tumpat,assault,robbery_solo_armed,2017,0
3306,Kelantan,Tumpat,assault,robbery_solo_armed,2018,0
3307,Kelantan,Tumpat,assault,robbery_solo_armed,2019,0
3308,Kelantan,Tumpat,assault,robbery_solo_armed,2020,0
3309,Kelantan,Tumpat,assault,robbery_solo_armed,2021,0
3310,Kelantan,Tumpat,assault,robbery_solo_armed,2022,0
3311,Kelantan,Tumpat,assault,robbery_solo_armed,2023,0
3312,Kelantan,Tumpat,assault,robbery_solo_unarmed,2016,2
3313,Kelantan,Tumpat,assault,robbery_solo_unarmed,2017,11
3314,Kelantan,Tumpat,assault,robbery_solo_unarmed,2018,11
3315,Kelantan,Tumpat,assault,robbery_solo_unarmed,2019,18
3316,Kelantan,Tumpat,assault,robbery_solo_unarmed,2020,11
3317,Kelantan,Tumpat,assault,robbery_solo_unarmed,2021,2
3318,Kelantan,Tumpat,assault,robbery_solo_unarmed,2022,10
3319,Kelantan,Tumpat,assault,robbery_solo_unarmed,2023,11
3320,Kelantan,Tumpat,property,break_in,2016,45
3321,Kelantan,Tumpat,property,break_in,2017,43
3322,Kelantan,Tumpat,property,break_in,2018,82
3323,Kelantan,Tumpat,property,break_in,2019,86
3324,Kelantan,Tumpat,property,break_in,2020,78
3325,Kelantan,Tumpat,property,break_in,2021,65
3326,Kelantan,Tumpat,property,break_in,2022,56
3327,Kelantan,Tumpat,property,break_in,2023,42
3328,Kelantan,Tumpat,property,theft_other,2016,47
3329,Kelantan,Tumpat,property,theft_other,2017,64
3330,Kelantan,Tumpat,property,theft_other,2018,55
3331,Kelantan,Tumpat,property,theft_other,2019,61
3332,Kelantan,Tumpat,property,theft_other,2020,67
3333,Kelantan,Tumpat,property,theft_other,2021,53
3334,Kelantan,Tumpat,property,theft_other,2022,55
3335,Kelantan,Tumpat,property,theft_other,2023,59
3336,Kelantan,Tumpat,property,theft_vehicle_lorry,2016,3
3337,Kelantan,Tumpat,property,theft_vehicle_lorry,2017,3
3338,Kelantan,Tumpat,property,theft_vehicle_lorry,2018,2
3339,Kelantan,Tumpat,property,theft_vehicle_lorry,2019,1
3340,Kelantan,Tumpat,property,theft_vehicle_lorry,2020,0
3341,Kelantan,Tumpat,property,theft_vehicle_lorry,2021,0
3342,Kelantan,Tumpat,property,theft_vehicle_lorry,2022,1
3343,Kelantan,Tumpat,property,theft_vehicle_lorry,2023,0
3344,Kelantan,Tumpat,property,theft_vehicle_motorcar,2016,28
3345,Kelantan,Tumpat,property,theft_vehicle_motorcar,2017,26
3346,Kelantan,Tumpat,property,theft_vehicle_motorcar,2018,22
3347,Kelantan,Tumpat,property,theft_vehicle_motorcar,2019,16
3348,Kelantan,Tumpat,property,theft_vehicle_motorcar,2020,11
3349,Kelantan,Tumpat,property,theft_vehicle_motorcar,2021,7
3350,Kelantan,Tumpat,property,theft_vehicle_motorcar,2022,6
3351,Kelantan,Tumpat,property,theft_vehicle_motorcar,2023,4
3352,Kelantan,Tumpat,property,theft_vehicle_motorcycle,2016,186
3353,Kelantan,Tumpat,property,theft_vehicle_motorcycle,2017,153
3354,Kelantan,Tumpat,property,theft_vehicle_motorcycle,2018,108
3355,Kelantan,Tumpat,property,theft_vehicle_motorcycle,2019,80
3356,Kelantan,Tumpat,property,theft_vehicle_motorcycle,2020,54
3357,Kelantan,Tumpat,property,theft_vehicle_motorcycle,2021,27
3358,Kelantan,Tumpat,property,theft_vehicle_motorcycle,2022,55
3359,Kelantan,Tumpat,property,theft_vehicle_motorcycle,2023,48
3360,Melaka,Alor Gajah,assault,causing_injury,2016,30
3361,Melaka,Alor Gajah,assault,causing_injury,2017,23
3362,Melaka,Alor Gajah,assault,causing_injury,2018,28
3363,Melaka,Alor Gajah,assault,causing_injury,2019,30
3364,Melaka,Alor Gajah,assault,causing_injury,2020,41
3365,Melaka,Alor Gajah,assault,causing_injury,2021,41
3366,Melaka,Alor Gajah,assault,causing_injury,2022,23
3367,Melaka,Alor Gajah,assault,causing_injury,2023,16
3368,Melaka,Alor Gajah,assault,murder,2016,4
3369,Melaka,Alor Gajah,assault,murder,2017,1
3370,Melaka,Alor Gajah,assault,murder,2018,2
3371,Melaka,Alor Gajah,assault,murder,2019,1
3372,Melaka,Alor Gajah,assault,murder,2020,2
3373,Melaka,Alor Gajah,assault,murder,2021,0
3374,Melaka,Alor Gajah,assault,murder,2022,0
3375,Melaka,Alor Gajah,assault,murder,2023,2
3376,Melaka,Alor Gajah,assault,rape,2016,10
3377,Melaka,Alor Gajah,assault,rape,2017,9
3378,Melaka,Alor Gajah,assault,rape,2018,11
3379,Melaka,Alor Gajah,assault,rape,2019,8
3380,Melaka,Alor Gajah,assault,rape,2020,9
3381,Melaka,Alor Gajah,assault,rape,2021,10
3382,Melaka,Alor Gajah,assault,rape,2022,15
3383,Melaka,Alor Gajah,assault,rape,2023,16
3384,Melaka,Alor Gajah,assault,robbery_gang_armed,2016,0
3385,Melaka,Alor Gajah,assault,robbery_gang_armed,2017,0
3386,Melaka,Alor Gajah,assault,robbery_gang_armed,2018,0
3387,Melaka,Alor Gajah,assault,robbery_gang_armed,2019,0
3388,Melaka,Alor Gajah,assault,robbery_gang_armed,2020,0
3389,Melaka,Alor Gajah,assault,robbery_gang_armed,2021,0
3390,Melaka,Alor Gajah,assault,robbery_gang_armed,2022,1
3391,Melaka,Alor Gajah,assault,robbery_gang_armed,2023,0
3392,Melaka,Alor Gajah,assault,robbery_gang_unarmed,2016,58
3393,Melaka,Alor Gajah,assault,robbery_gang_unarmed,2017,34
3394,Melaka,Alor Gajah,assault,robbery_gang_unarmed,2018,19
3395,Melaka,Alor Gajah,assault,robbery_gang_unarmed,2019,15
3396,Melaka,Alor Gajah,assault,robbery_gang_unarmed,2020,10
3397,Melaka,Alor Gajah,assault,robbery_gang_unarmed,2021,5
3398,Melaka,Alor Gajah,assault,robbery_gang_unarmed,2022,9
3399,Melaka,Alor Gajah,assault,robbery_gang_unarmed,2023,12
3400,Melaka,Alor Gajah,assault,robbery_solo_armed,2016,0
3401,Melaka,Alor Gajah,assault,robbery_solo_armed,2017,0
3402,Melaka,Alor Gajah,assault,robbery_solo_armed,2018,0
3403,Melaka,Alor Gajah,assault,robbery_solo_armed,2019,0
3404,Melaka,Alor Gajah,assault,robbery_solo_armed,2020,0
3405,Melaka,Alor Gajah,assault,robbery_solo_armed,2021,0
3406,Melaka,Alor Gajah,assault,robbery_solo_armed,2022,0
3407,Melaka,Alor Gajah,assault,robbery_solo_armed,2023,0
3408,Melaka,Alor Gajah,assault,robbery_solo_unarmed,2016,13
3409,Melaka,Alor Gajah,assault,robbery_solo_unarmed,2017,13
3410,Melaka,Alor Gajah,assault,robbery_solo_unarmed,2018,7
3411,Melaka,Alor Gajah,assault,robbery_solo_unarmed,2019,10
3412,Melaka,Alor Gajah,assault,robbery_solo_unarmed,2020,4
3413,Melaka,Alor Gajah,assault,robbery_solo_unarmed,2021,12
3414,Melaka,Alor Gajah,assault,robbery_solo_unarmed,2022,7
3415,Melaka,Alor Gajah,assault,robbery_solo_unarmed,2023,2
3416,Melaka,Alor Gajah,property,break_in,2016,44
3417,Melaka,Alor Gajah,property,break_in,2017,75
3418,Melaka,Alor Gajah,property,break_in,2018,68
3419,Melaka,Alor Gajah,property,break_in,2019,67
3420,Melaka,Alor Gajah,property,break_in,2020,42
3421,Melaka,Alor Gajah,property,break_in,2021,57
3422,Melaka,Alor Gajah,property,break_in,2022,69
3423,Melaka,Alor Gajah,property,break_in,2023,96
3424,Melaka,Alor Gajah,property,theft_other,2016,66
3425,Melaka,Alor Gajah,property,theft_other,2017,39
3426,Melaka,Alor Gajah,property,theft_other,2018,36
3427,Melaka,Alor Gajah,property,theft_other,2019,58
3428,Melaka,Alor Gajah,property,theft_other,2020,61
3429,Melaka,Alor Gajah,property,theft_other,2021,50
3430,Melaka,Alor Gajah,property,theft_other,2022,84
3431,Melaka,Alor Gajah,property,theft_other,2023,87
3432,Melaka,Alor Gajah,property,theft_vehicle_lorry,2016,7
3433,Melaka,Alor Gajah,property,theft_vehicle_lorry,2017,8
3434,Melaka,Alor Gajah,property,theft_vehicle_lorry,2018,3
3435,Melaka,Alor Gajah,property,theft_vehicle_lorry,2019,2
3436,Melaka,Alor Gajah,property,theft_vehicle_lorry,2020,4
3437,Melaka,Alor Gajah,property,theft_vehicle_lorry,2021,2
3438,Melaka,Alor Gajah,property,theft_vehicle_lorry,2022,3
3439,Melaka,Alor Gajah,property,theft_vehicle_lorry,2023,1
3440,Melaka,Alor Gajah,property,theft_vehicle_motorcar,2016,12
3441,Melaka,Alor Gajah,property,theft_vehicle_motorcar,2017,12
3442,Melaka,Alor Gajah,property,theft_vehicle_motorcar,2018,12
3443,Melaka,Alor Gajah,property,theft_vehicle_motorcar,2019,16
3444,Melaka,Alor Gajah,property,theft_vehicle_motorcar,2020,7
3445,Melaka,Alor Gajah,property,theft_vehicle_motorcar,2021,4
3446,Melaka,Alor Gajah,property,theft_vehicle_motorcar,2022,6
3447,Melaka,Alor Gajah,property,theft_vehicle_motorcar,2023,7
3448,Melaka,Alor Gajah,property,theft_vehicle_motorcycle,2016,192
3449,Melaka,Alor Gajah,property,theft_vehicle_motorcycle,2017,162
3450,Melaka,Alor Gajah,property,theft_vehicle_motorcycle,2018,148
3451,Melaka,Alor Gajah,property,theft_vehicle_motorcycle,2019,134
3452,Melaka,Alor Gajah,property,theft_vehicle_motorcycle,2020,85
3453,Melaka,Alor Gajah,property,theft_vehicle_motorcycle,2021,68
3454,Melaka,Alor Gajah,property,theft_vehicle_motorcycle,2022,42
3455,Melaka,Alor Gajah,property,theft_vehicle_motorcycle,2023,46
3456,Melaka,Jasin,assault,causing_injury,2016,13
3457,Melaka,Jasin,assault,causing_injury,2017,19
3458,Melaka,Jasin,assault,causing_injury,2018,19
3459,Melaka,Jasin,assault,causing_injury,2019,22
3460,Melaka,Jasin,assault,causing_injury,2020,23
3461,Melaka,Jasin,assault,causing_injury,2021,26
3462,Melaka,Jasin,assault,causing_injury,2022,22
3463,Melaka,Jasin,assault,causing_injury,2023,16
3464,Melaka,Jasin,assault,murder,2016,4
3465,Melaka,Jasin,assault,murder,2017,1
3466,Melaka,Jasin,assault,murder,2018,1
3467,Melaka,Jasin,assault,murder,2019,0
3468,Melaka,Jasin,assault,murder,2020,1
3469,Melaka,Jasin,assault,murder,2021,1
3470,Melaka,Jasin,assault,murder,2022,0
3471,Melaka,Jasin,assault,murder,2023,1
3472,Melaka,Jasin,assault,rape,2016,8
3473,Melaka,Jasin,assault,rape,2017,17
3474,Melaka,Jasin,assault,rape,2018,5
3475,Melaka,Jasin,assault,rape,2019,1
3476,Melaka,Jasin,assault,rape,2020,8
3477,Melaka,Jasin,assault,rape,2021,7
3478,Melaka,Jasin,assault,rape,2022,9
3479,Melaka,Jasin,assault,rape,2023,7
3480,Melaka,Jasin,assault,robbery_gang_armed,2016,0
3481,Melaka,Jasin,assault,robbery_gang_armed,2017,0
3482,Melaka,Jasin,assault,robbery_gang_armed,2018,0
3483,Melaka,Jasin,assault,robbery_gang_armed,2019,0
3484,Melaka,Jasin,assault,robbery_gang_armed,2020,0
3485,Melaka,Jasin,assault,robbery_gang_armed,2021,0
3486,Melaka,Jasin,assault,robbery_gang_armed,2022,0
3487,Melaka,Jasin,assault,robbery_gang_armed,2023,0
3488,Melaka,Jasin,assault,robbery_gang_unarmed,2016,24
3489,Melaka,Jasin,assault,robbery_gang_unarmed,2017,22
3490,Melaka,Jasin,assault,robbery_gang_unarmed,2018,9
3491,Melaka,Jasin,assault,robbery_gang_unarmed,2019,15
3492,Melaka,Jasin,assault,robbery_gang_unarmed,2020,4
3493,Melaka,Jasin,assault,robbery_gang_unarmed,2021,7
3494,Melaka,Jasin,assault,robbery_gang_unarmed,2022,6
3495,Melaka,Jasin,assault,robbery_gang_unarmed,2023,8
3496,Melaka,Jasin,assault,robbery_solo_armed,2016,0
3497,Melaka,Jasin,assault,robbery_solo_armed,2017,0
3498,Melaka,Jasin,assault,robbery_solo_armed,2018,0
3499,Melaka,Jasin,assault,robbery_solo_armed,2019,0
3500,Melaka,Jasin,assault,robbery_solo_armed,2020,0
3501,Melaka,Jasin,assault,robbery_solo_armed,2021,0
3502,Melaka,Jasin,assault,robbery_solo_armed,2022,0
3503,Melaka,Jasin,assault,robbery_solo_armed,2023,0
3504,Melaka,Jasin,assault,robbery_solo_unarmed,2016,7
3505,Melaka,Jasin,assault,robbery_solo_unarmed,2017,8
3506,Melaka,Jasin,assault,robbery_solo_unarmed,2018,5
3507,Melaka,Jasin,assault,robbery_solo_unarmed,2019,5
3508,Melaka,Jasin,assault,robbery_solo_unarmed,2020,4
3509,Melaka,Jasin,assault,robbery_solo_unarmed,2021,2
3510,Melaka,Jasin,assault,robbery_solo_unarmed,2022,3
3511,Melaka,Jasin,assault,robbery_solo_unarmed,2023,1
3512,Melaka,Jasin,property,break_in,2016,52
3513,Melaka,Jasin,property,break_in,2017,53
3514,Melaka,Jasin,property,break_in,2018,60
3515,Melaka,Jasin,property,break_in,2019,57
3516,Melaka,Jasin,property,break_in,2020,60
3517,Melaka,Jasin,property,break_in,2021,40
3518,Melaka,Jasin,property,break_in,2022,54
3519,Melaka,Jasin,property,break_in,2023,69
3520,Melaka,Jasin,property,theft_other,2016,49
3521,Melaka,Jasin,property,theft_other,2017,61
3522,Melaka,Jasin,property,theft_other,2018,59
3523,Melaka,Jasin,property,theft_other,2019,75
3524,Melaka,Jasin,property,theft_other,2020,37
3525,Melaka,Jasin,property,theft_other,2021,44
3526,Melaka,Jasin,property,theft_other,2022,48
3527,Melaka,Jasin,property,theft_other,2023,60
3528,Melaka,Jasin,property,theft_vehicle_lorry,2016,4
3529,Melaka,Jasin,property,theft_vehicle_lorry,2017,3
3530,Melaka,Jasin,property,theft_vehicle_lorry,2018,3
3531,Melaka,Jasin,property,theft_vehicle_lorry,2019,2
3532,Melaka,Jasin,property,theft_vehicle_lorry,2020,0
3533,Melaka,Jasin,property,theft_vehicle_lorry,2021,0
3534,Melaka,Jasin,property,theft_vehicle_lorry,2022,0
3535,Melaka,Jasin,property,theft_vehicle_lorry,2023,0
3536,Melaka,Jasin,property,theft_vehicle_motorcar,2016,9
3537,Melaka,Jasin,property,theft_vehicle_motorcar,2017,3
3538,Melaka,Jasin,property,theft_vehicle_motorcar,2018,5
3539,Melaka,Jasin,property,theft_vehicle_motorcar,2019,5
3540,Melaka,Jasin,property,theft_vehicle_motorcar,2020,1
3541,Melaka,Jasin,property,theft_vehicle_motorcar,2021,2
3542,Melaka,Jasin,property,theft_vehicle_motorcar,2022,2
3543,Melaka,Jasin,property,theft_vehicle_motorcar,2023,4
3544,Melaka,Jasin,property,theft_vehicle_motorcycle,2016,84
3545,Melaka,Jasin,property,theft_vehicle_motorcycle,2017,71
3546,Melaka,Jasin,property,theft_vehicle_motorcycle,2018,64
3547,Melaka,Jasin,property,theft_vehicle_motorcycle,2019,59
3548,Melaka,Jasin,property,theft_vehicle_motorcycle,2020,35
3549,Melaka,Jasin,property,theft_vehicle_motorcycle,2021,33
3550,Melaka,Jasin,property,theft_vehicle_motorcycle,2022,20
3551,Melaka,Jasin,property,theft_vehicle_motorcycle,2023,22
3552,Melaka,Melaka Tengah,assault,causing_injury,2016,150
3553,Melaka,Melaka Tengah,assault,causing_injury,2017,134
3554,Melaka,Melaka Tengah,assault,causing_injury,2018,151
3555,Melaka,Melaka Tengah,assault,causing_injury,2019,112
3556,Melaka,Melaka Tengah,assault,causing_injury,2020,85
3557,Melaka,Melaka Tengah,assault,causing_injury,2021,103
3558,Melaka,Melaka Tengah,assault,causing_injury,2022,80
3559,Melaka,Melaka Tengah,assault,causing_injury,2023,76
3560,Melaka,Melaka Tengah,assault,murder,2016,5
3561,Melaka,Melaka Tengah,assault,murder,2017,5
3562,Melaka,Melaka Tengah,assault,murder,2018,10
3563,Melaka,Melaka Tengah,assault,murder,2019,4
3564,Melaka,Melaka Tengah,assault,murder,2020,3
3565,Melaka,Melaka Tengah,assault,murder,2021,3
3566,Melaka,Melaka Tengah,assault,murder,2022,5
3567,Melaka,Melaka Tengah,assault,murder,2023,10
3568,Melaka,Melaka Tengah,assault,rape,2016,42
3569,Melaka,Melaka Tengah,assault,rape,2017,43
3570,Melaka,Melaka Tengah,assault,rape,2018,35
3571,Melaka,Melaka Tengah,assault,rape,2019,13
3572,Melaka,Melaka Tengah,assault,rape,2020,36
3573,Melaka,Melaka Tengah,assault,rape,2021,24
3574,Melaka,Melaka Tengah,assault,rape,2022,35
3575,Melaka,Melaka Tengah,assault,rape,2023,53
3576,Melaka,Melaka Tengah,assault,robbery_gang_armed,2016,2
3577,Melaka,Melaka Tengah,assault,robbery_gang_armed,2017,1
3578,Melaka,Melaka Tengah,assault,robbery_gang_armed,2018,1
3579,Melaka,Melaka Tengah,assault,robbery_gang_armed,2019,0
3580,Melaka,Melaka Tengah,assault,robbery_gang_armed,2020,0
3581,Melaka,Melaka Tengah,assault,robbery_gang_armed,2021,0
3582,Melaka,Melaka Tengah,assault,robbery_gang_armed,2022,0
3583,Melaka,Melaka Tengah,assault,robbery_gang_armed,2023,0
3584,Melaka,Melaka Tengah,assault,robbery_gang_unarmed,2016,528
3585,Melaka,Melaka Tengah,assault,robbery_gang_unarmed,2017,293
3586,Melaka,Melaka Tengah,assault,robbery_gang_unarmed,2018,147
3587,Melaka,Melaka Tengah,assault,robbery_gang_unarmed,2019,121
3588,Melaka,Melaka Tengah,assault,robbery_gang_unarmed,2020,63
3589,Melaka,Melaka Tengah,assault,robbery_gang_unarmed,2021,32
3590,Melaka,Melaka Tengah,assault,robbery_gang_unarmed,2022,25
3591,Melaka,Melaka Tengah,assault,robbery_gang_unarmed,2023,54
3592,Melaka,Melaka Tengah,assault,robbery_solo_armed,2016,0
3593,Melaka,Melaka Tengah,assault,robbery_solo_armed,2017,0
3594,Melaka,Melaka Tengah,assault,robbery_solo_armed,2018,0
3595,Melaka,Melaka Tengah,assault,robbery_solo_armed,2019,0
3596,Melaka,Melaka Tengah,assault,robbery_solo_armed,2020,0
3597,Melaka,Melaka Tengah,assault,robbery_solo_armed,2021,0
3598,Melaka,Melaka Tengah,assault,robbery_solo_armed,2022,0
3599,Melaka,Melaka Tengah,assault,robbery_solo_armed,2023,0
3600,Melaka,Melaka Tengah,assault,robbery_solo_unarmed,2016,256
3601,Melaka,Melaka Tengah,assault,robbery_solo_unarmed,2017,219
3602,Melaka,Melaka Tengah,assault,robbery_solo_unarmed,2018,171
3603,Melaka,Melaka Tengah,assault,robbery_solo_unarmed,2019,103
3604,Melaka,Melaka Tengah,assault,robbery_solo_unarmed,2020,73
3605,Melaka,Melaka Tengah,assault,robbery_solo_unarmed,2021,38
3606,Melaka,Melaka Tengah,assault,robbery_solo_unarmed,2022,24
3607,Melaka,Melaka Tengah,assault,robbery_solo_unarmed,2023,36
3608,Melaka,Melaka Tengah,property,break_in,2016,448
3609,Melaka,Melaka Tengah,property,break_in,2017,439
3610,Melaka,Melaka Tengah,property,break_in,2018,463
3611,Melaka,Melaka Tengah,property,break_in,2019,557
3612,Melaka,Melaka Tengah,property,break_in,2020,385
3613,Melaka,Melaka Tengah,property,break_in,2021,218
3614,Melaka,Melaka Tengah,property,break_in,2022,252
3615,Melaka,Melaka Tengah,property,break_in,2023,263
3616,Melaka,Melaka Tengah,property,theft_other,2016,410
3617,Melaka,Melaka Tengah,property,theft_other,2017,348
3618,Melaka,Melaka Tengah,property,theft_other,2018,339
3619,Melaka,Melaka Tengah,property,theft_other,2019,460
3620,Melaka,Melaka Tengah,property,theft_other,2020,378
3621,Melaka,Melaka Tengah,property,theft_other,2021,282
3622,Melaka,Melaka Tengah,property,theft_other,2022,272
3623,Melaka,Melaka Tengah,property,theft_other,2023,282
3624,Melaka,Melaka Tengah,property,theft_vehicle_lorry,2016,14
3625,Melaka,Melaka Tengah,property,theft_vehicle_lorry,2017,16
3626,Melaka,Melaka Tengah,property,theft_vehicle_lorry,2018,14
3627,Melaka,Melaka Tengah,property,theft_vehicle_lorry,2019,14
3628,Melaka,Melaka Tengah,property,theft_vehicle_lorry,2020,9
3629,Melaka,Melaka Tengah,property,theft_vehicle_lorry,2021,1
3630,Melaka,Melaka Tengah,property,theft_vehicle_lorry,2022,5
3631,Melaka,Melaka Tengah,property,theft_vehicle_lorry,2023,6
3632,Melaka,Melaka Tengah,property,theft_vehicle_motorcar,2016,149
3633,Melaka,Melaka Tengah,property,theft_vehicle_motorcar,2017,97
3634,Melaka,Melaka Tengah,property,theft_vehicle_motorcar,2018,87
3635,Melaka,Melaka Tengah,property,theft_vehicle_motorcar,2019,70
3636,Melaka,Melaka Tengah,property,theft_vehicle_motorcar,2020,51
3637,Melaka,Melaka Tengah,property,theft_vehicle_motorcar,2021,23
3638,Melaka,Melaka Tengah,property,theft_vehicle_motorcar,2022,18
3639,Melaka,Melaka Tengah,property,theft_vehicle_motorcar,2023,42
3640,Melaka,Melaka Tengah,property,theft_vehicle_motorcycle,2016,970
3641,Melaka,Melaka Tengah,property,theft_vehicle_motorcycle,2017,868
3642,Melaka,Melaka Tengah,property,theft_vehicle_motorcycle,2018,818
3643,Melaka,Melaka Tengah,property,theft_vehicle_motorcycle,2019,525
3644,Melaka,Melaka Tengah,property,theft_vehicle_motorcycle,2020,273
3645,Melaka,Melaka Tengah,property,theft_vehicle_motorcycle,2021,175
3646,Melaka,Melaka Tengah,property,theft_vehicle_motorcycle,2022,158
3647,Melaka,Melaka Tengah,property,theft_vehicle_motorcycle,2023,162
3648,Negeri Sembilan,Jelebu,assault,causing_injury,2016,6
3649,Negeri Sembilan,Jelebu,assault,causing_injury,2017,10
3650,Negeri Sembilan,Jelebu,assault,causing_injury,2018,3
3651,Negeri Sembilan,Jelebu,assault,causing_injury,2019,8
3652,Negeri Sembilan,Jelebu,assault,causing_injury,2020,3
3653,Negeri Sembilan,Jelebu,assault,causing_injury,2021,3
3654,Negeri Sembilan,Jelebu,assault,causing_injury,2022,7
3655,Negeri Sembilan,Jelebu,assault,causing_injury,2023,7
3656,Negeri Sembilan,Jelebu,assault,murder,2016,0
3657,Negeri Sembilan,Jelebu,assault,murder,2017,2
3658,Negeri Sembilan,Jelebu,assault,murder,2018,0
3659,Negeri Sembilan,Jelebu,assault,murder,2019,0
3660,Negeri Sembilan,Jelebu,assault,murder,2020,1
3661,Negeri Sembilan,Jelebu,assault,murder,2021,0
3662,Negeri Sembilan,Jelebu,assault,murder,2022,0
3663,Negeri Sembilan,Jelebu,assault,murder,2023,1
3664,Negeri Sembilan,Jelebu,assault,rape,2016,4
3665,Negeri Sembilan,Jelebu,assault,rape,2017,3
3666,Negeri Sembilan,Jelebu,assault,rape,2018,2
3667,Negeri Sembilan,Jelebu,assault,rape,2019,2
3668,Negeri Sembilan,Jelebu,assault,rape,2020,2
3669,Negeri Sembilan,Jelebu,assault,rape,2021,5
3670,Negeri Sembilan,Jelebu,assault,rape,2022,4
3671,Negeri Sembilan,Jelebu,assault,rape,2023,0
3672,Negeri Sembilan,Jelebu,assault,robbery_gang_armed,2016,0
3673,Negeri Sembilan,Jelebu,assault,robbery_gang_armed,2017,1
3674,Negeri Sembilan,Jelebu,assault,robbery_gang_armed,2018,0
3675,Negeri Sembilan,Jelebu,assault,robbery_gang_armed,2019,0
3676,Negeri Sembilan,Jelebu,assault,robbery_gang_armed,2020,0
3677,Negeri Sembilan,Jelebu,assault,robbery_gang_armed,2021,0
3678,Negeri Sembilan,Jelebu,assault,robbery_gang_armed,2022,0
3679,Negeri Sembilan,Jelebu,assault,robbery_gang_armed,2023,0
3680,Negeri Sembilan,Jelebu,assault,robbery_gang_unarmed,2016,4
3681,Negeri Sembilan,Jelebu,assault,robbery_gang_unarmed,2017,1
3682,Negeri Sembilan,Jelebu,assault,robbery_gang_unarmed,2018,3
3683,Negeri Sembilan,Jelebu,assault,robbery_gang_unarmed,2019,4
3684,Negeri Sembilan,Jelebu,assault,robbery_gang_unarmed,2020,1
3685,Negeri Sembilan,Jelebu,assault,robbery_gang_unarmed,2021,1
3686,Negeri Sembilan,Jelebu,assault,robbery_gang_unarmed,2022,1
3687,Negeri Sembilan,Jelebu,assault,robbery_gang_unarmed,2023,4
3688,Negeri Sembilan,Jelebu,assault,robbery_solo_armed,2016,0
3689,Negeri Sembilan,Jelebu,assault,robbery_solo_armed,2017,0
3690,Negeri Sembilan,Jelebu,assault,robbery_solo_armed,2018,0
3691,Negeri Sembilan,Jelebu,assault,robbery_solo_armed,2019,0
3692,Negeri Sembilan,Jelebu,assault,robbery_solo_armed,2020,0
3693,Negeri Sembilan,Jelebu,assault,robbery_solo_armed,2021,0
3694,Negeri Sembilan,Jelebu,assault,robbery_solo_armed,2022,0
3695,Negeri Sembilan,Jelebu,assault,robbery_solo_armed,2023,0
3696,Negeri Sembilan,Jelebu,assault,robbery_solo_unarmed,2016,4
3697,Negeri Sembilan,Jelebu,assault,robbery_solo_unarmed,2017,2
3698,Negeri Sembilan,Jelebu,assault,robbery_solo_unarmed,2018,5
3699,Negeri Sembilan,Jelebu,assault,robbery_solo_unarmed,2019,3
3700,Negeri Sembilan,Jelebu,assault,robbery_solo_unarmed,2020,4
3701,Negeri Sembilan,Jelebu,assault,robbery_solo_unarmed,2021,2
3702,Negeri Sembilan,Jelebu,assault,robbery_solo_unarmed,2022,4
3703,Negeri Sembilan,Jelebu,assault,robbery_solo_unarmed,2023,1
3704,Negeri Sembilan,Jelebu,property,break_in,2016,13
3705,Negeri Sembilan,Jelebu,property,break_in,2017,17
3706,Negeri Sembilan,Jelebu,property,break_in,2018,12
3707,Negeri Sembilan,Jelebu,property,break_in,2019,16
3708,Negeri Sembilan,Jelebu,property,break_in,2020,7
3709,Negeri Sembilan,Jelebu,property,break_in,2021,5
3710,Negeri Sembilan,Jelebu,property,break_in,2022,5
3711,Negeri Sembilan,Jelebu,property,break_in,2023,10
3712,Negeri Sembilan,Jelebu,property,theft_other,2016,24
3713,Negeri Sembilan,Jelebu,property,theft_other,2017,18
3714,Negeri Sembilan,Jelebu,property,theft_other,2018,22
3715,Negeri Sembilan,Jelebu,property,theft_other,2019,19
3716,Negeri Sembilan,Jelebu,property,theft_other,2020,19
3717,Negeri Sembilan,Jelebu,property,theft_other,2021,16
3718,Negeri Sembilan,Jelebu,property,theft_other,2022,30
3719,Negeri Sembilan,Jelebu,property,theft_other,2023,31
3720,Negeri Sembilan,Jelebu,property,theft_vehicle_lorry,2016,1
3721,Negeri Sembilan,Jelebu,property,theft_vehicle_lorry,2017,1
3722,Negeri Sembilan,Jelebu,property,theft_vehicle_lorry,2018,0
3723,Negeri Sembilan,Jelebu,property,theft_vehicle_lorry,2019,0
3724,Negeri Sembilan,Jelebu,property,theft_vehicle_lorry,2020,0
3725,Negeri Sembilan,Jelebu,property,theft_vehicle_lorry,2021,0
3726,Negeri Sembilan,Jelebu,property,theft_vehicle_lorry,2022,1
3727,Negeri Sembilan,Jelebu,property,theft_vehicle_lorry,2023,0
3728,Negeri Sembilan,Jelebu,property,theft_vehicle_motorcar,2016,0
3729,Negeri Sembilan,Jelebu,property,theft_vehicle_motorcar,2017,0
3730,Negeri Sembilan,Jelebu,property,theft_vehicle_motorcar,2018,0
3731,Negeri Sembilan,Jelebu,property,theft_vehicle_motorcar,2019,1
3732,Negeri Sembilan,Jelebu,property,theft_vehicle_motorcar,2020,1
3733,Negeri Sembilan,Jelebu,property,theft_vehicle_motorcar,2021,0
3734,Negeri Sembilan,Jelebu,property,theft_vehicle_motorcar,2022,1
3735,Negeri Sembilan,Jelebu,property,theft_vehicle_motorcar,2023,0
3736,Negeri Sembilan,Jelebu,property,theft_vehicle_motorcycle,2016,29
3737,Negeri Sembilan,Jelebu,property,theft_vehicle_motorcycle,2017,20
3738,Negeri Sembilan,Jelebu,property,theft_vehicle_motorcycle,2018,24
3739,Negeri Sembilan,Jelebu,property,theft_vehicle_motorcycle,2019,14
3740,Negeri Sembilan,Jelebu,property,theft_vehicle_motorcycle,2020,9
3741,Negeri Sembilan,Jelebu,property,theft_vehicle_motorcycle,2021,7
3742,Negeri Sembilan,Jelebu,property,theft_vehicle_motorcycle,2022,14
3743,Negeri Sembilan,Jelebu,property,theft_vehicle_motorcycle,2023,6
3744,Negeri Sembilan,Jempol,assault,causing_injury,2016,23
3745,Negeri Sembilan,Jempol,assault,causing_injury,2017,25
3746,Negeri Sembilan,Jempol,assault,causing_injury,2018,19
3747,Negeri Sembilan,Jempol,assault,causing_injury,2019,24
3748,Negeri Sembilan,Jempol,assault,causing_injury,2020,40
3749,Negeri Sembilan,Jempol,assault,causing_injury,2021,38
3750,Negeri Sembilan,Jempol,assault,causing_injury,2022,19
3751,Negeri Sembilan,Jempol,assault,causing_injury,2023,33
3752,Negeri Sembilan,Jempol,assault,murder,2016,0
3753,Negeri Sembilan,Jempol,assault,murder,2017,4
3754,Negeri Sembilan,Jempol,assault,murder,2018,0
3755,Negeri Sembilan,Jempol,assault,murder,2019,0
3756,Negeri Sembilan,Jempol,assault,murder,2020,0
3757,Negeri Sembilan,Jempol,assault,murder,2021,2
3758,Negeri Sembilan,Jempol,assault,murder,2022,0
3759,Negeri Sembilan,Jempol,assault,murder,2023,0
3760,Negeri Sembilan,Jempol,assault,rape,2016,16
3761,Negeri Sembilan,Jempol,assault,rape,2017,17
3762,Negeri Sembilan,Jempol,assault,rape,2018,12
3763,Negeri Sembilan,Jempol,assault,rape,2019,6
3764,Negeri Sembilan,Jempol,assault,rape,2020,14
3765,Negeri Sembilan,Jempol,assault,rape,2021,7
3766,Negeri Sembilan,Jempol,assault,rape,2022,7
3767,Negeri Sembilan,Jempol,assault,rape,2023,7
3768,Negeri Sembilan,Jempol,assault,robbery_gang_armed,2016,0
3769,Negeri Sembilan,Jempol,assault,robbery_gang_armed,2017,0
3770,Negeri Sembilan,Jempol,assault,robbery_gang_armed,2018,0
3771,Negeri Sembilan,Jempol,assault,robbery_gang_armed,2019,0
3772,Negeri Sembilan,Jempol,assault,robbery_gang_armed,2020,0
3773,Negeri Sembilan,Jempol,assault,robbery_gang_armed,2021,0
3774,Negeri Sembilan,Jempol,assault,robbery_gang_armed,2022,0
3775,Negeri Sembilan,Jempol,assault,robbery_gang_armed,2023,0
3776,Negeri Sembilan,Jempol,assault,robbery_gang_unarmed,2016,9
3777,Negeri Sembilan,Jempol,assault,robbery_gang_unarmed,2017,11
3778,Negeri Sembilan,Jempol,assault,robbery_gang_unarmed,2018,10
3779,Negeri Sembilan,Jempol,assault,robbery_gang_unarmed,2019,15
3780,Negeri Sembilan,Jempol,assault,robbery_gang_unarmed,2020,11
3781,Negeri Sembilan,Jempol,assault,robbery_gang_unarmed,2021,2
3782,Negeri Sembilan,Jempol,assault,robbery_gang_unarmed,2022,0
3783,Negeri Sembilan,Jempol,assault,robbery_gang_unarmed,2023,6
3784,Negeri Sembilan,Jempol,assault,robbery_solo_armed,2016,1
3785,Negeri Sembilan,Jempol,assault,robbery_solo_armed,2017,0
3786,Negeri Sembilan,Jempol,assault,robbery_solo_armed,2018,0
3787,Negeri Sembilan,Jempol,assault,robbery_solo_armed,2019,0
3788,Negeri Sembilan,Jempol,assault,robbery_solo_armed,2020,0
3789,Negeri Sembilan,Jempol,assault,robbery_solo_armed,2021,0
3790,Negeri Sembilan,Jempol,assault,robbery_solo_armed,2022,0
3791,Negeri Sembilan,Jempol,assault,robbery_solo_armed,2023,0
3792,Negeri Sembilan,Jempol,assault,robbery_solo_unarmed,2016,12
3793,Negeri Sembilan,Jempol,assault,robbery_solo_unarmed,2017,12
3794,Negeri Sembilan,Jempol,assault,robbery_solo_unarmed,2018,10
3795,Negeri Sembilan,Jempol,assault,robbery_solo_unarmed,2019,4
3796,Negeri Sembilan,Jempol,assault,robbery_solo_unarmed,2020,8
3797,Negeri Sembilan,Jempol,assault,robbery_solo_unarmed,2021,9
3798,Negeri Sembilan,Jempol,assault,robbery_solo_unarmed,2022,5
3799,Negeri Sembilan,Jempol,assault,robbery_solo_unarmed,2023,3
3800,Negeri Sembilan,Jempol,property,break_in,2016,62
3801,Negeri Sembilan,Jempol,property,break_in,2017,63
3802,Negeri Sembilan,Jempol,property,break_in,2018,57
3803,Negeri Sembilan,Jempol,property,break_in,2019,44
3804,Negeri Sembilan,Jempol,property,break_in,2020,59
3805,Negeri Sembilan,Jempol,property,break_in,2021,47
3806,Negeri Sembilan,Jempol,property,break_in,2022,38
3807,Negeri Sembilan,Jempol,property,break_in,2023,59
3808,Negeri Sembilan,Jempol,property,theft_other,2016,44
3809,Negeri Sembilan,Jempol,property,theft_other,2017,50
3810,Negeri Sembilan,Jempol,property,theft_other,2018,54
3811,Negeri Sembilan,Jempol,property,theft_other,2019,52
3812,Negeri Sembilan,Jempol,property,theft_other,2020,56
3813,Negeri Sembilan,Jempol,property,theft_other,2021,46
3814,Negeri Sembilan,Jempol,property,theft_other,2022,56
3815,Negeri Sembilan,Jempol,property,theft_other,2023,71
3816,Negeri Sembilan,Jempol,property,theft_vehicle_lorry,2016,6
3817,Negeri Sembilan,Jempol,property,theft_vehicle_lorry,2017,3
3818,Negeri Sembilan,Jempol,property,theft_vehicle_lorry,2018,3
3819,Negeri Sembilan,Jempol,property,theft_vehicle_lorry,2019,4
3820,Negeri Sembilan,Jempol,property,theft_vehicle_lorry,2020,2
3821,Negeri Sembilan,Jempol,property,theft_vehicle_lorry,2021,1
3822,Negeri Sembilan,Jempol,property,theft_vehicle_lorry,2022,1
3823,Negeri Sembilan,Jempol,property,theft_vehicle_lorry,2023,2
3824,Negeri Sembilan,Jempol,property,theft_vehicle_motorcar,2016,5
3825,Negeri Sembilan,Jempol,property,theft_vehicle_motorcar,2017,6
3826,Negeri Sembilan,Jempol,property,theft_vehicle_motorcar,2018,7
3827,Negeri Sembilan,Jempol,property,theft_vehicle_motorcar,2019,6
3828,Negeri Sembilan,Jempol,property,theft_vehicle_motorcar,2020,4
3829,Negeri Sembilan,Jempol,property,theft_vehicle_motorcar,2021,4
3830,Negeri Sembilan,Jempol,property,theft_vehicle_motorcar,2022,6
3831,Negeri Sembilan,Jempol,property,theft_vehicle_motorcar,2023,1
3832,Negeri Sembilan,Jempol,property,theft_vehicle_motorcycle,2016,94
3833,Negeri Sembilan,Jempol,property,theft_vehicle_motorcycle,2017,54
3834,Negeri Sembilan,Jempol,property,theft_vehicle_motorcycle,2018,68
3835,Negeri Sembilan,Jempol,property,theft_vehicle_motorcycle,2019,55
3836,Negeri Sembilan,Jempol,property,theft_vehicle_motorcycle,2020,40
3837,Negeri Sembilan,Jempol,property,theft_vehicle_motorcycle,2021,27
3838,Negeri Sembilan,Jempol,property,theft_vehicle_motorcycle,2022,21
3839,Negeri Sembilan,Jempol,property,theft_vehicle_motorcycle,2023,23
3840,Negeri Sembilan,Kuala Pilah,assault,causing_injury,2016,21
3841,Negeri Sembilan,Kuala Pilah,assault,causing_injury,2017,20
3842,Negeri Sembilan,Kuala Pilah,assault,causing_injury,2018,12
3843,Negeri Sembilan,Kuala Pilah,assault,causing_injury,2019,19
3844,Negeri Sembilan,Kuala Pilah,assault,causing_injury,2020,10
3845,Negeri Sembilan,Kuala Pilah,assault,causing_injury,2021,8
3846,Negeri Sembilan,Kuala Pilah,assault,causing_injury,2022,7
3847,Negeri Sembilan,Kuala Pilah,assault,causing_injury,2023,4
3848,Negeri Sembilan,Kuala Pilah,assault,murder,2016,0
3849,Negeri Sembilan,Kuala Pilah,assault,murder,2017,1
3850,Negeri Sembilan,Kuala Pilah,assault,murder,2018,0
3851,Negeri Sembilan,Kuala Pilah,assault,murder,2019,0
3852,Negeri Sembilan,Kuala Pilah,assault,murder,2020,0
3853,Negeri Sembilan,Kuala Pilah,assault,murder,2021,0
3854,Negeri Sembilan,Kuala Pilah,assault,murder,2022,0
3855,Negeri Sembilan,Kuala Pilah,assault,murder,2023,1
3856,Negeri Sembilan,Kuala Pilah,assault,rape,2016,10
3857,Negeri Sembilan,Kuala Pilah,assault,rape,2017,4
3858,Negeri Sembilan,Kuala Pilah,assault,rape,2018,6
3859,Negeri Sembilan,Kuala Pilah,assault,rape,2019,4
3860,Negeri Sembilan,Kuala Pilah,assault,rape,2020,6
3861,Negeri Sembilan,Kuala Pilah,assault,rape,2021,6
3862,Negeri Sembilan,Kuala Pilah,assault,rape,2022,4
3863,Negeri Sembilan,Kuala Pilah,assault,rape,2023,6
3864,Negeri Sembilan,Kuala Pilah,assault,robbery_gang_armed,2016,0
3865,Negeri Sembilan,Kuala Pilah,assault,robbery_gang_armed,2017,0
3866,Negeri Sembilan,Kuala Pilah,assault,robbery_gang_armed,2018,0
3867,Negeri Sembilan,Kuala Pilah,assault,robbery_gang_armed,2019,0
3868,Negeri Sembilan,Kuala Pilah,assault,robbery_gang_armed,2020,0
3869,Negeri Sembilan,Kuala Pilah,assault,robbery_gang_armed,2021,0
3870,Negeri Sembilan,Kuala Pilah,assault,robbery_gang_armed,2022,0
3871,Negeri Sembilan,Kuala Pilah,assault,robbery_gang_armed,2023,0
3872,Negeri Sembilan,Kuala Pilah,assault,robbery_gang_unarmed,2016,13
3873,Negeri Sembilan,Kuala Pilah,assault,robbery_gang_unarmed,2017,19
3874,Negeri Sembilan,Kuala Pilah,assault,robbery_gang_unarmed,2018,6
3875,Negeri Sembilan,Kuala Pilah,assault,robbery_gang_unarmed,2019,8
3876,Negeri Sembilan,Kuala Pilah,assault,robbery_gang_unarmed,2020,4
3877,Negeri Sembilan,Kuala Pilah,assault,robbery_gang_unarmed,2021,0
3878,Negeri Sembilan,Kuala Pilah,assault,robbery_gang_unarmed,2022,1
3879,Negeri Sembilan,Kuala Pilah,assault,robbery_gang_unarmed,2023,4
3880,Negeri Sembilan,Kuala Pilah,assault,robbery_solo_armed,2016,0
3881,Negeri Sembilan,Kuala Pilah,assault,robbery_solo_armed,2017,0
3882,Negeri Sembilan,Kuala Pilah,assault,robbery_solo_armed,2018,0
3883,Negeri Sembilan,Kuala Pilah,assault,robbery_solo_armed,2019,0
3884,Negeri Sembilan,Kuala Pilah,assault,robbery_solo_armed,2020,0
3885,Negeri Sembilan,Kuala Pilah,assault,robbery_solo_armed,2021,0
3886,Negeri Sembilan,Kuala Pilah,assault,robbery_solo_armed,2022,0
3887,Negeri Sembilan,Kuala Pilah,assault,robbery_solo_armed,2023,0
3888,Negeri Sembilan,Kuala Pilah,assault,robbery_solo_unarmed,2016,11
3889,Negeri Sembilan,Kuala Pilah,assault,robbery_solo_unarmed,2017,6
3890,Negeri Sembilan,Kuala Pilah,assault,robbery_solo_unarmed,2018,10
3891,Negeri Sembilan,Kuala Pilah,assault,robbery_solo_unarmed,2019,3
3892,Negeri Sembilan,Kuala Pilah,assault,robbery_solo_unarmed,2020,1
3893,Negeri Sembilan,Kuala Pilah,assault,robbery_solo_unarmed,2021,0
3894,Negeri Sembilan,Kuala Pilah,assault,robbery_solo_unarmed,2022,2
3895,Negeri Sembilan,Kuala Pilah,assault,robbery_solo_unarmed,2023,3
3896,Negeri Sembilan,Kuala Pilah,property,break_in,2016,70
3897,Negeri Sembilan,Kuala Pilah,property,break_in,2017,52
3898,Negeri Sembilan,Kuala Pilah,property,break_in,2018,37
3899,Negeri Sembilan,Kuala Pilah,property,break_in,2019,53
3900,Negeri Sembilan,Kuala Pilah,property,break_in,2020,43
3901,Negeri Sembilan,Kuala Pilah,property,break_in,2021,15
3902,Negeri Sembilan,Kuala Pilah,property,break_in,2022,24
3903,Negeri Sembilan,Kuala Pilah,property,break_in,2023,37
3904,Negeri Sembilan,Kuala Pilah,property,theft_other,2016,110
3905,Negeri Sembilan,Kuala Pilah,property,theft_other,2017,104
3906,Negeri Sembilan,Kuala Pilah,property,theft_other,2018,92
3907,Negeri Sembilan,Kuala Pilah,property,theft_other,2019,83
3908,Negeri Sembilan,Kuala Pilah,property,theft_other,2020,68
3909,Negeri Sembilan,Kuala Pilah,property,theft_other,2021,52
3910,Negeri Sembilan,Kuala Pilah,property,theft_other,2022,66
3911,Negeri Sembilan,Kuala Pilah,property,theft_other,2023,48
3912,Negeri Sembilan,Kuala Pilah,property,theft_vehicle_lorry,2016,1
3913,Negeri Sembilan,Kuala Pilah,property,theft_vehicle_lorry,2017,1
3914,Negeri Sembilan,Kuala Pilah,property,theft_vehicle_lorry,2018,1
3915,Negeri Sembilan,Kuala Pilah,property,theft_vehicle_lorry,2019,0
3916,Negeri Sembilan,Kuala Pilah,property,theft_vehicle_lorry,2020,0
3917,Negeri Sembilan,Kuala Pilah,property,theft_vehicle_lorry,2021,1
3918,Negeri Sembilan,Kuala Pilah,property,theft_vehicle_lorry,2022,0
3919,Negeri Sembilan,Kuala Pilah,property,theft_vehicle_lorry,2023,0
3920,Negeri Sembilan,Kuala Pilah,property,theft_vehicle_motorcar,2016,4
3921,Negeri Sembilan,Kuala Pilah,property,theft_vehicle_motorcar,2017,4
3922,Negeri Sembilan,Kuala Pilah,property,theft_vehicle_motorcar,2018,4
3923,Negeri Sembilan,Kuala Pilah,property,theft_vehicle_motorcar,2019,4
3924,Negeri Sembilan,Kuala Pilah,property,theft_vehicle_motorcar,2020,1
3925,Negeri Sembilan,Kuala Pilah,property,theft_vehicle_motorcar,2021,1
3926,Negeri Sembilan,Kuala Pilah,property,theft_vehicle_motorcar,2022,0
3927,Negeri Sembilan,Kuala Pilah,property,theft_vehicle_motorcar,2023,3
3928,Negeri Sembilan,Kuala Pilah,property,theft_vehicle_motorcycle,2016,39
3929,Negeri Sembilan,Kuala Pilah,property,theft_vehicle_motorcycle,2017,37
3930,Negeri Sembilan,Kuala Pilah,property,theft_vehicle_motorcycle,2018,27
3931,Negeri Sembilan,Kuala Pilah,property,theft_vehicle_motorcycle,2019,21
3932,Negeri Sembilan,Kuala Pilah,property,theft_vehicle_motorcycle,2020,15
3933,Negeri Sembilan,Kuala Pilah,property,theft_vehicle_motorcycle,2021,14
3934,Negeri Sembilan,Kuala Pilah,property,theft_vehicle_motorcycle,2022,13
3935,Negeri Sembilan,Kuala Pilah,property,theft_vehicle_motorcycle,2023,9
3936,Negeri Sembilan,Nilai,assault,causing_injury,2016,62
3937,Negeri Sembilan,Nilai,assault,causing_injury,2017,73
3938,Negeri Sembilan,Nilai,assault,causing_injury,2018,93
3939,Negeri Sembilan,Nilai,assault,causing_injury,2019,75
3940,Negeri Sembilan,Nilai,assault,causing_injury,2020,50
3941,Negeri Sembilan,Nilai,assault,causing_injury,2021,36
3942,Negeri Sembilan,Nilai,assault,causing_injury,2022,31
3943,Negeri Sembilan,Nilai,assault,causing_injury,2023,32
3944,Negeri Sembilan,Nilai,assault,murder,2016,6
3945,Negeri Sembilan,Nilai,assault,murder,2017,1
3946,Negeri Sembilan,Nilai,assault,murder,2018,0
3947,Negeri Sembilan,Nilai,assault,murder,2019,2
3948,Negeri Sembilan,Nilai,assault,murder,2020,2
3949,Negeri Sembilan,Nilai,assault,murder,2021,0
3950,Negeri Sembilan,Nilai,assault,murder,2022,0
3951,Negeri Sembilan,Nilai,assault,murder,2023,2
3952,Negeri Sembilan,Nilai,assault,rape,2016,16
3953,Negeri Sembilan,Nilai,assault,rape,2017,14
3954,Negeri Sembilan,Nilai,assault,rape,2018,19
3955,Negeri Sembilan,Nilai,assault,rape,2019,11
3956,Negeri Sembilan,Nilai,assault,rape,2020,9
3957,Negeri Sembilan,Nilai,assault,rape,2021,9
3958,Negeri Sembilan,Nilai,assault,rape,2022,15
3959,Negeri Sembilan,Nilai,assault,rape,2023,14
3960,Negeri Sembilan,Nilai,assault,robbery_gang_armed,2016,1
3961,Negeri Sembilan,Nilai,assault,robbery_gang_armed,2017,1
3962,Negeri Sembilan,Nilai,assault,robbery_gang_armed,2018,0
3963,Negeri Sembilan,Nilai,assault,robbery_gang_armed,2019,0
3964,Negeri Sembilan,Nilai,assault,robbery_gang_armed,2020,0
3965,Negeri Sembilan,Nilai,assault,robbery_gang_armed,2021,0
3966,Negeri Sembilan,Nilai,assault,robbery_gang_armed,2022,0
3967,Negeri Sembilan,Nilai,assault,robbery_gang_armed,2023,0
3968,Negeri Sembilan,Nilai,assault,robbery_gang_unarmed,2016,206
3969,Negeri Sembilan,Nilai,assault,robbery_gang_unarmed,2017,139
3970,Negeri Sembilan,Nilai,assault,robbery_gang_unarmed,2018,93
3971,Negeri Sembilan,Nilai,assault,robbery_gang_unarmed,2019,77
3972,Negeri Sembilan,Nilai,assault,robbery_gang_unarmed,2020,17
3973,Negeri Sembilan,Nilai,assault,robbery_gang_unarmed,2021,23
3974,Negeri Sembilan,Nilai,assault,robbery_gang_unarmed,2022,14
3975,Negeri Sembilan,Nilai,assault,robbery_gang_unarmed,2023,46
3976,Negeri Sembilan,Nilai,assault,robbery_solo_armed,2016,0
3977,Negeri Sembilan,Nilai,assault,robbery_solo_armed,2017,0
3978,Negeri Sembilan,Nilai,assault,robbery_solo_armed,2018,0
3979,Negeri Sembilan,Nilai,assault,robbery_solo_armed,2019,0
3980,Negeri Sembilan,Nilai,assault,robbery_solo_armed,2020,0
3981,Negeri Sembilan,Nilai,assault,robbery_solo_armed,2021,0
3982,Negeri Sembilan,Nilai,assault,robbery_solo_armed,2022,0
3983,Negeri Sembilan,Nilai,assault,robbery_solo_armed,2023,0
3984,Negeri Sembilan,Nilai,assault,robbery_solo_unarmed,2016,68
3985,Negeri Sembilan,Nilai,assault,robbery_solo_unarmed,2017,48
3986,Negeri Sembilan,Nilai,assault,robbery_solo_unarmed,2018,56
3987,Negeri Sembilan,Nilai,assault,robbery_solo_unarmed,2019,55
3988,Negeri Sembilan,Nilai,assault,robbery_solo_unarmed,2020,44
3989,Negeri Sembilan,Nilai,assault,robbery_solo_unarmed,2021,21
3990,Negeri Sembilan,Nilai,assault,robbery_solo_unarmed,2022,29
3991,Negeri Sembilan,Nilai,assault,robbery_solo_unarmed,2023,17
3992,Negeri Sembilan,Nilai,property,break_in,2016,351
3993,Negeri Sembilan,Nilai,property,break_in,2017,280
3994,Negeri Sembilan,Nilai,property,break_in,2018,249
3995,Negeri Sembilan,Nilai,property,break_in,2019,217
3996,Negeri Sembilan,Nilai,property,break_in,2020,213
3997,Negeri Sembilan,Nilai,property,break_in,2021,82
3998,Negeri Sembilan,Nilai,property,break_in,2022,88
3999,Negeri Sembilan,Nilai,property,break_in,2023,58
4000,Negeri Sembilan,Nilai,property,theft_other,2016,313
4001,Negeri Sembilan,Nilai,property,theft_other,2017,363
4002,Negeri Sembilan,Nilai,property,theft_other,2018,308
4003,Negeri Sembilan,Nilai,property,theft_other,2019,299
4004,Negeri Sembilan,Nilai,property,theft_other,2020,189
4005,Negeri Sembilan,Nilai,property,theft_other,2021,156
4006,Negeri Sembilan,Nilai,property,theft_other,2022,90
4007,Negeri Sembilan,Nilai,property,theft_other,2023,130
4008,Negeri Sembilan,Nilai,property,theft_vehicle_lorry,2016,17
4009,Negeri Sembilan,Nilai,property,theft_vehicle_lorry,2017,16
4010,Negeri Sembilan,Nilai,property,theft_vehicle_lorry,2018,18
4011,Negeri Sembilan,Nilai,property,theft_vehicle_lorry,2019,8
4012,Negeri Sembilan,Nilai,property,theft_vehicle_lorry,2020,5
4013,Negeri Sembilan,Nilai,property,theft_vehicle_lorry,2021,5
4014,Negeri Sembilan,Nilai,property,theft_vehicle_lorry,2022,4
4015,Negeri Sembilan,Nilai,property,theft_vehicle_lorry,2023,3
4016,Negeri Sembilan,Nilai,property,theft_vehicle_motorcar,2016,31
4017,Negeri Sembilan,Nilai,property,theft_vehicle_motorcar,2017,31
4018,Negeri Sembilan,Nilai,property,theft_vehicle_motorcar,2018,27
4019,Negeri Sembilan,Nilai,property,theft_vehicle_motorcar,2019,43
4020,Negeri Sembilan,Nilai,property,theft_vehicle_motorcar,2020,19
4021,Negeri Sembilan,Nilai,property,theft_vehicle_motorcar,2021,11
4022,Negeri Sembilan,Nilai,property,theft_vehicle_motorcar,2022,19
4023,Negeri Sembilan,Nilai,property,theft_vehicle_motorcar,2023,19
4024,Negeri Sembilan,Nilai,property,theft_vehicle_motorcycle,2016,173
4025,Negeri Sembilan,Nilai,property,theft_vehicle_motorcycle,2017,203
4026,Negeri Sembilan,Nilai,property,theft_vehicle_motorcycle,2018,120
4027,Negeri Sembilan,Nilai,property,theft_vehicle_motorcycle,2019,141
4028,Negeri Sembilan,Nilai,property,theft_vehicle_motorcycle,2020,105
4029,Negeri Sembilan,Nilai,property,theft_vehicle_motorcycle,2021,71
4030,Negeri Sembilan,Nilai,property,theft_vehicle_motorcycle,2022,75
4031,Negeri Sembilan,Nilai,property,theft_vehicle_motorcycle,2023,88
4032,Negeri Sembilan,Port Dickson,assault,causing_injury,2016,42
4033,Negeri Sembilan,Port Dickson,assault,causing_injury,2017,25
4034,Negeri Sembilan,Port Dickson,assault,causing_injury,2018,25
4035,Negeri Sembilan,Port Dickson,assault,causing_injury,2019,25
4036,Negeri Sembilan,Port Dickson,assault,causing_injury,2020,40
4037,Negeri Sembilan,Port Dickson,assault,causing_injury,2021,19
4038,Negeri Sembilan,Port Dickson,assault,causing_injury,2022,19
4039,Negeri Sembilan,Port Dickson,assault,causing_injury,2023,25
4040,Negeri Sembilan,Port Dickson,assault,murder,2016,2
4041,Negeri Sembilan,Port Dickson,assault,murder,2017,1
4042,Negeri Sembilan,Port Dickson,assault,murder,2018,3
4043,Negeri Sembilan,Port Dickson,assault,murder,2019,1
4044,Negeri Sembilan,Port Dickson,assault,murder,2020,0
4045,Negeri Sembilan,Port Dickson,assault,murder,2021,2
4046,Negeri Sembilan,Port Dickson,assault,murder,2022,1
4047,Negeri Sembilan,Port Dickson,assault,murder,2023,4
4048,Negeri Sembilan,Port Dickson,assault,rape,2016,10
4049,Negeri Sembilan,Port Dickson,assault,rape,2017,13
4050,Negeri Sembilan,Port Dickson,assault,rape,2018,18
4051,Negeri Sembilan,Port Dickson,assault,rape,2019,2
4052,Negeri Sembilan,Port Dickson,assault,rape,2020,7
4053,Negeri Sembilan,Port Dickson,assault,rape,2021,4
4054,Negeri Sembilan,Port Dickson,assault,rape,2022,2
4055,Negeri Sembilan,Port Dickson,assault,rape,2023,10
4056,Negeri Sembilan,Port Dickson,assault,robbery_gang_armed,2016,0
4057,Negeri Sembilan,Port Dickson,assault,robbery_gang_armed,2017,0
4058,Negeri Sembilan,Port Dickson,assault,robbery_gang_armed,2018,0
4059,Negeri Sembilan,Port Dickson,assault,robbery_gang_armed,2019,0
4060,Negeri Sembilan,Port Dickson,assault,robbery_gang_armed,2020,0
4061,Negeri Sembilan,Port Dickson,assault,robbery_gang_armed,2021,0
4062,Negeri Sembilan,Port Dickson,assault,robbery_gang_armed,2022,0
4063,Negeri Sembilan,Port Dickson,assault,robbery_gang_armed,2023,0
4064,Negeri Sembilan,Port Dickson,assault,robbery_gang_unarmed,2016,45
4065,Negeri Sembilan,Port Dickson,assault,robbery_gang_unarmed,2017,33
4066,Negeri Sembilan,Port Dickson,assault,robbery_gang_unarmed,2018,36
4067,Negeri Sembilan,Port Dickson,assault,robbery_gang_unarmed,2019,37
4068,Negeri Sembilan,Port Dickson,assault,robbery_gang_unarmed,2020,4
4069,Negeri Sembilan,Port Dickson,assault,robbery_gang_unarmed,2021,7
4070,Negeri Sembilan,Port Dickson,assault,robbery_gang_unarmed,2022,10
4071,Negeri Sembilan,Port Dickson,assault,robbery_gang_unarmed,2023,10
4072,Negeri Sembilan,Port Dickson,assault,robbery_solo_armed,2016,0
4073,Negeri Sembilan,Port Dickson,assault,robbery_solo_armed,2017,0
4074,Negeri Sembilan,Port Dickson,assault,robbery_solo_armed,2018,0
4075,Negeri Sembilan,Port Dickson,assault,robbery_solo_armed,2019,0
4076,Negeri Sembilan,Port Dickson,assault,robbery_solo_armed,2020,0
4077,Negeri Sembilan,Port Dickson,assault,robbery_solo_armed,2021,0
4078,Negeri Sembilan,Port Dickson,assault,robbery_solo_armed,2022,0
4079,Negeri Sembilan,Port Dickson,assault,robbery_solo_armed,2023,0
4080,Negeri Sembilan,Port Dickson,assault,robbery_solo_unarmed,2016,11
4081,Negeri Sembilan,Port Dickson,assault,robbery_solo_unarmed,2017,12
4082,Negeri Sembilan,Port Dickson,assault,robbery_solo_unarmed,2018,14
4083,Negeri Sembilan,Port Dickson,assault,robbery_solo_unarmed,2019,15
4084,Negeri Sembilan,Port Dickson,assault,robbery_solo_unarmed,2020,8
4085,Negeri Sembilan,Port Dickson,assault,robbery_solo_unarmed,2021,13
4086,Negeri Sembilan,Port Dickson,assault,robbery_solo_unarmed,2022,6
4087,Negeri Sembilan,Port Dickson,assault,robbery_solo_unarmed,2023,3
4088,Negeri Sembilan,Port Dickson,property,break_in,2016,64
4089,Negeri Sembilan,Port Dickson,property,break_in,2017,68
4090,Negeri Sembilan,Port Dickson,property,break_in,2018,104
4091,Negeri Sembilan,Port Dickson,property,break_in,2019,103
4092,Negeri Sembilan,Port Dickson,property,break_in,2020,75
4093,Negeri Sembilan,Port Dickson,property,break_in,2021,74
4094,Negeri Sembilan,Port Dickson,property,break_in,2022,52
4095,Negeri Sembilan,Port Dickson,property,break_in,2023,35
4096,Negeri Sembilan,Port Dickson,property,theft_other,2016,103
4097,Negeri Sembilan,Port Dickson,property,theft_other,2017,104
4098,Negeri Sembilan,Port Dickson,property,theft_other,2018,109
4099,Negeri Sembilan,Port Dickson,property,theft_other,2019,107
4100,Negeri Sembilan,Port Dickson,property,theft_other,2020,81
4101,Negeri Sembilan,Port Dickson,property,theft_other,2021,93
4102,Negeri Sembilan,Port Dickson,property,theft_other,2022,100
4103,Negeri Sembilan,Port Dickson,property,theft_other,2023,84
4104,Negeri Sembilan,Port Dickson,property,theft_vehicle_lorry,2016,12
4105,Negeri Sembilan,Port Dickson,property,theft_vehicle_lorry,2017,3
4106,Negeri Sembilan,Port Dickson,property,theft_vehicle_lorry,2018,2
4107,Negeri Sembilan,Port Dickson,property,theft_vehicle_lorry,2019,4
4108,Negeri Sembilan,Port Dickson,property,theft_vehicle_lorry,2020,1
4109,Negeri Sembilan,Port Dickson,property,theft_vehicle_lorry,2021,1
4110,Negeri Sembilan,Port Dickson,property,theft_vehicle_lorry,2022,0
4111,Negeri Sembilan,Port Dickson,property,theft_vehicle_lorry,2023,2
4112,Negeri Sembilan,Port Dickson,property,theft_vehicle_motorcar,2016,20
4113,Negeri Sembilan,Port Dickson,property,theft_vehicle_motorcar,2017,14
4114,Negeri Sembilan,Port Dickson,property,theft_vehicle_motorcar,2018,18
4115,Negeri Sembilan,Port Dickson,property,theft_vehicle_motorcar,2019,26
4116,Negeri Sembilan,Port Dickson,property,theft_vehicle_motorcar,2020,6
4117,Negeri Sembilan,Port Dickson,property,theft_vehicle_motorcar,2021,8
4118,Negeri Sembilan,Port Dickson,property,theft_vehicle_motorcar,2022,2
4119,Negeri Sembilan,Port Dickson,property,theft_vehicle_motorcar,2023,10
4120,Negeri Sembilan,Port Dickson,property,theft_vehicle_motorcycle,2016,79
4121,Negeri Sembilan,Port Dickson,property,theft_vehicle_motorcycle,2017,69
4122,Negeri Sembilan,Port Dickson,property,theft_vehicle_motorcycle,2018,57
4123,Negeri Sembilan,Port Dickson,property,theft_vehicle_motorcycle,2019,52
4124,Negeri Sembilan,Port Dickson,property,theft_vehicle_motorcycle,2020,53
4125,Negeri Sembilan,Port Dickson,property,theft_vehicle_motorcycle,2021,23
4126,Negeri Sembilan,Port Dickson,property,theft_vehicle_motorcycle,2022,26
4127,Negeri Sembilan,Port Dickson,property,theft_vehicle_motorcycle,2023,33
4128,Negeri Sembilan,Rembau,assault,causing_injury,2016,12
4129,Negeri Sembilan,Rembau,assault,causing_injury,2017,7
4130,Negeri Sembilan,Rembau,assault,causing_injury,2018,9
4131,Negeri Sembilan,Rembau,assault,causing_injury,2019,12
4132,Negeri Sembilan,Rembau,assault,causing_injury,2020,6
4133,Negeri Sembilan,Rembau,assault,causing_injury,2021,6
4134,Negeri Sembilan,Rembau,assault,causing_injury,2022,3
4135,Negeri Sembilan,Rembau,assault,causing_injury,2023,3
4136,Negeri Sembilan,Rembau,assault,murder,2016,2
4137,Negeri Sembilan,Rembau,assault,murder,2017,0
4138,Negeri Sembilan,Rembau,assault,murder,2018,1
4139,Negeri Sembilan,Rembau,assault,murder,2019,0
4140,Negeri Sembilan,Rembau,assault,murder,2020,0
4141,Negeri Sembilan,Rembau,assault,murder,2021,0
4142,Negeri Sembilan,Rembau,assault,murder,2022,0
4143,Negeri Sembilan,Rembau,assault,murder,2023,0
4144,Negeri Sembilan,Rembau,assault,rape,2016,4
4145,Negeri Sembilan,Rembau,assault,rape,2017,2
4146,Negeri Sembilan,Rembau,assault,rape,2018,6
4147,Negeri Sembilan,Rembau,assault,rape,2019,4
4148,Negeri Sembilan,Rembau,assault,rape,2020,6
4149,Negeri Sembilan,Rembau,assault,rape,2021,0
4150,Negeri Sembilan,Rembau,assault,rape,2022,7
4151,Negeri Sembilan,Rembau,assault,rape,2023,1
4152,Negeri Sembilan,Rembau,assault,robbery_gang_armed,2016,0
4153,Negeri Sembilan,Rembau,assault,robbery_gang_armed,2017,0
4154,Negeri Sembilan,Rembau,assault,robbery_gang_armed,2018,0
4155,Negeri Sembilan,Rembau,assault,robbery_gang_armed,2019,0
4156,Negeri Sembilan,Rembau,assault,robbery_gang_armed,2020,0
4157,Negeri Sembilan,Rembau,assault,robbery_gang_armed,2021,0
4158,Negeri Sembilan,Rembau,assault,robbery_gang_armed,2022,0
4159,Negeri Sembilan,Rembau,assault,robbery_gang_armed,2023,0
4160,Negeri Sembilan,Rembau,assault,robbery_gang_unarmed,2016,11
4161,Negeri Sembilan,Rembau,assault,robbery_gang_unarmed,2017,6
4162,Negeri Sembilan,Rembau,assault,robbery_gang_unarmed,2018,10
4163,Negeri Sembilan,Rembau,assault,robbery_gang_unarmed,2019,6
4164,Negeri Sembilan,Rembau,assault,robbery_gang_unarmed,2020,2
4165,Negeri Sembilan,Rembau,assault,robbery_gang_unarmed,2021,2
4166,Negeri Sembilan,Rembau,assault,robbery_gang_unarmed,2022,3
4167,Negeri Sembilan,Rembau,assault,robbery_gang_unarmed,2023,4
4168,Negeri Sembilan,Rembau,assault,robbery_solo_armed,2016,0
4169,Negeri Sembilan,Rembau,assault,robbery_solo_armed,2017,0
4170,Negeri Sembilan,Rembau,assault,robbery_solo_armed,2018,0
4171,Negeri Sembilan,Rembau,assault,robbery_solo_armed,2019,0
4172,Negeri Sembilan,Rembau,assault,robbery_solo_armed,2020,0
4173,Negeri Sembilan,Rembau,assault,robbery_solo_armed,2021,0
4174,Negeri Sembilan,Rembau,assault,robbery_solo_armed,2022,0
4175,Negeri Sembilan,Rembau,assault,robbery_solo_armed,2023,0
4176,Negeri Sembilan,Rembau,assault,robbery_solo_unarmed,2016,3
4177,Negeri Sembilan,Rembau,assault,robbery_solo_unarmed,2017,1
4178,Negeri Sembilan,Rembau,assault,robbery_solo_unarmed,2018,5
4179,Negeri Sembilan,Rembau,assault,robbery_solo_unarmed,2019,4
4180,Negeri Sembilan,Rembau,assault,robbery_solo_unarmed,2020,5
4181,Negeri Sembilan,Rembau,assault,robbery_solo_unarmed,2021,3
4182,Negeri Sembilan,Rembau,assault,robbery_solo_unarmed,2022,1
4183,Negeri Sembilan,Rembau,assault,robbery_solo_unarmed,2023,0
4184,Negeri Sembilan,Rembau,property,break_in,2016,23
4185,Negeri Sembilan,Rembau,property,break_in,2017,34
4186,Negeri Sembilan,Rembau,property,break_in,2018,27
4187,Negeri Sembilan,Rembau,property,break_in,2019,16
4188,Negeri Sembilan,Rembau,property,break_in,2020,8
4189,Negeri Sembilan,Rembau,property,break_in,2021,15
4190,Negeri Sembilan,Rembau,property,break_in,2022,8
4191,Negeri Sembilan,Rembau,property,break_in,2023,11
4192,Negeri Sembilan,Rembau,property,theft_other,2016,77
4193,Negeri Sembilan,Rembau,property,theft_other,2017,84
4194,Negeri Sembilan,Rembau,property,theft_other,2018,65
4195,Negeri Sembilan,Rembau,property,theft_other,2019,62
4196,Negeri Sembilan,Rembau,property,theft_other,2020,28
4197,Negeri Sembilan,Rembau,property,theft_other,2021,25
4198,Negeri Sembilan,Rembau,property,theft_other,2022,27
4199,Negeri Sembilan,Rembau,property,theft_other,2023,23
4200,Negeri Sembilan,Rembau,property,theft_vehicle_lorry,2016,4
4201,Negeri Sembilan,Rembau,property,theft_vehicle_lorry,2017,0
4202,Negeri Sembilan,Rembau,property,theft_vehicle_lorry,2018,3
4203,Negeri Sembilan,Rembau,property,theft_vehicle_lorry,2019,0
4204,Negeri Sembilan,Rembau,property,theft_vehicle_lorry,2020,0
4205,Negeri Sembilan,Rembau,property,theft_vehicle_lorry,2021,2
4206,Negeri Sembilan,Rembau,property,theft_vehicle_lorry,2022,0
4207,Negeri Sembilan,Rembau,property,theft_vehicle_lorry,2023,2
4208,Negeri Sembilan,Rembau,property,theft_vehicle_motorcar,2016,3
4209,Negeri Sembilan,Rembau,property,theft_vehicle_motorcar,2017,1
4210,Negeri Sembilan,Rembau,property,theft_vehicle_motorcar,2018,5
4211,Negeri Sembilan,Rembau,property,theft_vehicle_motorcar,2019,0
4212,Negeri Sembilan,Rembau,property,theft_vehicle_motorcar,2020,0
4213,Negeri Sembilan,Rembau,property,theft_vehicle_motorcar,2021,0
4214,Negeri Sembilan,Rembau,property,theft_vehicle_motorcar,2022,2
4215,Negeri Sembilan,Rembau,property,theft_vehicle_motorcar,2023,2
4216,Negeri Sembilan,Rembau,property,theft_vehicle_motorcycle,2016,32
4217,Negeri Sembilan,Rembau,property,theft_vehicle_motorcycle,2017,19
4218,Negeri Sembilan,Rembau,property,theft_vehicle_motorcycle,2018,27
4219,Negeri Sembilan,Rembau,property,theft_vehicle_motorcycle,2019,15
4220,Negeri Sembilan,Rembau,property,theft_vehicle_motorcycle,2020,8
4221,Negeri Sembilan,Rembau,property,theft_vehicle_motorcycle,2021,7
4222,Negeri Sembilan,Rembau,property,theft_vehicle_motorcycle,2022,8
4223,Negeri Sembilan,Rembau,property,theft_vehicle_motorcycle,2023,18
4224,Negeri Sembilan,Seremban,assault,causing_injury,2016,73
4225,Negeri Sembilan,Seremban,assault,causing_injury,2017,70
4226,Negeri Sembilan,Seremban,assault,causing_injury,2018,72
4227,Negeri Sembilan,Seremban,assault,causing_injury,2019,88
4228,Negeri Sembilan,Seremban,assault,causing_injury,2020,60
4229,Negeri Sembilan,Seremban,assault,causing_injury,2021,99
4230,Negeri Sembilan,Seremban,assault,causing_injury,2022,57
4231,Negeri Sembilan,Seremban,assault,causing_injury,2023,44
4232,Negeri Sembilan,Seremban,assault,murder,2016,7
4233,Negeri Sembilan,Seremban,assault,murder,2017,4
4234,Negeri Sembilan,Seremban,assault,murder,2018,5
4235,Negeri Sembilan,Seremban,assault,murder,2019,6
4236,Negeri Sembilan,Seremban,assault,murder,2020,4
4237,Negeri Sembilan,Seremban,assault,murder,2021,5
4238,Negeri Sembilan,Seremban,assault,murder,2022,7
4239,Negeri Sembilan,Seremban,assault,murder,2023,0
4240,Negeri Sembilan,Seremban,assault,rape,2016,36
4241,Negeri Sembilan,Seremban,assault,rape,2017,28
4242,Negeri Sembilan,Seremban,assault,rape,2018,30
4243,Negeri Sembilan,Seremban,assault,rape,2019,27
4244,Negeri Sembilan,Seremban,assault,rape,2020,26
4245,Negeri Sembilan,Seremban,assault,rape,2021,20
4246,Negeri Sembilan,Seremban,assault,rape,2022,22
4247,Negeri Sembilan,Seremban,assault,rape,2023,23
4248,Negeri Sembilan,Seremban,assault,robbery_gang_armed,2016,1
4249,Negeri Sembilan,Seremban,assault,robbery_gang_armed,2017,0
4250,Negeri Sembilan,Seremban,assault,robbery_gang_armed,2018,0
4251,Negeri Sembilan,Seremban,assault,robbery_gang_armed,2019,0
4252,Negeri Sembilan,Seremban,assault,robbery_gang_armed,2020,0
4253,Negeri Sembilan,Seremban,assault,robbery_gang_armed,2021,0
4254,Negeri Sembilan,Seremban,assault,robbery_gang_armed,2022,0
4255,Negeri Sembilan,Seremban,assault,robbery_gang_armed,2023,0
4256,Negeri Sembilan,Seremban,assault,robbery_gang_unarmed,2016,169
4257,Negeri Sembilan,Seremban,assault,robbery_gang_unarmed,2017,169
4258,Negeri Sembilan,Seremban,assault,robbery_gang_unarmed,2018,123
4259,Negeri Sembilan,Seremban,assault,robbery_gang_unarmed,2019,132
4260,Negeri Sembilan,Seremban,assault,robbery_gang_unarmed,2020,48
4261,Negeri Sembilan,Seremban,assault,robbery_gang_unarmed,2021,32
4262,Negeri Sembilan,Seremban,assault,robbery_gang_unarmed,2022,39
4263,Negeri Sembilan,Seremban,assault,robbery_gang_unarmed,2023,54
4264,Negeri Sembilan,Seremban,assault,robbery_solo_armed,2016,1
4265,Negeri Sembilan,Seremban,assault,robbery_solo_armed,2017,0
4266,Negeri Sembilan,Seremban,assault,robbery_solo_armed,2018,1
4267,Negeri Sembilan,Seremban,assault,robbery_solo_armed,2019,0
4268,Negeri Sembilan,Seremban,assault,robbery_solo_armed,2020,0
4269,Negeri Sembilan,Seremban,assault,robbery_solo_armed,2021,0
4270,Negeri Sembilan,Seremban,assault,robbery_solo_armed,2022,1
4271,Negeri Sembilan,Seremban,assault,robbery_solo_armed,2023,1
4272,Negeri Sembilan,Seremban,assault,robbery_solo_unarmed,2016,99
4273,Negeri Sembilan,Seremban,assault,robbery_solo_unarmed,2017,60
4274,Negeri Sembilan,Seremban,assault,robbery_solo_unarmed,2018,79
4275,Negeri Sembilan,Seremban,assault,robbery_solo_unarmed,2019,76
4276,Negeri Sembilan,Seremban,assault,robbery_solo_unarmed,2020,66
4277,Negeri Sembilan,Seremban,assault,robbery_solo_unarmed,2021,26
4278,Negeri Sembilan,Seremban,assault,robbery_solo_unarmed,2022,32
4279,Negeri Sembilan,Seremban,assault,robbery_solo_unarmed,2023,34
4280,Negeri Sembilan,Seremban,property,break_in,2016,352
4281,Negeri Sembilan,Seremban,property,break_in,2017,333
4282,Negeri Sembilan,Seremban,property,break_in,2018,321
4283,Negeri Sembilan,Seremban,property,break_in,2019,271
4284,Negeri Sembilan,Seremban,property,break_in,2020,210
4285,Negeri Sembilan,Seremban,property,break_in,2021,118
4286,Negeri Sembilan,Seremban,property,break_in,2022,142
4287,Negeri Sembilan,Seremban,property,break_in,2023,171
4288,Negeri Sembilan,Seremban,property,theft_other,2016,280
4289,Negeri Sembilan,Seremban,property,theft_other,2017,316
4290,Negeri Sembilan,Seremban,property,theft_other,2018,319
4291,Negeri Sembilan,Seremban,property,theft_other,2019,257
4292,Negeri Sembilan,Seremban,property,theft_other,2020,231
4293,Negeri Sembilan,Seremban,property,theft_other,2021,194
4294,Negeri Sembilan,Seremban,property,theft_other,2022,186
4295,Negeri Sembilan,Seremban,property,theft_other,2023,233
4296,Negeri Sembilan,Seremban,property,theft_vehicle_lorry,2016,69
4297,Negeri Sembilan,Seremban,property,theft_vehicle_lorry,2017,38
4298,Negeri Sembilan,Seremban,property,theft_vehicle_lorry,2018,32
4299,Negeri Sembilan,Seremban,property,theft_vehicle_lorry,2019,32
4300,Negeri Sembilan,Seremban,property,theft_vehicle_lorry,2020,13
4301,Negeri Sembilan,Seremban,property,theft_vehicle_lorry,2021,14
4302,Negeri Sembilan,Seremban,property,theft_vehicle_lorry,2022,4
4303,Negeri Sembilan,Seremban,property,theft_vehicle_lorry,2023,16
4304,Negeri Sembilan,Seremban,property,theft_vehicle_motorcar,2016,102
4305,Negeri Sembilan,Seremban,property,theft_vehicle_motorcar,2017,109
4306,Negeri Sembilan,Seremban,property,theft_vehicle_motorcar,2018,87
4307,Negeri Sembilan,Seremban,property,theft_vehicle_motorcar,2019,85
4308,Negeri Sembilan,Seremban,property,theft_vehicle_motorcar,2020,54
4309,Negeri Sembilan,Seremban,property,theft_vehicle_motorcar,2021,36
4310,Negeri Sembilan,Seremban,property,theft_vehicle_motorcar,2022,48
4311,Negeri Sembilan,Seremban,property,theft_vehicle_motorcar,2023,40
4312,Negeri Sembilan,Seremban,property,theft_vehicle_motorcycle,2016,552
4313,Negeri Sembilan,Seremban,property,theft_vehicle_motorcycle,2017,403
4314,Negeri Sembilan,Seremban,property,theft_vehicle_motorcycle,2018,359
4315,Negeri Sembilan,Seremban,property,theft_vehicle_motorcycle,2019,299
4316,Negeri Sembilan,Seremban,property,theft_vehicle_motorcycle,2020,167
4317,Negeri Sembilan,Seremban,property,theft_vehicle_motorcycle,2021,140
4318,Negeri Sembilan,Seremban,property,theft_vehicle_motorcycle,2022,160
4319,Negeri Sembilan,Seremban,property,theft_vehicle_motorcycle,2023,146
4320,Negeri Sembilan,Tampin,assault,causing_injury,2016,20
4321,Negeri Sembilan,Tampin,assault,causing_injury,2017,11
4322,Negeri Sembilan,Tampin,assault,causing_injury,2018,16
4323,Negeri Sembilan,Tampin,assault,causing_injury,2019,7
4324,Negeri Sembilan,Tampin,assault,causing_injury,2020,4
4325,Negeri Sembilan,Tampin,assault,causing_injury,2021,12
4326,Negeri Sembilan,Tampin,assault,causing_injury,2022,10
4327,Negeri Sembilan,Tampin,assault,causing_injury,2023,4
4328,Negeri Sembilan,Tampin,assault,murder,2016,0
4329,Negeri Sembilan,Tampin,assault,murder,2017,1
4330,Negeri Sembilan,Tampin,assault,murder,2018,0
4331,Negeri Sembilan,Tampin,assault,murder,2019,1
4332,Negeri Sembilan,Tampin,assault,murder,2020,1
4333,Negeri Sembilan,Tampin,assault,murder,2021,2
4334,Negeri Sembilan,Tampin,assault,murder,2022,1
4335,Negeri Sembilan,Tampin,assault,murder,2023,0
4336,Negeri Sembilan,Tampin,assault,rape,2016,11
4337,Negeri Sembilan,Tampin,assault,rape,2017,10
4338,Negeri Sembilan,Tampin,assault,rape,2018,4
4339,Negeri Sembilan,Tampin,assault,rape,2019,0
4340,Negeri Sembilan,Tampin,assault,rape,2020,5
4341,Negeri Sembilan,Tampin,assault,rape,2021,3
4342,Negeri Sembilan,Tampin,assault,rape,2022,4
4343,Negeri Sembilan,Tampin,assault,rape,2023,2
4344,Negeri Sembilan,Tampin,assault,robbery_gang_armed,2016,0
4345,Negeri Sembilan,Tampin,assault,robbery_gang_armed,2017,0
4346,Negeri Sembilan,Tampin,assault,robbery_gang_armed,2018,0
4347,Negeri Sembilan,Tampin,assault,robbery_gang_armed,2019,0
4348,Negeri Sembilan,Tampin,assault,robbery_gang_armed,2020,0
4349,Negeri Sembilan,Tampin,assault,robbery_gang_armed,2021,0
4350,Negeri Sembilan,Tampin,assault,robbery_gang_armed,2022,0
4351,Negeri Sembilan,Tampin,assault,robbery_gang_armed,2023,0
4352,Negeri Sembilan,Tampin,assault,robbery_gang_unarmed,2016,17
4353,Negeri Sembilan,Tampin,assault,robbery_gang_unarmed,2017,14
4354,Negeri Sembilan,Tampin,assault,robbery_gang_unarmed,2018,7
4355,Negeri Sembilan,Tampin,assault,robbery_gang_unarmed,2019,3
4356,Negeri Sembilan,Tampin,assault,robbery_gang_unarmed,2020,3
4357,Negeri Sembilan,Tampin,assault,robbery_gang_unarmed,2021,4
4358,Negeri Sembilan,Tampin,assault,robbery_gang_unarmed,2022,1
4359,Negeri Sembilan,Tampin,assault,robbery_gang_unarmed,2023,2
4360,Negeri Sembilan,Tampin,assault,robbery_solo_armed,2016,0
4361,Negeri Sembilan,Tampin,assault,robbery_solo_armed,2017,0
4362,Negeri Sembilan,Tampin,assault,robbery_solo_armed,2018,0
4363,Negeri Sembilan,Tampin,assault,robbery_solo_armed,2019,0
4364,Negeri Sembilan,Tampin,assault,robbery_solo_armed,2020,0
4365,Negeri Sembilan,Tampin,assault,robbery_solo_armed,2021,0
4366,Negeri Sembilan,Tampin,assault,robbery_solo_armed,2022,0
4367,Negeri Sembilan,Tampin,assault,robbery_solo_armed,2023,0
4368,Negeri Sembilan,Tampin,assault,robbery_solo_unarmed,2016,15
4369,Negeri Sembilan,Tampin,assault,robbery_solo_unarmed,2017,3
4370,Negeri Sembilan,Tampin,assault,robbery_solo_unarmed,2018,8
4371,Negeri Sembilan,Tampin,assault,robbery_solo_unarmed,2019,12
4372,Negeri Sembilan,Tampin,assault,robbery_solo_unarmed,2020,3
4373,Negeri Sembilan,Tampin,assault,robbery_solo_unarmed,2021,3
4374,Negeri Sembilan,Tampin,assault,robbery_solo_unarmed,2022,4
4375,Negeri Sembilan,Tampin,assault,robbery_solo_unarmed,2023,2
4376,Negeri Sembilan,Tampin,property,break_in,2016,88
4377,Negeri Sembilan,Tampin,property,break_in,2017,48
4378,Negeri Sembilan,Tampin,property,break_in,2018,66
4379,Negeri Sembilan,Tampin,property,break_in,2019,45
4380,Negeri Sembilan,Tampin,property,break_in,2020,45
4381,Negeri Sembilan,Tampin,property,break_in,2021,24
4382,Negeri Sembilan,Tampin,property,break_in,2022,25
4383,Negeri Sembilan,Tampin,property,break_in,2023,17
4384,Negeri Sembilan,Tampin,property,theft_other,2016,70
4385,Negeri Sembilan,Tampin,property,theft_other,2017,82
4386,Negeri Sembilan,Tampin,property,theft_other,2018,78
4387,Negeri Sembilan,Tampin,property,theft_other,2019,65
4388,Negeri Sembilan,Tampin,property,theft_other,2020,25
4389,Negeri Sembilan,Tampin,property,theft_other,2021,45
4390,Negeri Sembilan,Tampin,property,theft_other,2022,39
4391,Negeri Sembilan,Tampin,property,theft_other,2023,23
4392,Negeri Sembilan,Tampin,property,theft_vehicle_lorry,2016,6
4393,Negeri Sembilan,Tampin,property,theft_vehicle_lorry,2017,2
4394,Negeri Sembilan,Tampin,property,theft_vehicle_lorry,2018,1
4395,Negeri Sembilan,Tampin,property,theft_vehicle_lorry,2019,0
4396,Negeri Sembilan,Tampin,property,theft_vehicle_lorry,2020,1
4397,Negeri Sembilan,Tampin,property,theft_vehicle_lorry,2021,1
4398,Negeri Sembilan,Tampin,property,theft_vehicle_lorry,2022,0
4399,Negeri Sembilan,Tampin,property,theft_vehicle_lorry,2023,2
4400,Negeri Sembilan,Tampin,property,theft_vehicle_motorcar,2016,12
4401,Negeri Sembilan,Tampin,property,theft_vehicle_motorcar,2017,5
4402,Negeri Sembilan,Tampin,property,theft_vehicle_motorcar,2018,3
4403,Negeri Sembilan,Tampin,property,theft_vehicle_motorcar,2019,1
4404,Negeri Sembilan,Tampin,property,theft_vehicle_motorcar,2020,5
4405,Negeri Sembilan,Tampin,property,theft_vehicle_motorcar,2021,2
4406,Negeri Sembilan,Tampin,property,theft_vehicle_motorcar,2022,3
4407,Negeri Sembilan,Tampin,property,theft_vehicle_motorcar,2023,4
4408,Negeri Sembilan,Tampin,property,theft_vehicle_motorcycle,2016,55
4409,Negeri Sembilan,Tampin,property,theft_vehicle_motorcycle,2017,34
4410,Negeri Sembilan,Tampin,property,theft_vehicle_motorcycle,2018,29
4411,Negeri Sembilan,Tampin,property,theft_vehicle_motorcycle,2019,29
4412,Negeri Sembilan,Tampin,property,theft_vehicle_motorcycle,2020,40
4413,Negeri Sembilan,Tampin,property,theft_vehicle_motorcycle,2021,18
4414,Negeri Sembilan,Tampin,property,theft_vehicle_motorcycle,2022,20
4415,Negeri Sembilan,Tampin,property,theft_vehicle_motorcycle,2023,8
4416,Pahang,Bentong,assault,causing_injury,2016,33
4417,Pahang,Bentong,assault,causing_injury,2017,24
4418,Pahang,Bentong,assault,causing_injury,2018,30
4419,Pahang,Bentong,assault,causing_injury,2019,22
4420,Pahang,Bentong,assault,causing_injury,2020,18
4421,Pahang,Bentong,assault,causing_injury,2021,12
4422,Pahang,Bentong,assault,causing_injury,2022,25
4423,Pahang,Bentong,assault,causing_injury,2023,19
4424,Pahang,Bentong,assault,murder,2016,2
4425,Pahang,Bentong,assault,murder,2017,2
4426,Pahang,Bentong,assault,murder,2018,1
4427,Pahang,Bentong,assault,murder,2019,5
4428,Pahang,Bentong,assault,murder,2020,1
4429,Pahang,Bentong,assault,murder,2021,2
4430,Pahang,Bentong,assault,murder,2022,1
4431,Pahang,Bentong,assault,murder,2023,3
4432,Pahang,Bentong,assault,rape,2016,3
4433,Pahang,Bentong,assault,rape,2017,7
4434,Pahang,Bentong,assault,rape,2018,5
4435,Pahang,Bentong,assault,rape,2019,12
4436,Pahang,Bentong,assault,rape,2020,6
4437,Pahang,Bentong,assault,rape,2021,8
4438,Pahang,Bentong,assault,rape,2022,8
4439,Pahang,Bentong,assault,rape,2023,10
4440,Pahang,Bentong,assault,robbery_gang_armed,2016,0
4441,Pahang,Bentong,assault,robbery_gang_armed,2017,0
4442,Pahang,Bentong,assault,robbery_gang_armed,2018,0
4443,Pahang,Bentong,assault,robbery_gang_armed,2019,0
4444,Pahang,Bentong,assault,robbery_gang_armed,2020,0
4445,Pahang,Bentong,assault,robbery_gang_armed,2021,0
4446,Pahang,Bentong,assault,robbery_gang_armed,2022,0
4447,Pahang,Bentong,assault,robbery_gang_armed,2023,0
4448,Pahang,Bentong,assault,robbery_gang_unarmed,2016,21
4449,Pahang,Bentong,assault,robbery_gang_unarmed,2017,6
4450,Pahang,Bentong,assault,robbery_gang_unarmed,2018,12
4451,Pahang,Bentong,assault,robbery_gang_unarmed,2019,20
4452,Pahang,Bentong,assault,robbery_gang_unarmed,2020,6
4453,Pahang,Bentong,assault,robbery_gang_unarmed,2021,5
4454,Pahang,Bentong,assault,robbery_gang_unarmed,2022,7
4455,Pahang,Bentong,assault,robbery_gang_unarmed,2023,9
4456,Pahang,Bentong,assault,robbery_solo_armed,2016,0
4457,Pahang,Bentong,assault,robbery_solo_armed,2017,0
4458,Pahang,Bentong,assault,robbery_solo_armed,2018,0
4459,Pahang,Bentong,assault,robbery_solo_armed,2019,0
4460,Pahang,Bentong,assault,robbery_solo_armed,2020,0
4461,Pahang,Bentong,assault,robbery_solo_armed,2021,0
4462,Pahang,Bentong,assault,robbery_solo_armed,2022,0
4463,Pahang,Bentong,assault,robbery_solo_armed,2023,0
4464,Pahang,Bentong,assault,robbery_solo_unarmed,2016,8
4465,Pahang,Bentong,assault,robbery_solo_unarmed,2017,8
4466,Pahang,Bentong,assault,robbery_solo_unarmed,2018,7
4467,Pahang,Bentong,assault,robbery_solo_unarmed,2019,10
4468,Pahang,Bentong,assault,robbery_solo_unarmed,2020,12
4469,Pahang,Bentong,assault,robbery_solo_unarmed,2021,7
4470,Pahang,Bentong,assault,robbery_solo_unarmed,2022,7
4471,Pahang,Bentong,assault,robbery_solo_unarmed,2023,13
4472,Pahang,Bentong,property,break_in,2016,104
4473,Pahang,Bentong,property,break_in,2017,86
4474,Pahang,Bentong,property,break_in,2018,61
4475,Pahang,Bentong,property,break_in,2019,63
4476,Pahang,Bentong,property,break_in,2020,51
4477,Pahang,Bentong,property,break_in,2021,35
4478,Pahang,Bentong,property,break_in,2022,31
4479,Pahang,Bentong,property,break_in,2023,36
4480,Pahang,Bentong,property,theft_other,2016,132
4481,Pahang,Bentong,property,theft_other,2017,109
4482,Pahang,Bentong,property,theft_other,2018,334
4483,Pahang,Bentong,property,theft_other,2019,333
4484,Pahang,Bentong,property,theft_other,2020,126
4485,Pahang,Bentong,property,theft_other,2021,59
4486,Pahang,Bentong,property,theft_other,2022,101
4487,Pahang,Bentong,property,theft_other,2023,92
4488,Pahang,Bentong,property,theft_vehicle_lorry,2016,4
4489,Pahang,Bentong,property,theft_vehicle_lorry,2017,1
4490,Pahang,Bentong,property,theft_vehicle_lorry,2018,4
4491,Pahang,Bentong,property,theft_vehicle_lorry,2019,1
4492,Pahang,Bentong,property,theft_vehicle_lorry,2020,0
4493,Pahang,Bentong,property,theft_vehicle_lorry,2021,2
4494,Pahang,Bentong,property,theft_vehicle_lorry,2022,1
4495,Pahang,Bentong,property,theft_vehicle_lorry,2023,3
4496,Pahang,Bentong,property,theft_vehicle_motorcar,2016,25
4497,Pahang,Bentong,property,theft_vehicle_motorcar,2017,12
4498,Pahang,Bentong,property,theft_vehicle_motorcar,2018,19
4499,Pahang,Bentong,property,theft_vehicle_motorcar,2019,16
4500,Pahang,Bentong,property,theft_vehicle_motorcar,2020,17
4501,Pahang,Bentong,property,theft_vehicle_motorcar,2021,8
4502,Pahang,Bentong,property,theft_vehicle_motorcar,2022,12
4503,Pahang,Bentong,property,theft_vehicle_motorcar,2023,18
4504,Pahang,Bentong,property,theft_vehicle_motorcycle,2016,67
4505,Pahang,Bentong,property,theft_vehicle_motorcycle,2017,72
4506,Pahang,Bentong,property,theft_vehicle_motorcycle,2018,63
4507,Pahang,Bentong,property,theft_vehicle_motorcycle,2019,42
4508,Pahang,Bentong,property,theft_vehicle_motorcycle,2020,41
4509,Pahang,Bentong,property,theft_vehicle_motorcycle,2021,29
4510,Pahang,Bentong,property,theft_vehicle_motorcycle,2022,43
4511,Pahang,Bentong,property,theft_vehicle_motorcycle,2023,43
4512,Pahang,Bera,assault,causing_injury,2016,6
4513,Pahang,Bera,assault,causing_injury,2017,11
4514,Pahang,Bera,assault,causing_injury,2018,12
4515,Pahang,Bera,assault,causing_injury,2019,17
4516,Pahang,Bera,assault,causing_injury,2020,14
4517,Pahang,Bera,assault,causing_injury,2021,15
4518,Pahang,Bera,assault,causing_injury,2022,18
4519,Pahang,Bera,assault,causing_injury,2023,12
4520,Pahang,Bera,assault,murder,2016,0
4521,Pahang,Bera,assault,murder,2017,2
4522,Pahang,Bera,assault,murder,2018,1
4523,Pahang,Bera,assault,murder,2019,2
4524,Pahang,Bera,assault,murder,2020,0
4525,Pahang,Bera,assault,murder,2021,0
4526,Pahang,Bera,assault,murder,2022,1
4527,Pahang,Bera,assault,murder,2023,0
4528,Pahang,Bera,assault,rape,2016,9
4529,Pahang,Bera,assault,rape,2017,11
4530,Pahang,Bera,assault,rape,2018,2
4531,Pahang,Bera,assault,rape,2019,6
4532,Pahang,Bera,assault,rape,2020,7
4533,Pahang,Bera,assault,rape,2021,6
4534,Pahang,Bera,assault,rape,2022,12
4535,Pahang,Bera,assault,rape,2023,7
4536,Pahang,Bera,assault,robbery_gang_armed,2016,0
4537,Pahang,Bera,assault,robbery_gang_armed,2017,0
4538,Pahang,Bera,assault,robbery_gang_armed,2018,0
4539,Pahang,Bera,assault,robbery_gang_armed,2019,1
4540,Pahang,Bera,assault,robbery_gang_armed,2020,0
4541,Pahang,Bera,assault,robbery_gang_armed,2021,0
4542,Pahang,Bera,assault,robbery_gang_armed,2022,0
4543,Pahang,Bera,assault,robbery_gang_armed,2023,0
4544,Pahang,Bera,assault,robbery_gang_unarmed,2016,8
4545,Pahang,Bera,assault,robbery_gang_unarmed,2017,14
4546,Pahang,Bera,assault,robbery_gang_unarmed,2018,6
4547,Pahang,Bera,assault,robbery_gang_unarmed,2019,2
4548,Pahang,Bera,assault,robbery_gang_unarmed,2020,2
4549,Pahang,Bera,assault,robbery_gang_unarmed,2021,1
4550,Pahang,Bera,assault,robbery_gang_unarmed,2022,1
4551,Pahang,Bera,assault,robbery_gang_unarmed,2023,7
4552,Pahang,Bera,assault,robbery_solo_armed,2016,0
4553,Pahang,Bera,assault,robbery_solo_armed,2017,0
4554,Pahang,Bera,assault,robbery_solo_armed,2018,0
4555,Pahang,Bera,assault,robbery_solo_armed,2019,0
4556,Pahang,Bera,assault,robbery_solo_armed,2020,0
4557,Pahang,Bera,assault,robbery_solo_armed,2021,0
4558,Pahang,Bera,assault,robbery_solo_armed,2022,0
4559,Pahang,Bera,assault,robbery_solo_armed,2023,0
4560,Pahang,Bera,assault,robbery_solo_unarmed,2016,8
4561,Pahang,Bera,assault,robbery_solo_unarmed,2017,2
4562,Pahang,Bera,assault,robbery_solo_unarmed,2018,0
4563,Pahang,Bera,assault,robbery_solo_unarmed,2019,4
4564,Pahang,Bera,assault,robbery_solo_unarmed,2020,1
4565,Pahang,Bera,assault,robbery_solo_unarmed,2021,3
4566,Pahang,Bera,assault,robbery_solo_unarmed,2022,2
4567,Pahang,Bera,assault,robbery_solo_unarmed,2023,5
4568,Pahang,Bera,property,break_in,2016,49
4569,Pahang,Bera,property,break_in,2017,32
4570,Pahang,Bera,property,break_in,2018,38
4571,Pahang,Bera,property,break_in,2019,32
4572,Pahang,Bera,property,break_in,2020,20
4573,Pahang,Bera,property,break_in,2021,18
4574,Pahang,Bera,property,break_in,2022,32
4575,Pahang,Bera,property,break_in,2023,28
4576,Pahang,Bera,property,theft_other,2016,40
4577,Pahang,Bera,property,theft_other,2017,27
4578,Pahang,Bera,property,theft_other,2018,40
4579,Pahang,Bera,property,theft_other,2019,29
4580,Pahang,Bera,property,theft_other,2020,39
4581,Pahang,Bera,property,theft_other,2021,48
4582,Pahang,Bera,property,theft_other,2022,45
4583,Pahang,Bera,property,theft_other,2023,42
4584,Pahang,Bera,property,theft_vehicle_lorry,2016,11
4585,Pahang,Bera,property,theft_vehicle_lorry,2017,2
4586,Pahang,Bera,property,theft_vehicle_lorry,2018,2
4587,Pahang,Bera,property,theft_vehicle_lorry,2019,0
4588,Pahang,Bera,property,theft_vehicle_lorry,2020,2
4589,Pahang,Bera,property,theft_vehicle_lorry,2021,0
4590,Pahang,Bera,property,theft_vehicle_lorry,2022,0
4591,Pahang,Bera,property,theft_vehicle_lorry,2023,1
4592,Pahang,Bera,property,theft_vehicle_motorcar,2016,5
4593,Pahang,Bera,property,theft_vehicle_motorcar,2017,3
4594,Pahang,Bera,property,theft_vehicle_motorcar,2018,1
4595,Pahang,Bera,property,theft_vehicle_motorcar,2019,3
4596,Pahang,Bera,property,theft_vehicle_motorcar,2020,1
4597,Pahang,Bera,property,theft_vehicle_motorcar,2021,1
4598,Pahang,Bera,property,theft_vehicle_motorcar,2022,4
4599,Pahang,Bera,property,theft_vehicle_motorcar,2023,2
4600,Pahang,Bera,property,theft_vehicle_motorcycle,2016,48
4601,Pahang,Bera,property,theft_vehicle_motorcycle,2017,36
4602,Pahang,Bera,property,theft_vehicle_motorcycle,2018,28
4603,Pahang,Bera,property,theft_vehicle_motorcycle,2019,29
4604,Pahang,Bera,property,theft_vehicle_motorcycle,2020,27
4605,Pahang,Bera,property,theft_vehicle_motorcycle,2021,24
4606,Pahang,Bera,property,theft_vehicle_motorcycle,2022,12
4607,Pahang,Bera,property,theft_vehicle_motorcycle,2023,16
4608,Pahang,Cameron Highland,assault,causing_injury,2016,10
4609,Pahang,Cameron Highland,assault,causing_injury,2017,10
4610,Pahang,Cameron Highland,assault,causing_injury,2018,10
4611,Pahang,Cameron Highland,assault,causing_injury,2019,4
4612,Pahang,Cameron Highland,assault,murder,2016,1
4613,Pahang,Cameron Highland,assault,murder,2017,0
4614,Pahang,Cameron Highland,assault,murder,2018,0
4615,Pahang,Cameron Highland,assault,murder,2019,0
4616,Pahang,Cameron Highland,assault,rape,2016,2
4617,Pahang,Cameron Highland,assault,rape,2017,1
4618,Pahang,Cameron Highland,assault,rape,2018,2
4619,Pahang,Cameron Highland,assault,rape,2019,1
4620,Pahang,Cameron Highland,assault,robbery_gang_armed,2016,0
4621,Pahang,Cameron Highland,assault,robbery_gang_armed,2017,0
4622,Pahang,Cameron Highland,assault,robbery_gang_armed,2018,0
4623,Pahang,Cameron Highland,assault,robbery_gang_armed,2019,0
4624,Pahang,Cameron Highland,assault,robbery_gang_unarmed,2016,6
4625,Pahang,Cameron Highland,assault,robbery_gang_unarmed,2017,2
4626,Pahang,Cameron Highland,assault,robbery_gang_unarmed,2018,10
4627,Pahang,Cameron Highland,assault,robbery_gang_unarmed,2019,0
4628,Pahang,Cameron Highland,assault,robbery_solo_armed,2016,0
4629,Pahang,Cameron Highland,assault,robbery_solo_armed,2017,0
4630,Pahang,Cameron Highland,assault,robbery_solo_armed,2018,0
4631,Pahang,Cameron Highland,assault,robbery_solo_armed,2019,0
4632,Pahang,Cameron Highland,assault,robbery_solo_unarmed,2016,0
4633,Pahang,Cameron Highland,assault,robbery_solo_unarmed,2017,0
4634,Pahang,Cameron Highland,assault,robbery_solo_unarmed,2018,1
4635,Pahang,Cameron Highland,assault,robbery_solo_unarmed,2019,1
4636,Pahang,Cameron Highland,property,break_in,2016,14
4637,Pahang,Cameron Highland,property,break_in,2017,12
4638,Pahang,Cameron Highland,property,break_in,2018,12
4639,Pahang,Cameron Highland,property,break_in,2019,10
4640,Pahang,Cameron Highland,property,theft_other,2016,3
4641,Pahang,Cameron Highland,property,theft_other,2017,17
4642,Pahang,Cameron Highland,property,theft_other,2018,8
4643,Pahang,Cameron Highland,property,theft_other,2019,11
4644,Pahang,Cameron Highland,property,theft_vehicle_lorry,2016,3
4645,Pahang,Cameron Highland,property,theft_vehicle_lorry,2017,1
4646,Pahang,Cameron Highland,property,theft_vehicle_lorry,2018,1
4647,Pahang,Cameron Highland,property,theft_vehicle_lorry,2019,1
4648,Pahang,Cameron Highland,property,theft_vehicle_motorcar,2016,16
4649,Pahang,Cameron Highland,property,theft_vehicle_motorcar,2017,10
4650,Pahang,Cameron Highland,property,theft_vehicle_motorcar,2018,6
4651,Pahang,Cameron Highland,property,theft_vehicle_motorcar,2019,4
4652,Pahang,Cameron Highland,property,theft_vehicle_motorcycle,2016,23
4653,Pahang,Cameron Highland,property,theft_vehicle_motorcycle,2017,23
4654,Pahang,Cameron Highland,property,theft_vehicle_motorcycle,2018,16
4655,Pahang,Cameron Highland,property,theft_vehicle_motorcycle,2019,13
4656,Pahang,Cameron Highlands,assault,causing_injury,2020,4
4657,Pahang,Cameron Highlands,assault,causing_injury,2021,15
4658,Pahang,Cameron Highlands,assault,causing_injury,2022,7
4659,Pahang,Cameron Highlands,assault,causing_injury,2023,11
4660,Pahang,Cameron Highlands,assault,murder,2020,1
4661,Pahang,Cameron Highlands,assault,murder,2021,1
4662,Pahang,Cameron Highlands,assault,murder,2022,3
4663,Pahang,Cameron Highlands,assault,murder,2023,0
4664,Pahang,Cameron Highlands,assault,rape,2020,0
4665,Pahang,Cameron Highlands,assault,rape,2021,3
4666,Pahang,Cameron Highlands,assault,rape,2022,4
4667,Pahang,Cameron Highlands,assault,rape,2023,5
4668,Pahang,Cameron Highlands,assault,robbery_gang_armed,2020,0
4669,Pahang,Cameron Highlands,assault,robbery_gang_armed,2021,0
4670,Pahang,Cameron Highlands,assault,robbery_gang_armed,2022,0
4671,Pahang,Cameron Highlands,assault,robbery_gang_armed,2023,0
4672,Pahang,Cameron Highlands,assault,robbery_gang_unarmed,2020,1
4673,Pahang,Cameron Highlands,assault,robbery_gang_unarmed,2021,2
4674,Pahang,Cameron Highlands,assault,robbery_gang_unarmed,2022,1
4675,Pahang,Cameron Highlands,assault,robbery_gang_unarmed,2023,1
4676,Pahang,Cameron Highlands,assault,robbery_solo_armed,2020,0
4677,Pahang,Cameron Highlands,assault,robbery_solo_armed,2021,0
4678,Pahang,Cameron Highlands,assault,robbery_solo_armed,2022,0
4679,Pahang,Cameron Highlands,assault,robbery_solo_armed,2023,0
4680,Pahang,Cameron Highlands,assault,robbery_solo_unarmed,2020,1
4681,Pahang,Cameron Highlands,assault,robbery_solo_unarmed,2021,0
4682,Pahang,Cameron Highlands,assault,robbery_solo_unarmed,2022,0
4683,Pahang,Cameron Highlands,assault,robbery_solo_unarmed,2023,2
4684,Pahang,Cameron Highlands,property,break_in,2020,7
4685,Pahang,Cameron Highlands,property,break_in,2021,2
4686,Pahang,Cameron Highlands,property,break_in,2022,4
4687,Pahang,Cameron Highlands,property,break_in,2023,5
4688,Pahang,Cameron Highlands,property,theft_other,2020,9
4689,Pahang,Cameron Highlands,property,theft_other,2021,6
4690,Pahang,Cameron Highlands,property,theft_other,2022,10
4691,Pahang,Cameron Highlands,property,theft_other,2023,8
4692,Pahang,Cameron Highlands,property,theft_vehicle_lorry,2020,1
4693,Pahang,Cameron Highlands,property,theft_vehicle_lorry,2021,0
4694,Pahang,Cameron Highlands,property,theft_vehicle_lorry,2022,0
4695,Pahang,Cameron Highlands,property,theft_vehicle_lorry,2023,0
4696,Pahang,Cameron Highlands,property,theft_vehicle_motorcar,2020,4
4697,Pahang,Cameron Highlands,property,theft_vehicle_motorcar,2021,1
4698,Pahang,Cameron Highlands,property,theft_vehicle_motorcar,2022,3
4699,Pahang,Cameron Highlands,property,theft_vehicle_motorcar,2023,5
4700,Pahang,Cameron Highlands,property,theft_vehicle_motorcycle,2020,8
4701,Pahang,Cameron Highlands,property,theft_vehicle_motorcycle,2021,8
4702,Pahang,Cameron Highlands,property,theft_vehicle_motorcycle,2022,13
4703,Pahang,Cameron Highlands,property,theft_vehicle_motorcycle,2023,13
4704,Pahang,Jerantut,assault,causing_injury,2016,21
4705,Pahang,Jerantut,assault,causing_injury,2017,14
4706,Pahang,Jerantut,assault,causing_injury,2018,17
4707,Pahang,Jerantut,assault,causing_injury,2019,10
4708,Pahang,Jerantut,assault,causing_injury,2020,4
4709,Pahang,Jerantut,assault,causing_injury,2021,9
4710,Pahang,Jerantut,assault,causing_injury,2022,10
4711,Pahang,Jerantut,assault,causing_injury,2023,9
4712,Pahang,Jerantut,assault,murder,2016,2
4713,Pahang,Jerantut,assault,murder,2017,1
4714,Pahang,Jerantut,assault,murder,2018,1
4715,Pahang,Jerantut,assault,murder,2019,2
4716,Pahang,Jerantut,assault,murder,2020,0
4717,Pahang,Jerantut,assault,murder,2021,1
4718,Pahang,Jerantut,assault,murder,2022,1
4719,Pahang,Jerantut,assault,murder,2023,0
4720,Pahang,Jerantut,assault,rape,2016,9
4721,Pahang,Jerantut,assault,rape,2017,6
4722,Pahang,Jerantut,assault,rape,2018,10
4723,Pahang,Jerantut,assault,rape,2019,13
4724,Pahang,Jerantut,assault,rape,2020,9
4725,Pahang,Jerantut,assault,rape,2021,7
4726,Pahang,Jerantut,assault,rape,2022,12
4727,Pahang,Jerantut,assault,rape,2023,12
4728,Pahang,Jerantut,assault,robbery_gang_armed,2016,0
4729,Pahang,Jerantut,assault,robbery_gang_armed,2017,0
4730,Pahang,Jerantut,assault,robbery_gang_armed,2018,0
4731,Pahang,Jerantut,assault,robbery_gang_armed,2019,0
4732,Pahang,Jerantut,assault,robbery_gang_armed,2020,0
4733,Pahang,Jerantut,assault,robbery_gang_armed,2021,0
4734,Pahang,Jerantut,assault,robbery_gang_armed,2022,1
4735,Pahang,Jerantut,assault,robbery_gang_armed,2023,0
4736,Pahang,Jerantut,assault,robbery_gang_unarmed,2016,12
4737,Pahang,Jerantut,assault,robbery_gang_unarmed,2017,10
4738,Pahang,Jerantut,assault,robbery_gang_unarmed,2018,3
4739,Pahang,Jerantut,assault,robbery_gang_unarmed,2019,7
4740,Pahang,Jerantut,assault,robbery_gang_unarmed,2020,0
4741,Pahang,Jerantut,assault,robbery_gang_unarmed,2021,1
4742,Pahang,Jerantut,assault,robbery_gang_unarmed,2022,2
4743,Pahang,Jerantut,assault,robbery_gang_unarmed,2023,5
4744,Pahang,Jerantut,assault,robbery_solo_armed,2016,0
4745,Pahang,Jerantut,assault,robbery_solo_armed,2017,0
4746,Pahang,Jerantut,assault,robbery_solo_armed,2018,0
4747,Pahang,Jerantut,assault,robbery_solo_armed,2019,0
4748,Pahang,Jerantut,assault,robbery_solo_armed,2020,0
4749,Pahang,Jerantut,assault,robbery_solo_armed,2021,0
4750,Pahang,Jerantut,assault,robbery_solo_armed,2022,0
4751,Pahang,Jerantut,assault,robbery_solo_armed,2023,0
4752,Pahang,Jerantut,assault,robbery_solo_unarmed,2016,3
4753,Pahang,Jerantut,assault,robbery_solo_unarmed,2017,0
4754,Pahang,Jerantut,assault,robbery_solo_unarmed,2018,4
4755,Pahang,Jerantut,assault,robbery_solo_unarmed,2019,4
4756,Pahang,Jerantut,assault,robbery_solo_unarmed,2020,4
4757,Pahang,Jerantut,assault,robbery_solo_unarmed,2021,0
4758,Pahang,Jerantut,assault,robbery_solo_unarmed,2022,3
4759,Pahang,Jerantut,assault,robbery_solo_unarmed,2023,1
4760,Pahang,Jerantut,property,break_in,2016,49
4761,Pahang,Jerantut,property,break_in,2017,61
4762,Pahang,Jerantut,property,break_in,2018,46
4763,Pahang,Jerantut,property,break_in,2019,49
4764,Pahang,Jerantut,property,break_in,2020,37
4765,Pahang,Jerantut,property,break_in,2021,28
4766,Pahang,Jerantut,property,break_in,2022,17
4767,Pahang,Jerantut,property,break_in,2023,22
4768,Pahang,Jerantut,property,theft_other,2016,53
4769,Pahang,Jerantut,property,theft_other,2017,54
4770,Pahang,Jerantut,property,theft_other,2018,46
4771,Pahang,Jerantut,property,theft_other,2019,61
4772,Pahang,Jerantut,property,theft_other,2020,47
4773,Pahang,Jerantut,property,theft_other,2021,57
4774,Pahang,Jerantut,property,theft_other,2022,48
4775,Pahang,Jerantut,property,theft_other,2023,43
4776,Pahang,Jerantut,property,theft_vehicle_lorry,2016,0
4777,Pahang,Jerantut,property,theft_vehicle_lorry,2017,4
4778,Pahang,Jerantut,property,theft_vehicle_lorry,2018,6
4779,Pahang,Jerantut,property,theft_vehicle_lorry,2019,3
4780,Pahang,Jerantut,property,theft_vehicle_lorry,2020,0
4781,Pahang,Jerantut,property,theft_vehicle_lorry,2021,0
4782,Pahang,Jerantut,property,theft_vehicle_lorry,2022,1
4783,Pahang,Jerantut,property,theft_vehicle_lorry,2023,1
4784,Pahang,Jerantut,property,theft_vehicle_motorcar,2016,14
4785,Pahang,Jerantut,property,theft_vehicle_motorcar,2017,11
4786,Pahang,Jerantut,property,theft_vehicle_motorcar,2018,4
4787,Pahang,Jerantut,property,theft_vehicle_motorcar,2019,3
4788,Pahang,Jerantut,property,theft_vehicle_motorcar,2020,1
4789,Pahang,Jerantut,property,theft_vehicle_motorcar,2021,1
4790,Pahang,Jerantut,property,theft_vehicle_motorcar,2022,3
4791,Pahang,Jerantut,property,theft_vehicle_motorcar,2023,0
4792,Pahang,Jerantut,property,theft_vehicle_motorcycle,2016,60
4793,Pahang,Jerantut,property,theft_vehicle_motorcycle,2017,32
4794,Pahang,Jerantut,property,theft_vehicle_motorcycle,2018,54
4795,Pahang,Jerantut,property,theft_vehicle_motorcycle,2019,34
4796,Pahang,Jerantut,property,theft_vehicle_motorcycle,2020,23
4797,Pahang,Jerantut,property,theft_vehicle_motorcycle,2021,12
4798,Pahang,Jerantut,property,theft_vehicle_motorcycle,2022,14
4799,Pahang,Jerantut,property,theft_vehicle_motorcycle,2023,25
4800,Pahang,Kuala Lipis,assault,causing_injury,2016,9
4801,Pahang,Kuala Lipis,assault,causing_injury,2017,5
4802,Pahang,Kuala Lipis,assault,causing_injury,2018,7
4803,Pahang,Kuala Lipis,assault,causing_injury,2019,11
4804,Pahang,Kuala Lipis,assault,causing_injury,2020,4
4805,Pahang,Kuala Lipis,assault,causing_injury,2021,10
4806,Pahang,Kuala Lipis,assault,causing_injury,2022,6
4807,Pahang,Kuala Lipis,assault,causing_injury,2023,5
4808,Pahang,Kuala Lipis,assault,murder,2016,1
4809,Pahang,Kuala Lipis,assault,murder,2017,1
4810,Pahang,Kuala Lipis,assault,murder,2018,0
4811,Pahang,Kuala Lipis,assault,murder,2019,0
4812,Pahang,Kuala Lipis,assault,murder,2020,0
4813,Pahang,Kuala Lipis,assault,murder,2021,1
4814,Pahang,Kuala Lipis,assault,murder,2022,0
4815,Pahang,Kuala Lipis,assault,murder,2023,0
4816,Pahang,Kuala Lipis,assault,rape,2016,8
4817,Pahang,Kuala Lipis,assault,rape,2017,5
4818,Pahang,Kuala Lipis,assault,rape,2018,4
4819,Pahang,Kuala Lipis,assault,rape,2019,6
4820,Pahang,Kuala Lipis,assault,rape,2020,5
4821,Pahang,Kuala Lipis,assault,rape,2021,2
4822,Pahang,Kuala Lipis,assault,rape,2022,3
4823,Pahang,Kuala Lipis,assault,rape,2023,11
4824,Pahang,Kuala Lipis,assault,robbery_gang_armed,2016,0
4825,Pahang,Kuala Lipis,assault,robbery_gang_armed,2017,1
4826,Pahang,Kuala Lipis,assault,robbery_gang_armed,2018,0
4827,Pahang,Kuala Lipis,assault,robbery_gang_armed,2019,0
4828,Pahang,Kuala Lipis,assault,robbery_gang_armed,2020,0
4829,Pahang,Kuala Lipis,assault,robbery_gang_armed,2021,0
4830,Pahang,Kuala Lipis,assault,robbery_gang_armed,2022,0
4831,Pahang,Kuala Lipis,assault,robbery_gang_armed,2023,0
4832,Pahang,Kuala Lipis,assault,robbery_gang_unarmed,2016,2
4833,Pahang,Kuala Lipis,assault,robbery_gang_unarmed,2017,1
4834,Pahang,Kuala Lipis,assault,robbery_gang_unarmed,2018,1
4835,Pahang,Kuala Lipis,assault,robbery_gang_unarmed,2019,1
4836,Pahang,Kuala Lipis,assault,robbery_gang_unarmed,2020,1
4837,Pahang,Kuala Lipis,assault,robbery_gang_unarmed,2021,0
4838,Pahang,Kuala Lipis,assault,robbery_gang_unarmed,2022,0
4839,Pahang,Kuala Lipis,assault,robbery_gang_unarmed,2023,3
4840,Pahang,Kuala Lipis,assault,robbery_solo_armed,2016,1
4841,Pahang,Kuala Lipis,assault,robbery_solo_armed,2017,0
4842,Pahang,Kuala Lipis,assault,robbery_solo_armed,2018,0
4843,Pahang,Kuala Lipis,assault,robbery_solo_armed,2019,0
4844,Pahang,Kuala Lipis,assault,robbery_solo_armed,2020,0
4845,Pahang,Kuala Lipis,assault,robbery_solo_armed,2021,0
4846,Pahang,Kuala Lipis,assault,robbery_solo_armed,2022,0
4847,Pahang,Kuala Lipis,assault,robbery_solo_armed,2023,0
4848,Pahang,Kuala Lipis,assault,robbery_solo_unarmed,2016,0
4849,Pahang,Kuala Lipis,assault,robbery_solo_unarmed,2017,0
4850,Pahang,Kuala Lipis,assault,robbery_solo_unarmed,2018,1
4851,Pahang,Kuala Lipis,assault,robbery_solo_unarmed,2019,0
4852,Pahang,Kuala Lipis,assault,robbery_solo_unarmed,2020,4
4853,Pahang,Kuala Lipis,assault,robbery_solo_unarmed,2021,2
4854,Pahang,Kuala Lipis,assault,robbery_solo_unarmed,2022,0
4855,Pahang,Kuala Lipis,assault,robbery_solo_unarmed,2023,1
4856,Pahang,Kuala Lipis,property,break_in,2016,26
4857,Pahang,Kuala Lipis,property,break_in,2017,29
4858,Pahang,Kuala Lipis,property,break_in,2018,18
4859,Pahang,Kuala Lipis,property,break_in,2019,24
4860,Pahang,Kuala Lipis,property,break_in,2020,16
4861,Pahang,Kuala Lipis,property,break_in,2021,9
4862,Pahang,Kuala Lipis,property,break_in,2022,16
4863,Pahang,Kuala Lipis,property,break_in,2023,13
4864,Pahang,Kuala Lipis,property,theft_other,2016,35
4865,Pahang,Kuala Lipis,property,theft_other,2017,43
4866,Pahang,Kuala Lipis,property,theft_other,2018,52
4867,Pahang,Kuala Lipis,property,theft_other,2019,52
4868,Pahang,Kuala Lipis,property,theft_other,2020,41
4869,Pahang,Kuala Lipis,property,theft_other,2021,42
4870,Pahang,Kuala Lipis,property,theft_other,2022,36
4871,Pahang,Kuala Lipis,property,theft_other,2023,31
4872,Pahang,Kuala Lipis,property,theft_vehicle_lorry,2016,8
4873,Pahang,Kuala Lipis,property,theft_vehicle_lorry,2017,6
4874,Pahang,Kuala Lipis,property,theft_vehicle_lorry,2018,6
4875,Pahang,Kuala Lipis,property,theft_vehicle_lorry,2019,1
4876,Pahang,Kuala Lipis,property,theft_vehicle_lorry,2020,0
4877,Pahang,Kuala Lipis,property,theft_vehicle_lorry,2021,0
4878,Pahang,Kuala Lipis,property,theft_vehicle_lorry,2022,1
4879,Pahang,Kuala Lipis,property,theft_vehicle_lorry,2023,4
4880,Pahang,Kuala Lipis,property,theft_vehicle_motorcar,2016,7
4881,Pahang,Kuala Lipis,property,theft_vehicle_motorcar,2017,2
4882,Pahang,Kuala Lipis,property,theft_vehicle_motorcar,2018,5
4883,Pahang,Kuala Lipis,property,theft_vehicle_motorcar,2019,1
4884,Pahang,Kuala Lipis,property,theft_vehicle_motorcar,2020,3
4885,Pahang,Kuala Lipis,property,theft_vehicle_motorcar,2021,0
4886,Pahang,Kuala Lipis,property,theft_vehicle_motorcar,2022,0
4887,Pahang,Kuala Lipis,property,theft_vehicle_motorcar,2023,3
4888,Pahang,Kuala Lipis,property,theft_vehicle_motorcycle,2016,39
4889,Pahang,Kuala Lipis,property,theft_vehicle_motorcycle,2017,32
4890,Pahang,Kuala Lipis,property,theft_vehicle_motorcycle,2018,23
4891,Pahang,Kuala Lipis,property,theft_vehicle_motorcycle,2019,11
4892,Pahang,Kuala Lipis,property,theft_vehicle_motorcycle,2020,13
4893,Pahang,Kuala Lipis,property,theft_vehicle_motorcycle,2021,14
4894,Pahang,Kuala Lipis,property,theft_vehicle_motorcycle,2022,7
4895,Pahang,Kuala Lipis,property,theft_vehicle_motorcycle,2023,7
4896,Pahang,Kuantan,assault,causing_injury,2016,71
4897,Pahang,Kuantan,assault,causing_injury,2017,54
4898,Pahang,Kuantan,assault,causing_injury,2018,59
4899,Pahang,Kuantan,assault,causing_injury,2019,79
4900,Pahang,Kuantan,assault,causing_injury,2020,45
4901,Pahang,Kuantan,assault,causing_injury,2021,62
4902,Pahang,Kuantan,assault,causing_injury,2022,48
4903,Pahang,Kuantan,assault,causing_injury,2023,54
4904,Pahang,Kuantan,assault,murder,2016,5
4905,Pahang,Kuantan,assault,murder,2017,4
4906,Pahang,Kuantan,assault,murder,2018,2
4907,Pahang,Kuantan,assault,murder,2019,3
4908,Pahang,Kuantan,assault,murder,2020,2
4909,Pahang,Kuantan,assault,murder,2021,3
4910,Pahang,Kuantan,assault,murder,2022,1
4911,Pahang,Kuantan,assault,murder,2023,1
4912,Pahang,Kuantan,assault,rape,2016,43
4913,Pahang,Kuantan,assault,rape,2017,81
4914,Pahang,Kuantan,assault,rape,2018,36
4915,Pahang,Kuantan,assault,rape,2019,37
4916,Pahang,Kuantan,assault,rape,2020,25
4917,Pahang,Kuantan,assault,rape,2021,36
4918,Pahang,Kuantan,assault,rape,2022,31
4919,Pahang,Kuantan,assault,rape,2023,33
4920,Pahang,Kuantan,assault,robbery_gang_armed,2016,0
4921,Pahang,Kuantan,assault,robbery_gang_armed,2017,0
4922,Pahang,Kuantan,assault,robbery_gang_armed,2018,1
4923,Pahang,Kuantan,assault,robbery_gang_armed,2019,0
4924,Pahang,Kuantan,assault,robbery_gang_armed,2020,0
4925,Pahang,Kuantan,assault,robbery_gang_armed,2021,0
4926,Pahang,Kuantan,assault,robbery_gang_armed,2022,0
4927,Pahang,Kuantan,assault,robbery_gang_armed,2023,0
4928,Pahang,Kuantan,assault,robbery_gang_unarmed,2016,113
4929,Pahang,Kuantan,assault,robbery_gang_unarmed,2017,124
4930,Pahang,Kuantan,assault,robbery_gang_unarmed,2018,95
4931,Pahang,Kuantan,assault,robbery_gang_unarmed,2019,87
4932,Pahang,Kuantan,assault,robbery_gang_unarmed,2020,29
4933,Pahang,Kuantan,assault,robbery_gang_unarmed,2021,18
4934,Pahang,Kuantan,assault,robbery_gang_unarmed,2022,21
4935,Pahang,Kuantan,assault,robbery_gang_unarmed,2023,20
4936,Pahang,Kuantan,assault,robbery_solo_armed,2016,0
4937,Pahang,Kuantan,assault,robbery_solo_armed,2017,0
4938,Pahang,Kuantan,assault,robbery_solo_armed,2018,0
4939,Pahang,Kuantan,assault,robbery_solo_armed,2019,0
4940,Pahang,Kuantan,assault,robbery_solo_armed,2020,0
4941,Pahang,Kuantan,assault,robbery_solo_armed,2021,0
4942,Pahang,Kuantan,assault,robbery_solo_armed,2022,0
4943,Pahang,Kuantan,assault,robbery_solo_armed,2023,0
4944,Pahang,Kuantan,assault,robbery_solo_unarmed,2016,25
4945,Pahang,Kuantan,assault,robbery_solo_unarmed,2017,61
4946,Pahang,Kuantan,assault,robbery_solo_unarmed,2018,54
4947,Pahang,Kuantan,assault,robbery_solo_unarmed,2019,51
4948,Pahang,Kuantan,assault,robbery_solo_unarmed,2020,43
4949,Pahang,Kuantan,assault,robbery_solo_unarmed,2021,20
4950,Pahang,Kuantan,assault,robbery_solo_unarmed,2022,11
4951,Pahang,Kuantan,assault,robbery_solo_unarmed,2023,10
4952,Pahang,Kuantan,property,break_in,2016,224
4953,Pahang,Kuantan,property,break_in,2017,344
4954,Pahang,Kuantan,property,break_in,2018,487
4955,Pahang,Kuantan,property,break_in,2019,341
4956,Pahang,Kuantan,property,break_in,2020,260
4957,Pahang,Kuantan,property,break_in,2021,206
4958,Pahang,Kuantan,property,break_in,2022,183
4959,Pahang,Kuantan,property,break_in,2023,136
4960,Pahang,Kuantan,property,theft_other,2016,202
4961,Pahang,Kuantan,property,theft_other,2017,249
4962,Pahang,Kuantan,property,theft_other,2018,428
4963,Pahang,Kuantan,property,theft_other,2019,310
4964,Pahang,Kuantan,property,theft_other,2020,241
4965,Pahang,Kuantan,property,theft_other,2021,321
4966,Pahang,Kuantan,property,theft_other,2022,192
4967,Pahang,Kuantan,property,theft_other,2023,128
4968,Pahang,Kuantan,property,theft_vehicle_lorry,2016,55
4969,Pahang,Kuantan,property,theft_vehicle_lorry,2017,29
4970,Pahang,Kuantan,property,theft_vehicle_lorry,2018,24
4971,Pahang,Kuantan,property,theft_vehicle_lorry,2019,16
4972,Pahang,Kuantan,property,theft_vehicle_lorry,2020,10
4973,Pahang,Kuantan,property,theft_vehicle_lorry,2021,7
4974,Pahang,Kuantan,property,theft_vehicle_lorry,2022,6
4975,Pahang,Kuantan,property,theft_vehicle_lorry,2023,12
4976,Pahang,Kuantan,property,theft_vehicle_motorcar,2016,127
4977,Pahang,Kuantan,property,theft_vehicle_motorcar,2017,125
4978,Pahang,Kuantan,property,theft_vehicle_motorcar,2018,66
4979,Pahang,Kuantan,property,theft_vehicle_motorcar,2019,68
4980,Pahang,Kuantan,property,theft_vehicle_motorcar,2020,51
4981,Pahang,Kuantan,property,theft_vehicle_motorcar,2021,38
4982,Pahang,Kuantan,property,theft_vehicle_motorcar,2022,43
4983,Pahang,Kuantan,property,theft_vehicle_motorcar,2023,39
4984,Pahang,Kuantan,property,theft_vehicle_motorcycle,2016,733
4985,Pahang,Kuantan,property,theft_vehicle_motorcycle,2017,573
4986,Pahang,Kuantan,property,theft_vehicle_motorcycle,2018,308
4987,Pahang,Kuantan,property,theft_vehicle_motorcycle,2019,282
4988,Pahang,Kuantan,property,theft_vehicle_motorcycle,2020,183
4989,Pahang,Kuantan,property,theft_vehicle_motorcycle,2021,124
4990,Pahang,Kuantan,property,theft_vehicle_motorcycle,2022,137
4991,Pahang,Kuantan,property,theft_vehicle_motorcycle,2023,168
4992,Pahang,Maran,assault,causing_injury,2016,10
4993,Pahang,Maran,assault,causing_injury,2017,11
4994,Pahang,Maran,assault,causing_injury,2018,6
4995,Pahang,Maran,assault,causing_injury,2019,17
4996,Pahang,Maran,assault,causing_injury,2020,4
4997,Pahang,Maran,assault,causing_injury,2021,8
4998,Pahang,Maran,assault,causing_injury,2022,4
4999,Pahang,Maran,assault,causing_injury,2023,7
5000,Pahang,Maran,assault,murder,2016,1
5001,Pahang,Maran,assault,murder,2017,0
5002,Pahang,Maran,assault,murder,2018,2
5003,Pahang,Maran,assault,murder,2019,0
5004,Pahang,Maran,assault,murder,2020,0
5005,Pahang,Maran,assault,murder,2021,1
5006,Pahang,Maran,assault,murder,2022,0
5007,Pahang,Maran,assault,murder,2023,0
5008,Pahang,Maran,assault,rape,2016,8
5009,Pahang,Maran,assault,rape,2017,13
5010,Pahang,Maran,assault,rape,2018,15
5011,Pahang,Maran,assault,rape,2019,7
5012,Pahang,Maran,assault,rape,2020,7
5013,Pahang,Maran,assault,rape,2021,12
5014,Pahang,Maran,assault,rape,2022,11
5015,Pahang,Maran,assault,rape,2023,9
5016,Pahang,Maran,assault,robbery_gang_armed,2016,0
5017,Pahang,Maran,assault,robbery_gang_armed,2017,0
5018,Pahang,Maran,assault,robbery_gang_armed,2018,0
5019,Pahang,Maran,assault,robbery_gang_armed,2019,0
5020,Pahang,Maran,assault,robbery_gang_armed,2020,0
5021,Pahang,Maran,assault,robbery_gang_armed,2021,0
5022,Pahang,Maran,assault,robbery_gang_armed,2022,0
5023,Pahang,Maran,assault,robbery_gang_armed,2023,0
5024,Pahang,Maran,assault,robbery_gang_unarmed,2016,23
5025,Pahang,Maran,assault,robbery_gang_unarmed,2017,7
5026,Pahang,Maran,assault,robbery_gang_unarmed,2018,4
5027,Pahang,Maran,assault,robbery_gang_unarmed,2019,4
5028,Pahang,Maran,assault,robbery_gang_unarmed,2020,1
5029,Pahang,Maran,assault,robbery_gang_unarmed,2021,3
5030,Pahang,Maran,assault,robbery_gang_unarmed,2022,3
5031,Pahang,Maran,assault,robbery_gang_unarmed,2023,2
5032,Pahang,Maran,assault,robbery_solo_armed,2016,0
5033,Pahang,Maran,assault,robbery_solo_armed,2017,0
5034,Pahang,Maran,assault,robbery_solo_armed,2018,0
5035,Pahang,Maran,assault,robbery_solo_armed,2019,0
5036,Pahang,Maran,assault,robbery_solo_armed,2020,0
5037,Pahang,Maran,assault,robbery_solo_armed,2021,0
5038,Pahang,Maran,assault,robbery_solo_armed,2022,0
5039,Pahang,Maran,assault,robbery_solo_armed,2023,0
5040,Pahang,Maran,assault,robbery_solo_unarmed,2016,2
5041,Pahang,Maran,assault,robbery_solo_unarmed,2017,5
5042,Pahang,Maran,assault,robbery_solo_unarmed,2018,8
5043,Pahang,Maran,assault,robbery_solo_unarmed,2019,1
5044,Pahang,Maran,assault,robbery_solo_unarmed,2020,7
5045,Pahang,Maran,assault,robbery_solo_unarmed,2021,4
5046,Pahang,Maran,assault,robbery_solo_unarmed,2022,0
5047,Pahang,Maran,assault,robbery_solo_unarmed,2023,1
5048,Pahang,Maran,property,break_in,2016,48
5049,Pahang,Maran,property,break_in,2017,69
5050,Pahang,Maran,property,break_in,2018,73
5051,Pahang,Maran,property,break_in,2019,42
5052,Pahang,Maran,property,break_in,2020,48
5053,Pahang,Maran,property,break_in,2021,34
5054,Pahang,Maran,property,break_in,2022,41
5055,Pahang,Maran,property,break_in,2023,28
5056,Pahang,Maran,property,theft_other,2016,39
5057,Pahang,Maran,property,theft_other,2017,63
5058,Pahang,Maran,property,theft_other,2018,61
5059,Pahang,Maran,property,theft_other,2019,75
5060,Pahang,Maran,property,theft_other,2020,43
5061,Pahang,Maran,property,theft_other,2021,59
5062,Pahang,Maran,property,theft_other,2022,42
5063,Pahang,Maran,property,theft_other,2023,55
5064,Pahang,Maran,property,theft_vehicle_lorry,2016,1
5065,Pahang,Maran,property,theft_vehicle_lorry,2017,4
5066,Pahang,Maran,property,theft_vehicle_lorry,2018,4
5067,Pahang,Maran,property,theft_vehicle_lorry,2019,1
5068,Pahang,Maran,property,theft_vehicle_lorry,2020,2
5069,Pahang,Maran,property,theft_vehicle_lorry,2021,0
5070,Pahang,Maran,property,theft_vehicle_lorry,2022,0
5071,Pahang,Maran,property,theft_vehicle_lorry,2023,1
5072,Pahang,Maran,property,theft_vehicle_motorcar,2016,9
5073,Pahang,Maran,property,theft_vehicle_motorcar,2017,5
5074,Pahang,Maran,property,theft_vehicle_motorcar,2018,9
5075,Pahang,Maran,property,theft_vehicle_motorcar,2019,10
5076,Pahang,Maran,property,theft_vehicle_motorcar,2020,4
5077,Pahang,Maran,property,theft_vehicle_motorcar,2021,4
5078,Pahang,Maran,property,theft_vehicle_motorcar,2022,2
5079,Pahang,Maran,property,theft_vehicle_motorcar,2023,5
5080,Pahang,Maran,property,theft_vehicle_motorcycle,2016,122
5081,Pahang,Maran,property,theft_vehicle_motorcycle,2017,77
5082,Pahang,Maran,property,theft_vehicle_motorcycle,2018,70
5083,Pahang,Maran,property,theft_vehicle_motorcycle,2019,84
5084,Pahang,Maran,property,theft_vehicle_motorcycle,2020,47
5085,Pahang,Maran,property,theft_vehicle_motorcycle,2021,24
5086,Pahang,Maran,property,theft_vehicle_motorcycle,2022,22
5087,Pahang,Maran,property,theft_vehicle_motorcycle,2023,22
5088,Pahang,Pekan,assault,causing_injury,2016,5
5089,Pahang,Pekan,assault,causing_injury,2017,11
5090,Pahang,Pekan,assault,causing_injury,2018,14
5091,Pahang,Pekan,assault,causing_injury,2019,7
5092,Pahang,Pekan,assault,causing_injury,2020,6
5093,Pahang,Pekan,assault,causing_injury,2021,16
5094,Pahang,Pekan,assault,causing_injury,2022,7
5095,Pahang,Pekan,assault,causing_injury,2023,5
5096,Pahang,Pekan,assault,murder,2016,1
5097,Pahang,Pekan,assault,murder,2017,0
5098,Pahang,Pekan,assault,murder,2018,0
5099,Pahang,Pekan,assault,murder,2019,2
5100,Pahang,Pekan,assault,murder,2020,0
5101,Pahang,Pekan,assault,murder,2021,0
5102,Pahang,Pekan,assault,murder,2022,1
5103,Pahang,Pekan,assault,murder,2023,0
5104,Pahang,Pekan,assault,rape,2016,8
5105,Pahang,Pekan,assault,rape,2017,13
5106,Pahang,Pekan,assault,rape,2018,4
5107,Pahang,Pekan,assault,rape,2019,8
5108,Pahang,Pekan,assault,rape,2020,11
5109,Pahang,Pekan,assault,rape,2021,10
5110,Pahang,Pekan,assault,rape,2022,13
5111,Pahang,Pekan,assault,rape,2023,7
5112,Pahang,Pekan,assault,robbery_gang_armed,2016,0
5113,Pahang,Pekan,assault,robbery_gang_armed,2017,0
5114,Pahang,Pekan,assault,robbery_gang_armed,2018,0
5115,Pahang,Pekan,assault,robbery_gang_armed,2019,0
5116,Pahang,Pekan,assault,robbery_gang_armed,2020,0
5117,Pahang,Pekan,assault,robbery_gang_armed,2021,0
5118,Pahang,Pekan,assault,robbery_gang_armed,2022,0
5119,Pahang,Pekan,assault,robbery_gang_armed,2023,0
5120,Pahang,Pekan,assault,robbery_gang_unarmed,2016,2
5121,Pahang,Pekan,assault,robbery_gang_unarmed,2017,9
5122,Pahang,Pekan,assault,robbery_gang_unarmed,2018,7
5123,Pahang,Pekan,assault,robbery_gang_unarmed,2019,4
5124,Pahang,Pekan,assault,robbery_gang_unarmed,2020,0
5125,Pahang,Pekan,assault,robbery_gang_unarmed,2021,4
5126,Pahang,Pekan,assault,robbery_gang_unarmed,2022,0
5127,Pahang,Pekan,assault,robbery_gang_unarmed,2023,0
5128,Pahang,Pekan,assault,robbery_solo_armed,2016,0
5129,Pahang,Pekan,assault,robbery_solo_armed,2017,0
5130,Pahang,Pekan,assault,robbery_solo_armed,2018,0
5131,Pahang,Pekan,assault,robbery_solo_armed,2019,0
5132,Pahang,Pekan,assault,robbery_solo_armed,2020,0
5133,Pahang,Pekan,assault,robbery_solo_armed,2021,0
5134,Pahang,Pekan,assault,robbery_solo_armed,2022,0
5135,Pahang,Pekan,assault,robbery_solo_armed,2023,0
5136,Pahang,Pekan,assault,robbery_solo_unarmed,2016,3
5137,Pahang,Pekan,assault,robbery_solo_unarmed,2017,0
5138,Pahang,Pekan,assault,robbery_solo_unarmed,2018,2
5139,Pahang,Pekan,assault,robbery_solo_unarmed,2019,0
5140,Pahang,Pekan,assault,robbery_solo_unarmed,2020,4
5141,Pahang,Pekan,assault,robbery_solo_unarmed,2021,3
5142,Pahang,Pekan,assault,robbery_solo_unarmed,2022,4
5143,Pahang,Pekan,assault,robbery_solo_unarmed,2023,6
5144,Pahang,Pekan,property,break_in,2016,41
5145,Pahang,Pekan,property,break_in,2017,42
5146,Pahang,Pekan,property,break_in,2018,26
5147,Pahang,Pekan,property,break_in,2019,57
5148,Pahang,Pekan,property,break_in,2020,72
5149,Pahang,Pekan,property,break_in,2021,57
5150,Pahang,Pekan,property,break_in,2022,38
5151,Pahang,Pekan,property,break_in,2023,23
5152,Pahang,Pekan,property,theft_other,2016,28
5153,Pahang,Pekan,property,theft_other,2017,29
5154,Pahang,Pekan,property,theft_other,2018,29
5155,Pahang,Pekan,property,theft_other,2019,62
5156,Pahang,Pekan,property,theft_other,2020,55
5157,Pahang,Pekan,property,theft_other,2021,45
5158,Pahang,Pekan,property,theft_other,2022,28
5159,Pahang,Pekan,property,theft_other,2023,28
5160,Pahang,Pekan,property,theft_vehicle_lorry,2016,1
5161,Pahang,Pekan,property,theft_vehicle_lorry,2017,0
5162,Pahang,Pekan,property,theft_vehicle_lorry,2018,1
5163,Pahang,Pekan,property,theft_vehicle_lorry,2019,0
5164,Pahang,Pekan,property,theft_vehicle_lorry,2020,1
5165,Pahang,Pekan,property,theft_vehicle_lorry,2021,2
5166,Pahang,Pekan,property,theft_vehicle_lorry,2022,3
5167,Pahang,Pekan,property,theft_vehicle_lorry,2023,0
5168,Pahang,Pekan,property,theft_vehicle_motorcar,2016,5
5169,Pahang,Pekan,property,theft_vehicle_motorcar,2017,4
5170,Pahang,Pekan,property,theft_vehicle_motorcar,2018,5
5171,Pahang,Pekan,property,theft_vehicle_motorcar,2019,3
5172,Pahang,Pekan,property,theft_vehicle_motorcar,2020,3
5173,Pahang,Pekan,property,theft_vehicle_motorcar,2021,5
5174,Pahang,Pekan,property,theft_vehicle_motorcar,2022,2
5175,Pahang,Pekan,property,theft_vehicle_motorcar,2023,0
5176,Pahang,Pekan,property,theft_vehicle_motorcycle,2016,76
5177,Pahang,Pekan,property,theft_vehicle_motorcycle,2017,63
5178,Pahang,Pekan,property,theft_vehicle_motorcycle,2018,54
5179,Pahang,Pekan,property,theft_vehicle_motorcycle,2019,55
5180,Pahang,Pekan,property,theft_vehicle_motorcycle,2020,31
5181,Pahang,Pekan,property,theft_vehicle_motorcycle,2021,13
5182,Pahang,Pekan,property,theft_vehicle_motorcycle,2022,13
5183,Pahang,Pekan,property,theft_vehicle_motorcycle,2023,29
5184,Pahang,Raub,assault,causing_injury,2016,12
5185,Pahang,Raub,assault,causing_injury,2017,12
5186,Pahang,Raub,assault,causing_injury,2018,13
5187,Pahang,Raub,assault,causing_injury,2019,19
5188,Pahang,Raub,assault,causing_injury,2020,11
5189,Pahang,Raub,assault,causing_injury,2021,14
5190,Pahang,Raub,assault,causing_injury,2022,17
5191,Pahang,Raub,assault,causing_injury,2023,12
5192,Pahang,Raub,assault,murder,2016,2
5193,Pahang,Raub,assault,murder,2017,2
5194,Pahang,Raub,assault,murder,2018,0
5195,Pahang,Raub,assault,murder,2019,0
5196,Pahang,Raub,assault,murder,2020,1
5197,Pahang,Raub,assault,murder,2021,0
5198,Pahang,Raub,assault,murder,2022,0
5199,Pahang,Raub,assault,murder,2023,1
5200,Pahang,Raub,assault,rape,2016,7
5201,Pahang,Raub,assault,rape,2017,6
5202,Pahang,Raub,assault,rape,2018,8
5203,Pahang,Raub,assault,rape,2019,2
5204,Pahang,Raub,assault,rape,2020,2
5205,Pahang,Raub,assault,rape,2021,1
5206,Pahang,Raub,assault,rape,2022,3
5207,Pahang,Raub,assault,rape,2023,5
5208,Pahang,Raub,assault,robbery_gang_armed,2016,0
5209,Pahang,Raub,assault,robbery_gang_armed,2017,0
5210,Pahang,Raub,assault,robbery_gang_armed,2018,0
5211,Pahang,Raub,assault,robbery_gang_armed,2019,0
5212,Pahang,Raub,assault,robbery_gang_armed,2020,0
5213,Pahang,Raub,assault,robbery_gang_armed,2021,0
5214,Pahang,Raub,assault,robbery_gang_armed,2022,0
5215,Pahang,Raub,assault,robbery_gang_armed,2023,0
5216,Pahang,Raub,assault,robbery_gang_unarmed,2016,1
5217,Pahang,Raub,assault,robbery_gang_unarmed,2017,0
5218,Pahang,Raub,assault,robbery_gang_unarmed,2018,1
5219,Pahang,Raub,assault,robbery_gang_unarmed,2019,2
5220,Pahang,Raub,assault,robbery_gang_unarmed,2020,1
5221,Pahang,Raub,assault,robbery_gang_unarmed,2021,0
5222,Pahang,Raub,assault,robbery_gang_unarmed,2022,2
5223,Pahang,Raub,assault,robbery_gang_unarmed,2023,3
5224,Pahang,Raub,assault,robbery_solo_armed,2016,0
5225,Pahang,Raub,assault,robbery_solo_armed,2017,0
5226,Pahang,Raub,assault,robbery_solo_armed,2018,0
5227,Pahang,Raub,assault,robbery_solo_armed,2019,0
5228,Pahang,Raub,assault,robbery_solo_armed,2020,0
5229,Pahang,Raub,assault,robbery_solo_armed,2021,0
5230,Pahang,Raub,assault,robbery_solo_armed,2022,0
5231,Pahang,Raub,assault,robbery_solo_armed,2023,0
5232,Pahang,Raub,assault,robbery_solo_unarmed,2016,1
5233,Pahang,Raub,assault,robbery_solo_unarmed,2017,2
5234,Pahang,Raub,assault,robbery_solo_unarmed,2018,4
5235,Pahang,Raub,assault,robbery_solo_unarmed,2019,3
5236,Pahang,Raub,assault,robbery_solo_unarmed,2020,0
5237,Pahang,Raub,assault,robbery_solo_unarmed,2021,1
5238,Pahang,Raub,assault,robbery_solo_unarmed,2022,3
5239,Pahang,Raub,assault,robbery_solo_unarmed,2023,0
5240,Pahang,Raub,property,break_in,2016,29
5241,Pahang,Raub,property,break_in,2017,26
5242,Pahang,Raub,property,break_in,2018,20
5243,Pahang,Raub,property,break_in,2019,22
5244,Pahang,Raub,property,break_in,2020,20
5245,Pahang,Raub,property,break_in,2021,15
5246,Pahang,Raub,property,break_in,2022,7
5247,Pahang,Raub,property,break_in,2023,12
5248,Pahang,Raub,property,theft_other,2016,19
5249,Pahang,Raub,property,theft_other,2017,23
5250,Pahang,Raub,property,theft_other,2018,26
5251,Pahang,Raub,property,theft_other,2019,30
5252,Pahang,Raub,property,theft_other,2020,25
5253,Pahang,Raub,property,theft_other,2021,22
5254,Pahang,Raub,property,theft_other,2022,38
5255,Pahang,Raub,property,theft_other,2023,46
5256,Pahang,Raub,property,theft_vehicle_lorry,2016,8
5257,Pahang,Raub,property,theft_vehicle_lorry,2017,4
5258,Pahang,Raub,property,theft_vehicle_lorry,2018,7
5259,Pahang,Raub,property,theft_vehicle_lorry,2019,2
5260,Pahang,Raub,property,theft_vehicle_lorry,2020,3
5261,Pahang,Raub,property,theft_vehicle_lorry,2021,1
5262,Pahang,Raub,property,theft_vehicle_lorry,2022,0
5263,Pahang,Raub,property,theft_vehicle_lorry,2023,0
5264,Pahang,Raub,property,theft_vehicle_motorcar,2016,9
5265,Pahang,Raub,property,theft_vehicle_motorcar,2017,5
5266,Pahang,Raub,property,theft_vehicle_motorcar,2018,8
5267,Pahang,Raub,property,theft_vehicle_motorcar,2019,2
5268,Pahang,Raub,property,theft_vehicle_motorcar,2020,4
5269,Pahang,Raub,property,theft_vehicle_motorcar,2021,0
5270,Pahang,Raub,property,theft_vehicle_motorcar,2022,6
5271,Pahang,Raub,property,theft_vehicle_motorcar,2023,6
5272,Pahang,Raub,property,theft_vehicle_motorcycle,2016,29
5273,Pahang,Raub,property,theft_vehicle_motorcycle,2017,45
5274,Pahang,Raub,property,theft_vehicle_motorcycle,2018,26
5275,Pahang,Raub,property,theft_vehicle_motorcycle,2019,27
5276,Pahang,Raub,property,theft_vehicle_motorcycle,2020,24
5277,Pahang,Raub,property,theft_vehicle_motorcycle,2021,13
5278,Pahang,Raub,property,theft_vehicle_motorcycle,2022,15
5279,Pahang,Raub,property,theft_vehicle_motorcycle,2023,11
5280,Pahang,Rompin,assault,causing_injury,2016,15
5281,Pahang,Rompin,assault,causing_injury,2017,18
5282,Pahang,Rompin,assault,causing_injury,2018,12
5283,Pahang,Rompin,assault,causing_injury,2019,13
5284,Pahang,Rompin,assault,causing_injury,2020,17
5285,Pahang,Rompin,assault,causing_injury,2021,17
5286,Pahang,Rompin,assault,causing_injury,2022,19
5287,Pahang,Rompin,assault,causing_injury,2023,11
5288,Pahang,Rompin,assault,murder,2016,0
5289,Pahang,Rompin,assault,murder,2017,2
5290,Pahang,Rompin,assault,murder,2018,0
5291,Pahang,Rompin,assault,murder,2019,0
5292,Pahang,Rompin,assault,murder,2020,0
5293,Pahang,Rompin,assault,murder,2021,1
5294,Pahang,Rompin,assault,murder,2022,1
5295,Pahang,Rompin,assault,murder,2023,0
5296,Pahang,Rompin,assault,rape,2016,19
5297,Pahang,Rompin,assault,rape,2017,12
5298,Pahang,Rompin,assault,rape,2018,13
5299,Pahang,Rompin,assault,rape,2019,7
5300,Pahang,Rompin,assault,rape,2020,11
5301,Pahang,Rompin,assault,rape,2021,13
5302,Pahang,Rompin,assault,rape,2022,15
5303,Pahang,Rompin,assault,rape,2023,9
5304,Pahang,Rompin,assault,robbery_gang_armed,2016,0
5305,Pahang,Rompin,assault,robbery_gang_armed,2017,0
5306,Pahang,Rompin,assault,robbery_gang_armed,2018,1
5307,Pahang,Rompin,assault,robbery_gang_armed,2019,0
5308,Pahang,Rompin,assault,robbery_gang_armed,2020,0
5309,Pahang,Rompin,assault,robbery_gang_armed,2021,0
5310,Pahang,Rompin,assault,robbery_gang_armed,2022,0
5311,Pahang,Rompin,assault,robbery_gang_armed,2023,0
5312,Pahang,Rompin,assault,robbery_gang_unarmed,2016,7
5313,Pahang,Rompin,assault,robbery_gang_unarmed,2017,6
5314,Pahang,Rompin,assault,robbery_gang_unarmed,2018,7
5315,Pahang,Rompin,assault,robbery_gang_unarmed,2019,3
5316,Pahang,Rompin,assault,robbery_gang_unarmed,2020,1
5317,Pahang,Rompin,assault,robbery_gang_unarmed,2021,3
5318,Pahang,Rompin,assault,robbery_gang_unarmed,2022,0
5319,Pahang,Rompin,assault,robbery_gang_unarmed,2023,7
5320,Pahang,Rompin,assault,robbery_solo_armed,2016,0
5321,Pahang,Rompin,assault,robbery_solo_armed,2017,0
5322,Pahang,Rompin,assault,robbery_solo_armed,2018,0
5323,Pahang,Rompin,assault,robbery_solo_armed,2019,0
5324,Pahang,Rompin,assault,robbery_solo_armed,2020,0
5325,Pahang,Rompin,assault,robbery_solo_armed,2021,0
5326,Pahang,Rompin,assault,robbery_solo_armed,2022,0
5327,Pahang,Rompin,assault,robbery_solo_armed,2023,0
5328,Pahang,Rompin,assault,robbery_solo_unarmed,2016,3
5329,Pahang,Rompin,assault,robbery_solo_unarmed,2017,4
5330,Pahang,Rompin,assault,robbery_solo_unarmed,2018,4
5331,Pahang,Rompin,assault,robbery_solo_unarmed,2019,5
5332,Pahang,Rompin,assault,robbery_solo_unarmed,2020,6
5333,Pahang,Rompin,assault,robbery_solo_unarmed,2021,1
5334,Pahang,Rompin,assault,robbery_solo_unarmed,2022,1
5335,Pahang,Rompin,assault,robbery_solo_unarmed,2023,7
5336,Pahang,Rompin,property,break_in,2016,72
5337,Pahang,Rompin,property,break_in,2017,42
5338,Pahang,Rompin,property,break_in,2018,43
5339,Pahang,Rompin,property,break_in,2019,37
5340,Pahang,Rompin,property,break_in,2020,27
5341,Pahang,Rompin,property,break_in,2021,41
5342,Pahang,Rompin,property,break_in,2022,25
5343,Pahang,Rompin,property,break_in,2023,33
5344,Pahang,Rompin,property,theft_other,2016,61
5345,Pahang,Rompin,property,theft_other,2017,50
5346,Pahang,Rompin,property,theft_other,2018,37
5347,Pahang,Rompin,property,theft_other,2019,36
5348,Pahang,Rompin,property,theft_other,2020,30
5349,Pahang,Rompin,property,theft_other,2021,37
5350,Pahang,Rompin,property,theft_other,2022,35
5351,Pahang,Rompin,property,theft_other,2023,34
5352,Pahang,Rompin,property,theft_vehicle_lorry,2016,2
5353,Pahang,Rompin,property,theft_vehicle_lorry,2017,2
5354,Pahang,Rompin,property,theft_vehicle_lorry,2018,2
5355,Pahang,Rompin,property,theft_vehicle_lorry,2019,1
5356,Pahang,Rompin,property,theft_vehicle_lorry,2020,3
5357,Pahang,Rompin,property,theft_vehicle_lorry,2021,0
5358,Pahang,Rompin,property,theft_vehicle_lorry,2022,2
5359,Pahang,Rompin,property,theft_vehicle_lorry,2023,1
5360,Pahang,Rompin,property,theft_vehicle_motorcar,2016,9
5361,Pahang,Rompin,property,theft_vehicle_motorcar,2017,11
5362,Pahang,Rompin,property,theft_vehicle_motorcar,2018,3
5363,Pahang,Rompin,property,theft_vehicle_motorcar,2019,5
5364,Pahang,Rompin,property,theft_vehicle_motorcar,2020,2
5365,Pahang,Rompin,property,theft_vehicle_motorcar,2021,2
5366,Pahang,Rompin,property,theft_vehicle_motorcar,2022,6
5367,Pahang,Rompin,property,theft_vehicle_motorcar,2023,9
5368,Pahang,Rompin,property,theft_vehicle_motorcycle,2016,109
5369,Pahang,Rompin,property,theft_vehicle_motorcycle,2017,77
5370,Pahang,Rompin,property,theft_vehicle_motorcycle,2018,57
5371,Pahang,Rompin,property,theft_vehicle_motorcycle,2019,54
5372,Pahang,Rompin,property,theft_vehicle_motorcycle,2020,22
5373,Pahang,Rompin,property,theft_vehicle_motorcycle,2021,20
5374,Pahang,Rompin,property,theft_vehicle_motorcycle,2022,12
5375,Pahang,Rompin,property,theft_vehicle_motorcycle,2023,22
5376,Pahang,Temerloh,assault,causing_injury,2016,17
5377,Pahang,Temerloh,assault,causing_injury,2017,18
5378,Pahang,Temerloh,assault,causing_injury,2018,19
5379,Pahang,Temerloh,assault,causing_injury,2019,27
5380,Pahang,Temerloh,assault,causing_injury,2020,28
5381,Pahang,Temerloh,assault,causing_injury,2021,26
5382,Pahang,Temerloh,assault,causing_injury,2022,31
5383,Pahang,Temerloh,assault,causing_injury,2023,23
5384,Pahang,Temerloh,assault,murder,2016,0
5385,Pahang,Temerloh,assault,murder,2017,2
5386,Pahang,Temerloh,assault,murder,2018,1
5387,Pahang,Temerloh,assault,murder,2019,2
5388,Pahang,Temerloh,assault,murder,2020,3
5389,Pahang,Temerloh,assault,murder,2021,1
5390,Pahang,Temerloh,assault,murder,2022,2
5391,Pahang,Temerloh,assault,murder,2023,0
5392,Pahang,Temerloh,assault,rape,2016,18
5393,Pahang,Temerloh,assault,rape,2017,8
5394,Pahang,Temerloh,assault,rape,2018,10
5395,Pahang,Temerloh,assault,rape,2019,15
5396,Pahang,Temerloh,assault,rape,2020,15
5397,Pahang,Temerloh,assault,rape,2021,15
5398,Pahang,Temerloh,assault,rape,2022,6
5399,Pahang,Temerloh,assault,rape,2023,11
5400,Pahang,Temerloh,assault,robbery_gang_armed,2016,0
5401,Pahang,Temerloh,assault,robbery_gang_armed,2017,0
5402,Pahang,Temerloh,assault,robbery_gang_armed,2018,0
5403,Pahang,Temerloh,assault,robbery_gang_armed,2019,0
5404,Pahang,Temerloh,assault,robbery_gang_armed,2020,0
5405,Pahang,Temerloh,assault,robbery_gang_armed,2021,0
5406,Pahang,Temerloh,assault,robbery_gang_armed,2022,0
5407,Pahang,Temerloh,assault,robbery_gang_armed,2023,0
5408,Pahang,Temerloh,assault,robbery_gang_unarmed,2016,39
5409,Pahang,Temerloh,assault,robbery_gang_unarmed,2017,22
5410,Pahang,Temerloh,assault,robbery_gang_unarmed,2018,18
5411,Pahang,Temerloh,assault,robbery_gang_unarmed,2019,22
5412,Pahang,Temerloh,assault,robbery_gang_unarmed,2020,16
5413,Pahang,Temerloh,assault,robbery_gang_unarmed,2021,3
5414,Pahang,Temerloh,assault,robbery_gang_unarmed,2022,4
5415,Pahang,Temerloh,assault,robbery_gang_unarmed,2023,6
5416,Pahang,Temerloh,assault,robbery_solo_armed,2016,0
5417,Pahang,Temerloh,assault,robbery_solo_armed,2017,0
5418,Pahang,Temerloh,assault,robbery_solo_armed,2018,0
5419,Pahang,Temerloh,assault,robbery_solo_armed,2019,0
5420,Pahang,Temerloh,assault,robbery_solo_armed,2020,0
5421,Pahang,Temerloh,assault,robbery_solo_armed,2021,0
5422,Pahang,Temerloh,assault,robbery_solo_armed,2022,0
5423,Pahang,Temerloh,assault,robbery_solo_armed,2023,0
5424,Pahang,Temerloh,assault,robbery_solo_unarmed,2016,5
5425,Pahang,Temerloh,assault,robbery_solo_unarmed,2017,5
5426,Pahang,Temerloh,assault,robbery_solo_unarmed,2018,5
5427,Pahang,Temerloh,assault,robbery_solo_unarmed,2019,7
5428,Pahang,Temerloh,assault,robbery_solo_unarmed,2020,4
5429,Pahang,Temerloh,assault,robbery_solo_unarmed,2021,4
5430,Pahang,Temerloh,assault,robbery_solo_unarmed,2022,1
5431,Pahang,Temerloh,assault,robbery_solo_unarmed,2023,8
5432,Pahang,Temerloh,property,break_in,2016,63
5433,Pahang,Temerloh,property,break_in,2017,51
5434,Pahang,Temerloh,property,break_in,2018,37
5435,Pahang,Temerloh,property,break_in,2019,41
5436,Pahang,Temerloh,property,break_in,2020,46
5437,Pahang,Temerloh,property,break_in,2021,33
5438,Pahang,Temerloh,property,break_in,2022,29
5439,Pahang,Temerloh,property,break_in,2023,51
5440,Pahang,Temerloh,property,theft_other,2016,39
5441,Pahang,Temerloh,property,theft_other,2017,48
5442,Pahang,Temerloh,property,theft_other,2018,82
5443,Pahang,Temerloh,property,theft_other,2019,87
5444,Pahang,Temerloh,property,theft_other,2020,56
5445,Pahang,Temerloh,property,theft_other,2021,75
5446,Pahang,Temerloh,property,theft_other,2022,73
5447,Pahang,Temerloh,property,theft_other,2023,63
5448,Pahang,Temerloh,property,theft_vehicle_lorry,2016,10
5449,Pahang,Temerloh,property,theft_vehicle_lorry,2017,5
5450,Pahang,Temerloh,property,theft_vehicle_lorry,2018,3
5451,Pahang,Temerloh,property,theft_vehicle_lorry,2019,3
5452,Pahang,Temerloh,property,theft_vehicle_lorry,2020,4
5453,Pahang,Temerloh,property,theft_vehicle_lorry,2021,1
5454,Pahang,Temerloh,property,theft_vehicle_lorry,2022,3
5455,Pahang,Temerloh,property,theft_vehicle_lorry,2023,1
5456,Pahang,Temerloh,property,theft_vehicle_motorcar,2016,28
5457,Pahang,Temerloh,property,theft_vehicle_motorcar,2017,26
5458,Pahang,Temerloh,property,theft_vehicle_motorcar,2018,29
5459,Pahang,Temerloh,property,theft_vehicle_motorcar,2019,15
5460,Pahang,Temerloh,property,theft_vehicle_motorcar,2020,10
5461,Pahang,Temerloh,property,theft_vehicle_motorcar,2021,9
5462,Pahang,Temerloh,property,theft_vehicle_motorcar,2022,8
5463,Pahang,Temerloh,property,theft_vehicle_motorcar,2023,12
5464,Pahang,Temerloh,property,theft_vehicle_motorcycle,2016,93
5465,Pahang,Temerloh,property,theft_vehicle_motorcycle,2017,143
5466,Pahang,Temerloh,property,theft_vehicle_motorcycle,2018,94
5467,Pahang,Temerloh,property,theft_vehicle_motorcycle,2019,82
5468,Pahang,Temerloh,property,theft_vehicle_motorcycle,2020,65
5469,Pahang,Temerloh,property,theft_vehicle_motorcycle,2021,31
5470,Pahang,Temerloh,property,theft_vehicle_motorcycle,2022,24
5471,Pahang,Temerloh,property,theft_vehicle_motorcycle,2023,30
5472,Perak,Batu Gajah,assault,causing_injury,2016,4
5473,Perak,Batu Gajah,assault,causing_injury,2017,7
5474,Perak,Batu Gajah,assault,causing_injury,2018,8
5475,Perak,Batu Gajah,assault,causing_injury,2019,3
5476,Perak,Batu Gajah,assault,causing_injury,2020,7
5477,Perak,Batu Gajah,assault,causing_injury,2021,5
5478,Perak,Batu Gajah,assault,causing_injury,2022,10
5479,Perak,Batu Gajah,assault,causing_injury,2023,7
5480,Perak,Batu Gajah,assault,murder,2016,2
5481,Perak,Batu Gajah,assault,murder,2017,1
5482,Perak,Batu Gajah,assault,murder,2018,1
5483,Perak,Batu Gajah,assault,murder,2019,3
5484,Perak,Batu Gajah,assault,murder,2020,1
5485,Perak,Batu Gajah,assault,murder,2021,1
5486,Perak,Batu Gajah,assault,murder,2022,0
5487,Perak,Batu Gajah,assault,murder,2023,0
5488,Perak,Batu Gajah,assault,rape,2016,2
5489,Perak,Batu Gajah,assault,rape,2017,3
5490,Perak,Batu Gajah,assault,rape,2018,2
5491,Perak,Batu Gajah,assault,rape,2019,3
5492,Perak,Batu Gajah,assault,rape,2020,0
5493,Perak,Batu Gajah,assault,rape,2021,1
5494,Perak,Batu Gajah,assault,rape,2022,2
5495,Perak,Batu Gajah,assault,rape,2023,2
5496,Perak,Batu Gajah,assault,robbery_gang_armed,2016,0
5497,Perak,Batu Gajah,assault,robbery_gang_armed,2017,0
5498,Perak,Batu Gajah,assault,robbery_gang_armed,2018,0
5499,Perak,Batu Gajah,assault,robbery_gang_armed,2019,0
5500,Perak,Batu Gajah,assault,robbery_gang_armed,2020,0
5501,Perak,Batu Gajah,assault,robbery_gang_armed,2021,0
5502,Perak,Batu Gajah,assault,robbery_gang_armed,2022,0
5503,Perak,Batu Gajah,assault,robbery_gang_armed,2023,0
5504,Perak,Batu Gajah,assault,robbery_gang_unarmed,2016,15
5505,Perak,Batu Gajah,assault,robbery_gang_unarmed,2017,9
5506,Perak,Batu Gajah,assault,robbery_gang_unarmed,2018,5
5507,Perak,Batu Gajah,assault,robbery_gang_unarmed,2019,13
5508,Perak,Batu Gajah,assault,robbery_gang_unarmed,2020,1
5509,Perak,Batu Gajah,assault,robbery_gang_unarmed,2021,1
5510,Perak,Batu Gajah,assault,robbery_gang_unarmed,2022,6
5511,Perak,Batu Gajah,assault,robbery_gang_unarmed,2023,7
5512,Perak,Batu Gajah,assault,robbery_solo_armed,2016,0
5513,Perak,Batu Gajah,assault,robbery_solo_armed,2017,0
5514,Perak,Batu Gajah,assault,robbery_solo_armed,2018,0
5515,Perak,Batu Gajah,assault,robbery_solo_armed,2019,0
5516,Perak,Batu Gajah,assault,robbery_solo_armed,2020,0
5517,Perak,Batu Gajah,assault,robbery_solo_armed,2021,0
5518,Perak,Batu Gajah,assault,robbery_solo_armed,2022,0
5519,Perak,Batu Gajah,assault,robbery_solo_armed,2023,0
5520,Perak,Batu Gajah,assault,robbery_solo_unarmed,2016,5
5521,Perak,Batu Gajah,assault,robbery_solo_unarmed,2017,3
5522,Perak,Batu Gajah,assault,robbery_solo_unarmed,2018,1
5523,Perak,Batu Gajah,assault,robbery_solo_unarmed,2019,3
5524,Perak,Batu Gajah,assault,robbery_solo_unarmed,2020,3
5525,Perak,Batu Gajah,assault,robbery_solo_unarmed,2021,3
5526,Perak,Batu Gajah,assault,robbery_solo_unarmed,2022,1
5527,Perak,Batu Gajah,assault,robbery_solo_unarmed,2023,3
5528,Perak,Batu Gajah,property,break_in,2016,27
5529,Perak,Batu Gajah,property,break_in,2017,17
5530,Perak,Batu Gajah,property,break_in,2018,18
5531,Perak,Batu Gajah,property,break_in,2019,28
5532,Perak,Batu Gajah,property,break_in,2020,15
5533,Perak,Batu Gajah,property,break_in,2021,16
5534,Perak,Batu Gajah,property,break_in,2022,25
5535,Perak,Batu Gajah,property,break_in,2023,23
5536,Perak,Batu Gajah,property,theft_other,2016,20
5537,Perak,Batu Gajah,property,theft_other,2017,20
5538,Perak,Batu Gajah,property,theft_other,2018,17
5539,Perak,Batu Gajah,property,theft_other,2019,28
5540,Perak,Batu Gajah,property,theft_other,2020,29
5541,Perak,Batu Gajah,property,theft_other,2021,26
5542,Perak,Batu Gajah,property,theft_other,2022,36
5543,Perak,Batu Gajah,property,theft_other,2023,44
5544,Perak,Batu Gajah,property,theft_vehicle_lorry,2016,1
5545,Perak,Batu Gajah,property,theft_vehicle_lorry,2017,4
5546,Perak,Batu Gajah,property,theft_vehicle_lorry,2018,3
5547,Perak,Batu Gajah,property,theft_vehicle_lorry,2019,0
5548,Perak,Batu Gajah,property,theft_vehicle_lorry,2020,1
5549,Perak,Batu Gajah,property,theft_vehicle_lorry,2021,0
5550,Perak,Batu Gajah,property,theft_vehicle_lorry,2022,1
5551,Perak,Batu Gajah,property,theft_vehicle_lorry,2023,1
5552,Perak,Batu Gajah,property,theft_vehicle_motorcar,2016,9
5553,Perak,Batu Gajah,property,theft_vehicle_motorcar,2017,4
5554,Perak,Batu Gajah,property,theft_vehicle_motorcar,2018,3
5555,Perak,Batu Gajah,property,theft_vehicle_motorcar,2019,2
5556,Perak,Batu Gajah,property,theft_vehicle_motorcar,2020,2
5557,Perak,Batu Gajah,property,theft_vehicle_motorcar,2021,4
5558,Perak,Batu Gajah,property,theft_vehicle_motorcar,2022,4
5559,Perak,Batu Gajah,property,theft_vehicle_motorcar,2023,4
5560,Perak,Batu Gajah,property,theft_vehicle_motorcycle,2016,35
5561,Perak,Batu Gajah,property,theft_vehicle_motorcycle,2017,23
5562,Perak,Batu Gajah,property,theft_vehicle_motorcycle,2018,34
5563,Perak,Batu Gajah,property,theft_vehicle_motorcycle,2019,22
5564,Perak,Batu Gajah,property,theft_vehicle_motorcycle,2020,18
5565,Perak,Batu Gajah,property,theft_vehicle_motorcycle,2021,11
5566,Perak,Batu Gajah,property,theft_vehicle_motorcycle,2022,12
5567,Perak,Batu Gajah,property,theft_vehicle_motorcycle,2023,14
5568,Perak,Gerik,assault,causing_injury,2016,6
5569,Perak,Gerik,assault,causing_injury,2017,6
5570,Perak,Gerik,assault,causing_injury,2018,4
5571,Perak,Gerik,assault,causing_injury,2019,5
5572,Perak,Gerik,assault,causing_injury,2020,2
5573,Perak,Gerik,assault,causing_injury,2021,7
5574,Perak,Gerik,assault,causing_injury,2022,3
5575,Perak,Gerik,assault,causing_injury,2023,9
5576,Perak,Gerik,assault,murder,2016,1
5577,Perak,Gerik,assault,murder,2017,2
5578,Perak,Gerik,assault,murder,2018,3
5579,Perak,Gerik,assault,murder,2019,0
5580,Perak,Gerik,assault,murder,2020,2
5581,Perak,Gerik,assault,murder,2021,1
5582,Perak,Gerik,assault,murder,2022,1
5583,Perak,Gerik,assault,murder,2023,1
5584,Perak,Gerik,assault,rape,2016,5
5585,Perak,Gerik,assault,rape,2017,5
5586,Perak,Gerik,assault,rape,2018,5
5587,Perak,Gerik,assault,rape,2019,5
5588,Perak,Gerik,assault,rape,2020,3
5589,Perak,Gerik,assault,rape,2021,5
5590,Perak,Gerik,assault,rape,2022,5
5591,Perak,Gerik,assault,rape,2023,9
5592,Perak,Gerik,assault,robbery_gang_armed,2016,0
5593,Perak,Gerik,assault,robbery_gang_armed,2017,0
5594,Perak,Gerik,assault,robbery_gang_armed,2018,0
5595,Perak,Gerik,assault,robbery_gang_armed,2019,0
5596,Perak,Gerik,assault,robbery_gang_armed,2020,0
5597,Perak,Gerik,assault,robbery_gang_armed,2021,0
5598,Perak,Gerik,assault,robbery_gang_armed,2022,0
5599,Perak,Gerik,assault,robbery_gang_armed,2023,0
5600,Perak,Gerik,assault,robbery_gang_unarmed,2016,2
5601,Perak,Gerik,assault,robbery_gang_unarmed,2017,1
5602,Perak,Gerik,assault,robbery_gang_unarmed,2018,3
5603,Perak,Gerik,assault,robbery_gang_unarmed,2019,4
5604,Perak,Gerik,assault,robbery_gang_unarmed,2020,2
5605,Perak,Gerik,assault,robbery_gang_unarmed,2021,0
5606,Perak,Gerik,assault,robbery_gang_unarmed,2022,2
5607,Perak,Gerik,assault,robbery_gang_unarmed,2023,0
5608,Perak,Gerik,assault,robbery_solo_armed,2016,0
5609,Perak,Gerik,assault,robbery_solo_armed,2017,0
5610,Perak,Gerik,assault,robbery_solo_armed,2018,0
5611,Perak,Gerik,assault,robbery_solo_armed,2019,0
5612,Perak,Gerik,assault,robbery_solo_armed,2020,0
5613,Perak,Gerik,assault,robbery_solo_armed,2021,0
5614,Perak,Gerik,assault,robbery_solo_armed,2022,0
5615,Perak,Gerik,assault,robbery_solo_armed,2023,0
5616,Perak,Gerik,assault,robbery_solo_unarmed,2016,1
5617,Perak,Gerik,assault,robbery_solo_unarmed,2017,2
5618,Perak,Gerik,assault,robbery_solo_unarmed,2018,0
5619,Perak,Gerik,assault,robbery_solo_unarmed,2019,3
5620,Perak,Gerik,assault,robbery_solo_unarmed,2020,2
5621,Perak,Gerik,assault,robbery_solo_unarmed,2021,1
5622,Perak,Gerik,assault,robbery_solo_unarmed,2022,1
5623,Perak,Gerik,assault,robbery_solo_unarmed,2023,0
5624,Perak,Gerik,property,break_in,2016,10
5625,Perak,Gerik,property,break_in,2017,12
5626,Perak,Gerik,property,break_in,2018,18
5627,Perak,Gerik,property,break_in,2019,22
5628,Perak,Gerik,property,break_in,2020,17
5629,Perak,Gerik,property,break_in,2021,13
5630,Perak,Gerik,property,break_in,2022,13
5631,Perak,Gerik,property,break_in,2023,21
5632,Perak,Gerik,property,theft_other,2016,16
5633,Perak,Gerik,property,theft_other,2017,16
5634,Perak,Gerik,property,theft_other,2018,15
5635,Perak,Gerik,property,theft_other,2019,20
5636,Perak,Gerik,property,theft_other,2020,27
5637,Perak,Gerik,property,theft_other,2021,15
5638,Perak,Gerik,property,theft_other,2022,25
5639,Perak,Gerik,property,theft_other,2023,20
5640,Perak,Gerik,property,theft_vehicle_lorry,2016,1
5641,Perak,Gerik,property,theft_vehicle_lorry,2017,1
5642,Perak,Gerik,property,theft_vehicle_lorry,2018,1
5643,Perak,Gerik,property,theft_vehicle_lorry,2019,1
5644,Perak,Gerik,property,theft_vehicle_lorry,2020,0
5645,Perak,Gerik,property,theft_vehicle_lorry,2021,0
5646,Perak,Gerik,property,theft_vehicle_lorry,2022,1
5647,Perak,Gerik,property,theft_vehicle_lorry,2023,0
5648,Perak,Gerik,property,theft_vehicle_motorcar,2016,8
5649,Perak,Gerik,property,theft_vehicle_motorcar,2017,6
5650,Perak,Gerik,property,theft_vehicle_motorcar,2018,1
5651,Perak,Gerik,property,theft_vehicle_motorcar,2019,1
5652,Perak,Gerik,property,theft_vehicle_motorcar,2020,1
5653,Perak,Gerik,property,theft_vehicle_motorcar,2021,0
5654,Perak,Gerik,property,theft_vehicle_motorcar,2022,1
5655,Perak,Gerik,property,theft_vehicle_motorcar,2023,3
5656,Perak,Gerik,property,theft_vehicle_motorcycle,2016,36
5657,Perak,Gerik,property,theft_vehicle_motorcycle,2017,27
5658,Perak,Gerik,property,theft_vehicle_motorcycle,2018,19
5659,Perak,Gerik,property,theft_vehicle_motorcycle,2019,22
5660,Perak,Gerik,property,theft_vehicle_motorcycle,2020,14
5661,Perak,Gerik,property,theft_vehicle_motorcycle,2021,9
5662,Perak,Gerik,property,theft_vehicle_motorcycle,2022,8
5663,Perak,Gerik,property,theft_vehicle_motorcycle,2023,6
5664,Perak,Hilir Perak,assault,causing_injury,2016,65
5665,Perak,Hilir Perak,assault,causing_injury,2017,67
5666,Perak,Hilir Perak,assault,causing_injury,2018,60
5667,Perak,Hilir Perak,assault,causing_injury,2019,64
5668,Perak,Hilir Perak,assault,causing_injury,2020,60
5669,Perak,Hilir Perak,assault,causing_injury,2021,43
5670,Perak,Hilir Perak,assault,causing_injury,2022,61
5671,Perak,Hilir Perak,assault,causing_injury,2023,54
5672,Perak,Hilir Perak,assault,murder,2016,6
5673,Perak,Hilir Perak,assault,murder,2017,5
5674,Perak,Hilir Perak,assault,murder,2018,6
5675,Perak,Hilir Perak,assault,murder,2019,1
5676,Perak,Hilir Perak,assault,murder,2020,1
5677,Perak,Hilir Perak,assault,murder,2021,2
5678,Perak,Hilir Perak,assault,murder,2022,1
5679,Perak,Hilir Perak,assault,murder,2023,2
5680,Perak,Hilir Perak,assault,rape,2016,12
5681,Perak,Hilir Perak,assault,rape,2017,7
5682,Perak,Hilir Perak,assault,rape,2018,5
5683,Perak,Hilir Perak,assault,rape,2019,10
5684,Perak,Hilir Perak,assault,rape,2020,10
5685,Perak,Hilir Perak,assault,rape,2021,12
5686,Perak,Hilir Perak,assault,rape,2022,16
5687,Perak,Hilir Perak,assault,rape,2023,10
5688,Perak,Hilir Perak,assault,robbery_gang_armed,2016,0
5689,Perak,Hilir Perak,assault,robbery_gang_armed,2017,1
5690,Perak,Hilir Perak,assault,robbery_gang_armed,2018,1
5691,Perak,Hilir Perak,assault,robbery_gang_armed,2019,0
5692,Perak,Hilir Perak,assault,robbery_gang_armed,2020,0
5693,Perak,Hilir Perak,assault,robbery_gang_armed,2021,0
5694,Perak,Hilir Perak,assault,robbery_gang_armed,2022,0
5695,Perak,Hilir Perak,assault,robbery_gang_armed,2023,0
5696,Perak,Hilir Perak,assault,robbery_gang_unarmed,2016,40
5697,Perak,Hilir Perak,assault,robbery_gang_unarmed,2017,32
5698,Perak,Hilir Perak,assault,robbery_gang_unarmed,2018,27
5699,Perak,Hilir Perak,assault,robbery_gang_unarmed,2019,27
5700,Perak,Hilir Perak,assault,robbery_gang_unarmed,2020,9
5701,Perak,Hilir Perak,assault,robbery_gang_unarmed,2021,12
5702,Perak,Hilir Perak,assault,robbery_gang_unarmed,2022,9
5703,Perak,Hilir Perak,assault,robbery_gang_unarmed,2023,16
5704,Perak,Hilir Perak,assault,robbery_solo_armed,2016,0
5705,Perak,Hilir Perak,assault,robbery_solo_armed,2017,0
5706,Perak,Hilir Perak,assault,robbery_solo_armed,2018,0
5707,Perak,Hilir Perak,assault,robbery_solo_armed,2019,0
5708,Perak,Hilir Perak,assault,robbery_solo_armed,2020,0
5709,Perak,Hilir Perak,assault,robbery_solo_armed,2021,0
5710,Perak,Hilir Perak,assault,robbery_solo_armed,2022,0
5711,Perak,Hilir Perak,assault,robbery_solo_armed,2023,0
5712,Perak,Hilir Perak,assault,robbery_solo_unarmed,2016,16
5713,Perak,Hilir Perak,assault,robbery_solo_unarmed,2017,16
5714,Perak,Hilir Perak,assault,robbery_solo_unarmed,2018,14
5715,Perak,Hilir Perak,assault,robbery_solo_unarmed,2019,11
5716,Perak,Hilir Perak,assault,robbery_solo_unarmed,2020,20
5717,Perak,Hilir Perak,assault,robbery_solo_unarmed,2021,12
5718,Perak,Hilir Perak,assault,robbery_solo_unarmed,2022,10
5719,Perak,Hilir Perak,assault,robbery_solo_unarmed,2023,3
5720,Perak,Hilir Perak,property,break_in,2016,157
5721,Perak,Hilir Perak,property,break_in,2017,133
5722,Perak,Hilir Perak,property,break_in,2018,153
5723,Perak,Hilir Perak,property,break_in,2019,136
5724,Perak,Hilir Perak,property,break_in,2020,124
5725,Perak,Hilir Perak,property,break_in,2021,100
5726,Perak,Hilir Perak,property,break_in,2022,55
5727,Perak,Hilir Perak,property,break_in,2023,83
5728,Perak,Hilir Perak,property,theft_other,2016,107
5729,Perak,Hilir Perak,property,theft_other,2017,165
5730,Perak,Hilir Perak,property,theft_other,2018,163
5731,Perak,Hilir Perak,property,theft_other,2019,183
5732,Perak,Hilir Perak,property,theft_other,2020,148
5733,Perak,Hilir Perak,property,theft_other,2021,135
5734,Perak,Hilir Perak,property,theft_other,2022,152
5735,Perak,Hilir Perak,property,theft_other,2023,193
5736,Perak,Hilir Perak,property,theft_vehicle_lorry,2016,9
5737,Perak,Hilir Perak,property,theft_vehicle_lorry,2017,4
5738,Perak,Hilir Perak,property,theft_vehicle_lorry,2018,4
5739,Perak,Hilir Perak,property,theft_vehicle_lorry,2019,2
5740,Perak,Hilir Perak,property,theft_vehicle_lorry,2020,4
5741,Perak,Hilir Perak,property,theft_vehicle_lorry,2021,0
5742,Perak,Hilir Perak,property,theft_vehicle_lorry,2022,2
5743,Perak,Hilir Perak,property,theft_vehicle_lorry,2023,3
5744,Perak,Hilir Perak,property,theft_vehicle_motorcar,2016,25
5745,Perak,Hilir Perak,property,theft_vehicle_motorcar,2017,18
5746,Perak,Hilir Perak,property,theft_vehicle_motorcar,2018,19
5747,Perak,Hilir Perak,property,theft_vehicle_motorcar,2019,13
5748,Perak,Hilir Perak,property,theft_vehicle_motorcar,2020,6
5749,Perak,Hilir Perak,property,theft_vehicle_motorcar,2021,3
5750,Perak,Hilir Perak,property,theft_vehicle_motorcar,2022,12
5751,Perak,Hilir Perak,property,theft_vehicle_motorcar,2023,17
5752,Perak,Hilir Perak,property,theft_vehicle_motorcycle,2016,164
5753,Perak,Hilir Perak,property,theft_vehicle_motorcycle,2017,112
5754,Perak,Hilir Perak,property,theft_vehicle_motorcycle,2018,108
5755,Perak,Hilir Perak,property,theft_vehicle_motorcycle,2019,107
5756,Perak,Hilir Perak,property,theft_vehicle_motorcycle,2020,68
5757,Perak,Hilir Perak,property,theft_vehicle_motorcycle,2021,51
5758,Perak,Hilir Perak,property,theft_vehicle_motorcycle,2022,45
5759,Perak,Hilir Perak,property,theft_vehicle_motorcycle,2023,39
5760,Perak,Ipoh,assault,causing_injury,2016,120
5761,Perak,Ipoh,assault,causing_injury,2017,121
5762,Perak,Ipoh,assault,causing_injury,2018,104
5763,Perak,Ipoh,assault,causing_injury,2019,136
5764,Perak,Ipoh,assault,causing_injury,2020,85
5765,Perak,Ipoh,assault,causing_injury,2021,130
5766,Perak,Ipoh,assault,causing_injury,2022,125
5767,Perak,Ipoh,assault,causing_injury,2023,125
5768,Perak,Ipoh,assault,murder,2016,13
5769,Perak,Ipoh,assault,murder,2017,9
5770,Perak,Ipoh,assault,murder,2018,6
5771,Perak,Ipoh,assault,murder,2019,11
5772,Perak,Ipoh,assault,murder,2020,6
5773,Perak,Ipoh,assault,murder,2021,10
5774,Perak,Ipoh,assault,murder,2022,11
5775,Perak,Ipoh,assault,murder,2023,10
5776,Perak,Ipoh,assault,rape,2016,14
5777,Perak,Ipoh,assault,rape,2017,13
5778,Perak,Ipoh,assault,rape,2018,24
5779,Perak,Ipoh,assault,rape,2019,25
5780,Perak,Ipoh,assault,rape,2020,14
5781,Perak,Ipoh,assault,rape,2021,19
5782,Perak,Ipoh,assault,rape,2022,30
5783,Perak,Ipoh,assault,rape,2023,20
5784,Perak,Ipoh,assault,robbery_gang_armed,2016,2
5785,Perak,Ipoh,assault,robbery_gang_armed,2017,0
5786,Perak,Ipoh,assault,robbery_gang_armed,2018,0
5787,Perak,Ipoh,assault,robbery_gang_armed,2019,1
5788,Perak,Ipoh,assault,robbery_gang_armed,2020,1
5789,Perak,Ipoh,assault,robbery_gang_armed,2021,0
5790,Perak,Ipoh,assault,robbery_gang_armed,2022,0
5791,Perak,Ipoh,assault,robbery_gang_armed,2023,0
5792,Perak,Ipoh,assault,robbery_gang_unarmed,2016,252
5793,Perak,Ipoh,assault,robbery_gang_unarmed,2017,206
5794,Perak,Ipoh,assault,robbery_gang_unarmed,2018,172
5795,Perak,Ipoh,assault,robbery_gang_unarmed,2019,184
5796,Perak,Ipoh,assault,robbery_gang_unarmed,2020,49
5797,Perak,Ipoh,assault,robbery_gang_unarmed,2021,96
5798,Perak,Ipoh,assault,robbery_gang_unarmed,2022,85
5799,Perak,Ipoh,assault,robbery_gang_unarmed,2023,134
5800,Perak,Ipoh,assault,robbery_solo_armed,2016,0
5801,Perak,Ipoh,assault,robbery_solo_armed,2017,0
5802,Perak,Ipoh,assault,robbery_solo_armed,2018,2
5803,Perak,Ipoh,assault,robbery_solo_armed,2019,0
5804,Perak,Ipoh,assault,robbery_solo_armed,2020,1
5805,Perak,Ipoh,assault,robbery_solo_armed,2021,0
5806,Perak,Ipoh,assault,robbery_solo_armed,2022,0
5807,Perak,Ipoh,assault,robbery_solo_armed,2023,0
5808,Perak,Ipoh,assault,robbery_solo_unarmed,2016,109
5809,Perak,Ipoh,assault,robbery_solo_unarmed,2017,101
5810,Perak,Ipoh,assault,robbery_solo_unarmed,2018,69
5811,Perak,Ipoh,assault,robbery_solo_unarmed,2019,88
5812,Perak,Ipoh,assault,robbery_solo_unarmed,2020,90
5813,Perak,Ipoh,assault,robbery_solo_unarmed,2021,39
5814,Perak,Ipoh,assault,robbery_solo_unarmed,2022,58
5815,Perak,Ipoh,assault,robbery_solo_unarmed,2023,84
5816,Perak,Ipoh,property,break_in,2016,350
5817,Perak,Ipoh,property,break_in,2017,294
5818,Perak,Ipoh,property,break_in,2018,389
5819,Perak,Ipoh,property,break_in,2019,409
5820,Perak,Ipoh,property,break_in,2020,197
5821,Perak,Ipoh,property,break_in,2021,272
5822,Perak,Ipoh,property,break_in,2022,394
5823,Perak,Ipoh,property,break_in,2023,399
5824,Perak,Ipoh,property,theft_other,2016,329
5825,Perak,Ipoh,property,theft_other,2017,321
5826,Perak,Ipoh,property,theft_other,2018,380
5827,Perak,Ipoh,property,theft_other,2019,351
5828,Perak,Ipoh,property,theft_other,2020,216
5829,Perak,Ipoh,property,theft_other,2021,224
5830,Perak,Ipoh,property,theft_other,2022,326
5831,Perak,Ipoh,property,theft_other,2023,384
5832,Perak,Ipoh,property,theft_vehicle_lorry,2016,60
5833,Perak,Ipoh,property,theft_vehicle_lorry,2017,48
5834,Perak,Ipoh,property,theft_vehicle_lorry,2018,59
5835,Perak,Ipoh,property,theft_vehicle_lorry,2019,28
5836,Perak,Ipoh,property,theft_vehicle_lorry,2020,12
5837,Perak,Ipoh,property,theft_vehicle_lorry,2021,12
5838,Perak,Ipoh,property,theft_vehicle_lorry,2022,19
5839,Perak,Ipoh,property,theft_vehicle_lorry,2023,13
5840,Perak,Ipoh,property,theft_vehicle_motorcar,2016,202
5841,Perak,Ipoh,property,theft_vehicle_motorcar,2017,182
5842,Perak,Ipoh,property,theft_vehicle_motorcar,2018,163
5843,Perak,Ipoh,property,theft_vehicle_motorcar,2019,127
5844,Perak,Ipoh,property,theft_vehicle_motorcar,2020,77
5845,Perak,Ipoh,property,theft_vehicle_motorcar,2021,65
5846,Perak,Ipoh,property,theft_vehicle_motorcar,2022,91
5847,Perak,Ipoh,property,theft_vehicle_motorcar,2023,77
5848,Perak,Ipoh,property,theft_vehicle_motorcycle,2016,752
5849,Perak,Ipoh,property,theft_vehicle_motorcycle,2017,786
5850,Perak,Ipoh,property,theft_vehicle_motorcycle,2018,596
5851,Perak,Ipoh,property,theft_vehicle_motorcycle,2019,505
5852,Perak,Ipoh,property,theft_vehicle_motorcycle,2020,340
5853,Perak,Ipoh,property,theft_vehicle_motorcycle,2021,211
5854,Perak,Ipoh,property,theft_vehicle_motorcycle,2022,220
5855,Perak,Ipoh,property,theft_vehicle_motorcycle,2023,204
5856,Perak,Kampar,assault,causing_injury,2016,11
5857,Perak,Kampar,assault,causing_injury,2017,9
5858,Perak,Kampar,assault,causing_injury,2018,10
5859,Perak,Kampar,assault,causing_injury,2019,15
5860,Perak,Kampar,assault,causing_injury,2020,6
5861,Perak,Kampar,assault,causing_injury,2021,8
5862,Perak,Kampar,assault,causing_injury,2022,6
5863,Perak,Kampar,assault,causing_injury,2023,1
5864,Perak,Kampar,assault,murder,2016,1
5865,Perak,Kampar,assault,murder,2017,2
5866,Perak,Kampar,assault,murder,2018,0
5867,Perak,Kampar,assault,murder,2019,0
5868,Perak,Kampar,assault,murder,2020,3
5869,Perak,Kampar,assault,murder,2021,2
5870,Perak,Kampar,assault,murder,2022,0
5871,Perak,Kampar,assault,murder,2023,1
5872,Perak,Kampar,assault,rape,2016,2
5873,Perak,Kampar,assault,rape,2017,3
5874,Perak,Kampar,assault,rape,2018,1
5875,Perak,Kampar,assault,rape,2019,3
5876,Perak,Kampar,assault,rape,2020,3
5877,Perak,Kampar,assault,rape,2021,2
5878,Perak,Kampar,assault,rape,2022,1
5879,Perak,Kampar,assault,rape,2023,3
5880,Perak,Kampar,assault,robbery_gang_armed,2016,1
5881,Perak,Kampar,assault,robbery_gang_armed,2017,0
5882,Perak,Kampar,assault,robbery_gang_armed,2018,0
5883,Perak,Kampar,assault,robbery_gang_armed,2019,0
5884,Perak,Kampar,assault,robbery_gang_armed,2020,0
5885,Perak,Kampar,assault,robbery_gang_armed,2021,0
5886,Perak,Kampar,assault,robbery_gang_armed,2022,0
5887,Perak,Kampar,assault,robbery_gang_armed,2023,0
5888,Perak,Kampar,assault,robbery_gang_unarmed,2016,18
5889,Perak,Kampar,assault,robbery_gang_unarmed,2017,16
5890,Perak,Kampar,assault,robbery_gang_unarmed,2018,20
5891,Perak,Kampar,assault,robbery_gang_unarmed,2019,14
5892,Perak,Kampar,assault,robbery_gang_unarmed,2020,4
5893,Perak,Kampar,assault,robbery_gang_unarmed,2021,5
5894,Perak,Kampar,assault,robbery_gang_unarmed,2022,7
5895,Perak,Kampar,assault,robbery_gang_unarmed,2023,2
5896,Perak,Kampar,assault,robbery_solo_armed,2016,0
5897,Perak,Kampar,assault,robbery_solo_armed,2017,0
5898,Perak,Kampar,assault,robbery_solo_armed,2018,0
5899,Perak,Kampar,assault,robbery_solo_armed,2019,0
5900,Perak,Kampar,assault,robbery_solo_armed,2020,0
5901,Perak,Kampar,assault,robbery_solo_armed,2021,0
5902,Perak,Kampar,assault,robbery_solo_armed,2022,0
5903,Perak,Kampar,assault,robbery_solo_armed,2023,0
5904,Perak,Kampar,assault,robbery_solo_unarmed,2016,8
5905,Perak,Kampar,assault,robbery_solo_unarmed,2017,6
5906,Perak,Kampar,assault,robbery_solo_unarmed,2018,1
5907,Perak,Kampar,assault,robbery_solo_unarmed,2019,2
5908,Perak,Kampar,assault,robbery_solo_unarmed,2020,12
5909,Perak,Kampar,assault,robbery_solo_unarmed,2021,4
5910,Perak,Kampar,assault,robbery_solo_unarmed,2022,0
5911,Perak,Kampar,assault,robbery_solo_unarmed,2023,4
5912,Perak,Kampar,property,break_in,2016,32
5913,Perak,Kampar,property,break_in,2017,32
5914,Perak,Kampar,property,break_in,2018,35
5915,Perak,Kampar,property,break_in,2019,46
5916,Perak,Kampar,property,break_in,2020,20
5917,Perak,Kampar,property,break_in,2021,20
5918,Perak,Kampar,property,break_in,2022,17
5919,Perak,Kampar,property,break_in,2023,25
5920,Perak,Kampar,property,theft_other,2016,46
5921,Perak,Kampar,property,theft_other,2017,42
5922,Perak,Kampar,property,theft_other,2018,52
5923,Perak,Kampar,property,theft_other,2019,63
5924,Perak,Kampar,property,theft_other,2020,38
5925,Perak,Kampar,property,theft_other,2021,26
5926,Perak,Kampar,property,theft_other,2022,19
5927,Perak,Kampar,property,theft_other,2023,18
5928,Perak,Kampar,property,theft_vehicle_lorry,2016,6
5929,Perak,Kampar,property,theft_vehicle_lorry,2017,1
5930,Perak,Kampar,property,theft_vehicle_lorry,2018,2
5931,Perak,Kampar,property,theft_vehicle_lorry,2019,2
5932,Perak,Kampar,property,theft_vehicle_lorry,2020,1
5933,Perak,Kampar,property,theft_vehicle_lorry,2021,3
5934,Perak,Kampar,property,theft_vehicle_lorry,2022,2
5935,Perak,Kampar,property,theft_vehicle_lorry,2023,0
5936,Perak,Kampar,property,theft_vehicle_motorcar,2016,13
5937,Perak,Kampar,property,theft_vehicle_motorcar,2017,13
5938,Perak,Kampar,property,theft_vehicle_motorcar,2018,3
5939,Perak,Kampar,property,theft_vehicle_motorcar,2019,6
5940,Perak,Kampar,property,theft_vehicle_motorcar,2020,4
5941,Perak,Kampar,property,theft_vehicle_motorcar,2021,4
5942,Perak,Kampar,property,theft_vehicle_motorcar,2022,3
5943,Perak,Kampar,property,theft_vehicle_motorcar,2023,8
5944,Perak,Kampar,property,theft_vehicle_motorcycle,2016,57
5945,Perak,Kampar,property,theft_vehicle_motorcycle,2017,58
5946,Perak,Kampar,property,theft_vehicle_motorcycle,2018,68
5947,Perak,Kampar,property,theft_vehicle_motorcycle,2019,50
5948,Perak,Kampar,property,theft_vehicle_motorcycle,2020,22
5949,Perak,Kampar,property,theft_vehicle_motorcycle,2021,17
5950,Perak,Kampar,property,theft_vehicle_motorcycle,2022,37
5951,Perak,Kampar,property,theft_vehicle_motorcycle,2023,29
5952,Perak,Kerian,assault,causing_injury,2016,14
5953,Perak,Kerian,assault,causing_injury,2017,8
5954,Perak,Kerian,assault,causing_injury,2018,7
5955,Perak,Kerian,assault,causing_injury,2019,16
5956,Perak,Kerian,assault,causing_injury,2020,23
5957,Perak,Kerian,assault,causing_injury,2021,18
5958,Perak,Kerian,assault,causing_injury,2022,14
5959,Perak,Kerian,assault,causing_injury,2023,11
5960,Perak,Kerian,assault,murder,2016,2
5961,Perak,Kerian,assault,murder,2017,4
5962,Perak,Kerian,assault,murder,2018,1
5963,Perak,Kerian,assault,murder,2019,0
5964,Perak,Kerian,assault,murder,2020,0
5965,Perak,Kerian,assault,murder,2021,2
5966,Perak,Kerian,assault,murder,2022,5
5967,Perak,Kerian,assault,murder,2023,2
5968,Perak,Kerian,assault,rape,2016,3
5969,Perak,Kerian,assault,rape,2017,2
5970,Perak,Kerian,assault,rape,2018,8
5971,Perak,Kerian,assault,rape,2019,6
5972,Perak,Kerian,assault,rape,2020,4
5973,Perak,Kerian,assault,rape,2021,8
5974,Perak,Kerian,assault,rape,2022,12
5975,Perak,Kerian,assault,rape,2023,10
5976,Perak,Kerian,assault,robbery_gang_armed,2016,0
5977,Perak,Kerian,assault,robbery_gang_armed,2017,0
5978,Perak,Kerian,assault,robbery_gang_armed,2018,0
5979,Perak,Kerian,assault,robbery_gang_armed,2019,0
5980,Perak,Kerian,assault,robbery_gang_armed,2020,0
5981,Perak,Kerian,assault,robbery_gang_armed,2021,0
5982,Perak,Kerian,assault,robbery_gang_armed,2022,1
5983,Perak,Kerian,assault,robbery_gang_armed,2023,0
5984,Perak,Kerian,assault,robbery_gang_unarmed,2016,26
5985,Perak,Kerian,assault,robbery_gang_unarmed,2017,18
5986,Perak,Kerian,assault,robbery_gang_unarmed,2018,13
5987,Perak,Kerian,assault,robbery_gang_unarmed,2019,5
5988,Perak,Kerian,assault,robbery_gang_unarmed,2020,5
5989,Perak,Kerian,assault,robbery_gang_unarmed,2021,9
5990,Perak,Kerian,assault,robbery_gang_unarmed,2022,19
5991,Perak,Kerian,assault,robbery_gang_unarmed,2023,10
5992,Perak,Kerian,assault,robbery_solo_armed,2016,0
5993,Perak,Kerian,assault,robbery_solo_armed,2017,0
5994,Perak,Kerian,assault,robbery_solo_armed,2018,0
5995,Perak,Kerian,assault,robbery_solo_armed,2019,0
5996,Perak,Kerian,assault,robbery_solo_armed,2020,0
5997,Perak,Kerian,assault,robbery_solo_armed,2021,0
5998,Perak,Kerian,assault,robbery_solo_armed,2022,0
5999,Perak,Kerian,assault,robbery_solo_armed,2023,0
6000,Perak,Kerian,assault,robbery_solo_unarmed,2016,5
6001,Perak,Kerian,assault,robbery_solo_unarmed,2017,7
6002,Perak,Kerian,assault,robbery_solo_unarmed,2018,8
6003,Perak,Kerian,assault,robbery_solo_unarmed,2019,10
6004,Perak,Kerian,assault,robbery_solo_unarmed,2020,12
6005,Perak,Kerian,assault,robbery_solo_unarmed,2021,11
6006,Perak,Kerian,assault,robbery_solo_unarmed,2022,5
6007,Perak,Kerian,assault,robbery_solo_unarmed,2023,7
6008,Perak,Kerian,property,break_in,2016,15
6009,Perak,Kerian,property,break_in,2017,38
6010,Perak,Kerian,property,break_in,2018,25
6011,Perak,Kerian,property,break_in,2019,31
6012,Perak,Kerian,property,break_in,2020,19
6013,Perak,Kerian,property,break_in,2021,31
6014,Perak,Kerian,property,break_in,2022,32
6015,Perak,Kerian,property,break_in,2023,17
6016,Perak,Kerian,property,theft_other,2016,30
6017,Perak,Kerian,property,theft_other,2017,21
6018,Perak,Kerian,property,theft_other,2018,21
6019,Perak,Kerian,property,theft_other,2019,32
6020,Perak,Kerian,property,theft_other,2020,37
6021,Perak,Kerian,property,theft_other,2021,48
6022,Perak,Kerian,property,theft_other,2022,36
6023,Perak,Kerian,property,theft_other,2023,55
6024,Perak,Kerian,property,theft_vehicle_lorry,2016,3
6025,Perak,Kerian,property,theft_vehicle_lorry,2017,2
6026,Perak,Kerian,property,theft_vehicle_lorry,2018,5
6027,Perak,Kerian,property,theft_vehicle_lorry,2019,1
6028,Perak,Kerian,property,theft_vehicle_lorry,2020,2
6029,Perak,Kerian,property,theft_vehicle_lorry,2021,0
6030,Perak,Kerian,property,theft_vehicle_lorry,2022,1
6031,Perak,Kerian,property,theft_vehicle_lorry,2023,2
6032,Perak,Kerian,property,theft_vehicle_motorcar,2016,10
6033,Perak,Kerian,property,theft_vehicle_motorcar,2017,9
6034,Perak,Kerian,property,theft_vehicle_motorcar,2018,6
6035,Perak,Kerian,property,theft_vehicle_motorcar,2019,9
6036,Perak,Kerian,property,theft_vehicle_motorcar,2020,6
6037,Perak,Kerian,property,theft_vehicle_motorcar,2021,2
6038,Perak,Kerian,property,theft_vehicle_motorcar,2022,6
6039,Perak,Kerian,property,theft_vehicle_motorcar,2023,10
6040,Perak,Kerian,property,theft_vehicle_motorcycle,2016,120
6041,Perak,Kerian,property,theft_vehicle_motorcycle,2017,86
6042,Perak,Kerian,property,theft_vehicle_motorcycle,2018,98
6043,Perak,Kerian,property,theft_vehicle_motorcycle,2019,88
6044,Perak,Kerian,property,theft_vehicle_motorcycle,2020,71
6045,Perak,Kerian,property,theft_vehicle_motorcycle,2021,61
6046,Perak,Kerian,property,theft_vehicle_motorcycle,2022,49
6047,Perak,Kerian,property,theft_vehicle_motorcycle,2023,54
6048,Perak,Kuala Kangsar,assault,causing_injury,2016,7
6049,Perak,Kuala Kangsar,assault,causing_injury,2017,6
6050,Perak,Kuala Kangsar,assault,causing_injury,2018,9
6051,Perak,Kuala Kangsar,assault,causing_injury,2019,9
6052,Perak,Kuala Kangsar,assault,causing_injury,2020,8
6053,Perak,Kuala Kangsar,assault,causing_injury,2021,15
6054,Perak,Kuala Kangsar,assault,causing_injury,2022,7
6055,Perak,Kuala Kangsar,assault,causing_injury,2023,8
6056,Perak,Kuala Kangsar,assault,murder,2016,1
6057,Perak,Kuala Kangsar,assault,murder,2017,1
6058,Perak,Kuala Kangsar,assault,murder,2018,1
6059,Perak,Kuala Kangsar,assault,murder,2019,0
6060,Perak,Kuala Kangsar,assault,murder,2020,0
6061,Perak,Kuala Kangsar,assault,murder,2021,1
6062,Perak,Kuala Kangsar,assault,murder,2022,2
6063,Perak,Kuala Kangsar,assault,murder,2023,1
6064,Perak,Kuala Kangsar,assault,rape,2016,6
6065,Perak,Kuala Kangsar,assault,rape,2017,6
6066,Perak,Kuala Kangsar,assault,rape,2018,5
6067,Perak,Kuala Kangsar,assault,rape,2019,3
6068,Perak,Kuala Kangsar,assault,rape,2020,5
6069,Perak,Kuala Kangsar,assault,rape,2021,7
6070,Perak,Kuala Kangsar,assault,rape,2022,10
6071,Perak,Kuala Kangsar,assault,rape,2023,8
6072,Perak,Kuala Kangsar,assault,robbery_gang_armed,2016,1
6073,Perak,Kuala Kangsar,assault,robbery_gang_armed,2017,0
6074,Perak,Kuala Kangsar,assault,robbery_gang_armed,2018,0
6075,Perak,Kuala Kangsar,assault,robbery_gang_armed,2019,0
6076,Perak,Kuala Kangsar,assault,robbery_gang_armed,2020,0
6077,Perak,Kuala Kangsar,assault,robbery_gang_armed,2021,0
6078,Perak,Kuala Kangsar,assault,robbery_gang_armed,2022,0
6079,Perak,Kuala Kangsar,assault,robbery_gang_armed,2023,0
6080,Perak,Kuala Kangsar,assault,robbery_gang_unarmed,2016,10
6081,Perak,Kuala Kangsar,assault,robbery_gang_unarmed,2017,4
6082,Perak,Kuala Kangsar,assault,robbery_gang_unarmed,2018,6
6083,Perak,Kuala Kangsar,assault,robbery_gang_unarmed,2019,10
6084,Perak,Kuala Kangsar,assault,robbery_gang_unarmed,2020,3
6085,Perak,Kuala Kangsar,assault,robbery_gang_unarmed,2021,3
6086,Perak,Kuala Kangsar,assault,robbery_gang_unarmed,2022,6
6087,Perak,Kuala Kangsar,assault,robbery_gang_unarmed,2023,4
6088,Perak,Kuala Kangsar,assault,robbery_solo_armed,2016,0
6089,Perak,Kuala Kangsar,assault,robbery_solo_armed,2017,0
6090,Perak,Kuala Kangsar,assault,robbery_solo_armed,2018,0
6091,Perak,Kuala Kangsar,assault,robbery_solo_armed,2019,0
6092,Perak,Kuala Kangsar,assault,robbery_solo_armed,2020,0
6093,Perak,Kuala Kangsar,assault,robbery_solo_armed,2021,0
6094,Perak,Kuala Kangsar,assault,robbery_solo_armed,2022,0
6095,Perak,Kuala Kangsar,assault,robbery_solo_armed,2023,0
6096,Perak,Kuala Kangsar,assault,robbery_solo_unarmed,2016,1
6097,Perak,Kuala Kangsar,assault,robbery_solo_unarmed,2017,4
6098,Perak,Kuala Kangsar,assault,robbery_solo_unarmed,2018,3
6099,Perak,Kuala Kangsar,assault,robbery_solo_unarmed,2019,4
6100,Perak,Kuala Kangsar,assault,robbery_solo_unarmed,2020,13
6101,Perak,Kuala Kangsar,assault,robbery_solo_unarmed,2021,2
6102,Perak,Kuala Kangsar,assault,robbery_solo_unarmed,2022,5
6103,Perak,Kuala Kangsar,assault,robbery_solo_unarmed,2023,3
6104,Perak,Kuala Kangsar,property,break_in,2016,38
6105,Perak,Kuala Kangsar,property,break_in,2017,22
6106,Perak,Kuala Kangsar,property,break_in,2018,17
6107,Perak,Kuala Kangsar,property,break_in,2019,34
6108,Perak,Kuala Kangsar,property,break_in,2020,19
6109,Perak,Kuala Kangsar,property,break_in,2021,10
6110,Perak,Kuala Kangsar,property,break_in,2022,15
6111,Perak,Kuala Kangsar,property,break_in,2023,19
6112,Perak,Kuala Kangsar,property,theft_other,2016,31
6113,Perak,Kuala Kangsar,property,theft_other,2017,25
6114,Perak,Kuala Kangsar,property,theft_other,2018,28
6115,Perak,Kuala Kangsar,property,theft_other,2019,15
6116,Perak,Kuala Kangsar,property,theft_other,2020,15
6117,Perak,Kuala Kangsar,property,theft_other,2021,23
6118,Perak,Kuala Kangsar,property,theft_other,2022,31
6119,Perak,Kuala Kangsar,property,theft_other,2023,28
6120,Perak,Kuala Kangsar,property,theft_vehicle_lorry,2016,1
6121,Perak,Kuala Kangsar,property,theft_vehicle_lorry,2017,0
6122,Perak,Kuala Kangsar,property,theft_vehicle_lorry,2018,0
6123,Perak,Kuala Kangsar,property,theft_vehicle_lorry,2019,1
6124,Perak,Kuala Kangsar,property,theft_vehicle_lorry,2020,2
6125,Perak,Kuala Kangsar,property,theft_vehicle_lorry,2021,0
6126,Perak,Kuala Kangsar,property,theft_vehicle_lorry,2022,1
6127,Perak,Kuala Kangsar,property,theft_vehicle_lorry,2023,0
6128,Perak,Kuala Kangsar,property,theft_vehicle_motorcar,2016,9
6129,Perak,Kuala Kangsar,property,theft_vehicle_motorcar,2017,5
6130,Perak,Kuala Kangsar,property,theft_vehicle_motorcar,2018,2
6131,Perak,Kuala Kangsar,property,theft_vehicle_motorcar,2019,6
6132,Perak,Kuala Kangsar,property,theft_vehicle_motorcar,2020,1
6133,Perak,Kuala Kangsar,property,theft_vehicle_motorcar,2021,0
6134,Perak,Kuala Kangsar,property,theft_vehicle_motorcar,2022,1
6135,Perak,Kuala Kangsar,property,theft_vehicle_motorcar,2023,2
6136,Perak,Kuala Kangsar,property,theft_vehicle_motorcycle,2016,65
6137,Perak,Kuala Kangsar,property,theft_vehicle_motorcycle,2017,66
6138,Perak,Kuala Kangsar,property,theft_vehicle_motorcycle,2018,49
6139,Perak,Kuala Kangsar,property,theft_vehicle_motorcycle,2019,39
6140,Perak,Kuala Kangsar,property,theft_vehicle_motorcycle,2020,33
6141,Perak,Kuala Kangsar,property,theft_vehicle_motorcycle,2021,12
6142,Perak,Kuala Kangsar,property,theft_vehicle_motorcycle,2022,25
6143,Perak,Kuala Kangsar,property,theft_vehicle_motorcycle,2023,26
6144,Perak,Manjung,assault,causing_injury,2016,42
6145,Perak,Manjung,assault,causing_injury,2017,48
6146,Perak,Manjung,assault,causing_injury,2018,53
6147,Perak,Manjung,assault,causing_injury,2019,48
6148,Perak,Manjung,assault,causing_injury,2020,40
6149,Perak,Manjung,assault,causing_injury,2021,32
6150,Perak,Manjung,assault,causing_injury,2022,22
6151,Perak,Manjung,assault,causing_injury,2023,30
6152,Perak,Manjung,assault,murder,2016,5
6153,Perak,Manjung,assault,murder,2017,7
6154,Perak,Manjung,assault,murder,2018,6
6155,Perak,Manjung,assault,murder,2019,6
6156,Perak,Manjung,assault,murder,2020,4
6157,Perak,Manjung,assault,murder,2021,2
6158,Perak,Manjung,assault,murder,2022,3
6159,Perak,Manjung,assault,murder,2023,5
6160,Perak,Manjung,assault,rape,2016,14
6161,Perak,Manjung,assault,rape,2017,11
6162,Perak,Manjung,assault,rape,2018,8
6163,Perak,Manjung,assault,rape,2019,8
6164,Perak,Manjung,assault,rape,2020,10
6165,Perak,Manjung,assault,rape,2021,10
6166,Perak,Manjung,assault,rape,2022,5
6167,Perak,Manjung,assault,rape,2023,17
6168,Perak,Manjung,assault,robbery_gang_armed,2016,2
6169,Perak,Manjung,assault,robbery_gang_armed,2017,2
6170,Perak,Manjung,assault,robbery_gang_armed,2018,0
6171,Perak,Manjung,assault,robbery_gang_armed,2019,0
6172,Perak,Manjung,assault,robbery_gang_armed,2020,0
6173,Perak,Manjung,assault,robbery_gang_armed,2021,0
6174,Perak,Manjung,assault,robbery_gang_armed,2022,0
6175,Perak,Manjung,assault,robbery_gang_armed,2023,1
6176,Perak,Manjung,assault,robbery_gang_unarmed,2016,31
6177,Perak,Manjung,assault,robbery_gang_unarmed,2017,28
6178,Perak,Manjung,assault,robbery_gang_unarmed,2018,22
6179,Perak,Manjung,assault,robbery_gang_unarmed,2019,28
6180,Perak,Manjung,assault,robbery_gang_unarmed,2020,15
6181,Perak,Manjung,assault,robbery_gang_unarmed,2021,8
6182,Perak,Manjung,assault,robbery_gang_unarmed,2022,12
6183,Perak,Manjung,assault,robbery_gang_unarmed,2023,7
6184,Perak,Manjung,assault,robbery_solo_armed,2016,0
6185,Perak,Manjung,assault,robbery_solo_armed,2017,0
6186,Perak,Manjung,assault,robbery_solo_armed,2018,0
6187,Perak,Manjung,assault,robbery_solo_armed,2019,0
6188,Perak,Manjung,assault,robbery_solo_armed,2020,0
6189,Perak,Manjung,assault,robbery_solo_armed,2021,0
6190,Perak,Manjung,assault,robbery_solo_armed,2022,0
6191,Perak,Manjung,assault,robbery_solo_armed,2023,0
6192,Perak,Manjung,assault,robbery_solo_unarmed,2016,11
6193,Perak,Manjung,assault,robbery_solo_unarmed,2017,20
6194,Perak,Manjung,assault,robbery_solo_unarmed,2018,10
6195,Perak,Manjung,assault,robbery_solo_unarmed,2019,15
6196,Perak,Manjung,assault,robbery_solo_unarmed,2020,20
6197,Perak,Manjung,assault,robbery_solo_unarmed,2021,9
6198,Perak,Manjung,assault,robbery_solo_unarmed,2022,11
6199,Perak,Manjung,assault,robbery_solo_unarmed,2023,7
6200,Perak,Manjung,property,break_in,2016,60
6201,Perak,Manjung,property,break_in,2017,82
6202,Perak,Manjung,property,break_in,2018,100
6203,Perak,Manjung,property,break_in,2019,92
6204,Perak,Manjung,property,break_in,2020,75
6205,Perak,Manjung,property,break_in,2021,38
6206,Perak,Manjung,property,break_in,2022,36
6207,Perak,Manjung,property,break_in,2023,55
6208,Perak,Manjung,property,theft_other,2016,89
6209,Perak,Manjung,property,theft_other,2017,88
6210,Perak,Manjung,property,theft_other,2018,121
6211,Perak,Manjung,property,theft_other,2019,94
6212,Perak,Manjung,property,theft_other,2020,63
6213,Perak,Manjung,property,theft_other,2021,101
6214,Perak,Manjung,property,theft_other,2022,61
6215,Perak,Manjung,property,theft_other,2023,69
6216,Perak,Manjung,property,theft_vehicle_lorry,2016,9
6217,Perak,Manjung,property,theft_vehicle_lorry,2017,4
6218,Perak,Manjung,property,theft_vehicle_lorry,2018,8
6219,Perak,Manjung,property,theft_vehicle_lorry,2019,9
6220,Perak,Manjung,property,theft_vehicle_lorry,2020,3
6221,Perak,Manjung,property,theft_vehicle_lorry,2021,5
6222,Perak,Manjung,property,theft_vehicle_lorry,2022,2
6223,Perak,Manjung,property,theft_vehicle_lorry,2023,2
6224,Perak,Manjung,property,theft_vehicle_motorcar,2016,43
6225,Perak,Manjung,property,theft_vehicle_motorcar,2017,31
6226,Perak,Manjung,property,theft_vehicle_motorcar,2018,32
6227,Perak,Manjung,property,theft_vehicle_motorcar,2019,30
6228,Perak,Manjung,property,theft_vehicle_motorcar,2020,27
6229,Perak,Manjung,property,theft_vehicle_motorcar,2021,20
6230,Perak,Manjung,property,theft_vehicle_motorcar,2022,29
6231,Perak,Manjung,property,theft_vehicle_motorcar,2023,33
6232,Perak,Manjung,property,theft_vehicle_motorcycle,2016,373
6233,Perak,Manjung,property,theft_vehicle_motorcycle,2017,301
6234,Perak,Manjung,property,theft_vehicle_motorcycle,2018,254
6235,Perak,Manjung,property,theft_vehicle_motorcycle,2019,172
6236,Perak,Manjung,property,theft_vehicle_motorcycle,2020,115
6237,Perak,Manjung,property,theft_vehicle_motorcycle,2021,65
6238,Perak,Manjung,property,theft_vehicle_motorcycle,2022,65
6239,Perak,Manjung,property,theft_vehicle_motorcycle,2023,54
6240,Perak,Pengkalan Hulu,assault,causing_injury,2016,0
6241,Perak,Pengkalan Hulu,assault,causing_injury,2017,0
6242,Perak,Pengkalan Hulu,assault,causing_injury,2018,0
6243,Perak,Pengkalan Hulu,assault,causing_injury,2019,1
6244,Perak,Pengkalan Hulu,assault,causing_injury,2020,0
6245,Perak,Pengkalan Hulu,assault,causing_injury,2021,0
6246,Perak,Pengkalan Hulu,assault,causing_injury,2022,2
6247,Perak,Pengkalan Hulu,assault,causing_injury,2023,1
6248,Perak,Pengkalan Hulu,assault,murder,2016,0
6249,Perak,Pengkalan Hulu,assault,murder,2017,0
6250,Perak,Pengkalan Hulu,assault,murder,2018,0
6251,Perak,Pengkalan Hulu,assault,murder,2019,0
6252,Perak,Pengkalan Hulu,assault,murder,2020,0
6253,Perak,Pengkalan Hulu,assault,murder,2021,0
6254,Perak,Pengkalan Hulu,assault,murder,2022,0
6255,Perak,Pengkalan Hulu,assault,murder,2023,0
6256,Perak,Pengkalan Hulu,assault,rape,2016,0
6257,Perak,Pengkalan Hulu,assault,rape,2017,2
6258,Perak,Pengkalan Hulu,assault,rape,2018,3
6259,Perak,Pengkalan Hulu,assault,rape,2019,0
6260,Perak,Pengkalan Hulu,assault,rape,2020,1
6261,Perak,Pengkalan Hulu,assault,rape,2021,1
6262,Perak,Pengkalan Hulu,assault,rape,2022,0
6263,Perak,Pengkalan Hulu,assault,rape,2023,2
6264,Perak,Pengkalan Hulu,assault,robbery_gang_armed,2016,0
6265,Perak,Pengkalan Hulu,assault,robbery_gang_armed,2017,0
6266,Perak,Pengkalan Hulu,assault,robbery_gang_armed,2018,0
6267,Perak,Pengkalan Hulu,assault,robbery_gang_armed,2019,0
6268,Perak,Pengkalan Hulu,assault,robbery_gang_armed,2020,0
6269,Perak,Pengkalan Hulu,assault,robbery_gang_armed,2021,0
6270,Perak,Pengkalan Hulu,assault,robbery_gang_armed,2022,0
6271,Perak,Pengkalan Hulu,assault,robbery_gang_armed,2023,0
6272,Perak,Pengkalan Hulu,assault,robbery_gang_unarmed,2016,1
6273,Perak,Pengkalan Hulu,assault,robbery_gang_unarmed,2017,0
6274,Perak,Pengkalan Hulu,assault,robbery_gang_unarmed,2018,0
6275,Perak,Pengkalan Hulu,assault,robbery_gang_unarmed,2019,0
6276,Perak,Pengkalan Hulu,assault,robbery_gang_unarmed,2020,0
6277,Perak,Pengkalan Hulu,assault,robbery_gang_unarmed,2021,0
6278,Perak,Pengkalan Hulu,assault,robbery_gang_unarmed,2022,0
6279,Perak,Pengkalan Hulu,assault,robbery_gang_unarmed,2023,0
6280,Perak,Pengkalan Hulu,assault,robbery_solo_armed,2016,0
6281,Perak,Pengkalan Hulu,assault,robbery_solo_armed,2017,0
6282,Perak,Pengkalan Hulu,assault,robbery_solo_armed,2018,0
6283,Perak,Pengkalan Hulu,assault,robbery_solo_armed,2019,0
6284,Perak,Pengkalan Hulu,assault,robbery_solo_armed,2020,0
6285,Perak,Pengkalan Hulu,assault,robbery_solo_armed,2021,0
6286,Perak,Pengkalan Hulu,assault,robbery_solo_armed,2022,0
6287,Perak,Pengkalan Hulu,assault,robbery_solo_armed,2023,0
6288,Perak,Pengkalan Hulu,assault,robbery_solo_unarmed,2016,0
6289,Perak,Pengkalan Hulu,assault,robbery_solo_unarmed,2017,0
6290,Perak,Pengkalan Hulu,assault,robbery_solo_unarmed,2018,0
6291,Perak,Pengkalan Hulu,assault,robbery_solo_unarmed,2019,0
6292,Perak,Pengkalan Hulu,assault,robbery_solo_unarmed,2020,1
6293,Perak,Pengkalan Hulu,assault,robbery_solo_unarmed,2021,0
6294,Perak,Pengkalan Hulu,assault,robbery_solo_unarmed,2022,0
6295,Perak,Pengkalan Hulu,assault,robbery_solo_unarmed,2023,0
6296,Perak,Pengkalan Hulu,property,break_in,2016,3
6297,Perak,Pengkalan Hulu,property,break_in,2017,0
6298,Perak,Pengkalan Hulu,property,break_in,2018,2
6299,Perak,Pengkalan Hulu,property,break_in,2019,3
6300,Perak,Pengkalan Hulu,property,break_in,2020,2
6301,Perak,Pengkalan Hulu,property,break_in,2021,3
6302,Perak,Pengkalan Hulu,property,break_in,2022,2
6303,Perak,Pengkalan Hulu,property,break_in,2023,4
6304,Perak,Pengkalan Hulu,property,theft_other,2016,9
6305,Perak,Pengkalan Hulu,property,theft_other,2017,3
6306,Perak,Pengkalan Hulu,property,theft_other,2018,5
6307,Perak,Pengkalan Hulu,property,theft_other,2019,7
6308,Perak,Pengkalan Hulu,property,theft_other,2020,6
6309,Perak,Pengkalan Hulu,property,theft_other,2021,4
6310,Perak,Pengkalan Hulu,property,theft_other,2022,5
6311,Perak,Pengkalan Hulu,property,theft_other,2023,6
6312,Perak,Pengkalan Hulu,property,theft_vehicle_lorry,2016,0
6313,Perak,Pengkalan Hulu,property,theft_vehicle_lorry,2017,0
6314,Perak,Pengkalan Hulu,property,theft_vehicle_lorry,2018,1
6315,Perak,Pengkalan Hulu,property,theft_vehicle_lorry,2019,0
6316,Perak,Pengkalan Hulu,property,theft_vehicle_lorry,2020,0
6317,Perak,Pengkalan Hulu,property,theft_vehicle_lorry,2021,0
6318,Perak,Pengkalan Hulu,property,theft_vehicle_lorry,2022,0
6319,Perak,Pengkalan Hulu,property,theft_vehicle_lorry,2023,1
6320,Perak,Pengkalan Hulu,property,theft_vehicle_motorcar,2016,0
6321,Perak,Pengkalan Hulu,property,theft_vehicle_motorcar,2017,0
6322,Perak,Pengkalan Hulu,property,theft_vehicle_motorcar,2018,0
6323,Perak,Pengkalan Hulu,property,theft_vehicle_motorcar,2019,0
6324,Perak,Pengkalan Hulu,property,theft_vehicle_motorcar,2020,0
6325,Perak,Pengkalan Hulu,property,theft_vehicle_motorcar,2021,0
6326,Perak,Pengkalan Hulu,property,theft_vehicle_motorcar,2022,0
6327,Perak,Pengkalan Hulu,property,theft_vehicle_motorcar,2023,0
6328,Perak,Pengkalan Hulu,property,theft_vehicle_motorcycle,2016,14
6329,Perak,Pengkalan Hulu,property,theft_vehicle_motorcycle,2017,10
6330,Perak,Pengkalan Hulu,property,theft_vehicle_motorcycle,2018,2
6331,Perak,Pengkalan Hulu,property,theft_vehicle_motorcycle,2019,2
6332,Perak,Pengkalan Hulu,property,theft_vehicle_motorcycle,2020,0
6333,Perak,Pengkalan Hulu,property,theft_vehicle_motorcycle,2021,2
6334,Perak,Pengkalan Hulu,property,theft_vehicle_motorcycle,2022,2
6335,Perak,Pengkalan Hulu,property,theft_vehicle_motorcycle,2023,2
6336,Perak,Perak Tengah,assault,causing_injury,2016,9
6337,Perak,Perak Tengah,assault,causing_injury,2017,7
6338,Perak,Perak Tengah,assault,causing_injury,2018,4
6339,Perak,Perak Tengah,assault,causing_injury,2019,3
6340,Perak,Perak Tengah,assault,causing_injury,2020,12
6341,Perak,Perak Tengah,assault,causing_injury,2021,6
6342,Perak,Perak Tengah,assault,causing_injury,2022,8
6343,Perak,Perak Tengah,assault,causing_injury,2023,13
6344,Perak,Perak Tengah,assault,murder,2016,1
6345,Perak,Perak Tengah,assault,murder,2017,0
6346,Perak,Perak Tengah,assault,murder,2018,3
6347,Perak,Perak Tengah,assault,murder,2019,1
6348,Perak,Perak Tengah,assault,murder,2020,1
6349,Perak,Perak Tengah,assault,murder,2021,2
6350,Perak,Perak Tengah,assault,murder,2022,1
6351,Perak,Perak Tengah,assault,murder,2023,0
6352,Perak,Perak Tengah,assault,rape,2016,3
6353,Perak,Perak Tengah,assault,rape,2017,8
6354,Perak,Perak Tengah,assault,rape,2018,3
6355,Perak,Perak Tengah,assault,rape,2019,9
6356,Perak,Perak Tengah,assault,rape,2020,5
6357,Perak,Perak Tengah,assault,rape,2021,8
6358,Perak,Perak Tengah,assault,rape,2022,3
6359,Perak,Perak Tengah,assault,rape,2023,7
6360,Perak,Perak Tengah,assault,robbery_gang_armed,2016,0
6361,Perak,Perak Tengah,assault,robbery_gang_armed,2017,0
6362,Perak,Perak Tengah,assault,robbery_gang_armed,2018,0
6363,Perak,Perak Tengah,assault,robbery_gang_armed,2019,0
6364,Perak,Perak Tengah,assault,robbery_gang_armed,2020,0
6365,Perak,Perak Tengah,assault,robbery_gang_armed,2021,0
6366,Perak,Perak Tengah,assault,robbery_gang_armed,2022,0
6367,Perak,Perak Tengah,assault,robbery_gang_armed,2023,0
6368,Perak,Perak Tengah,assault,robbery_gang_unarmed,2016,5
6369,Perak,Perak Tengah,assault,robbery_gang_unarmed,2017,9
6370,Perak,Perak Tengah,assault,robbery_gang_unarmed,2018,1
6371,Perak,Perak Tengah,assault,robbery_gang_unarmed,2019,2
6372,Perak,Perak Tengah,assault,robbery_gang_unarmed,2020,1
6373,Perak,Perak Tengah,assault,robbery_gang_unarmed,2021,4
6374,Perak,Perak Tengah,assault,robbery_gang_unarmed,2022,1
6375,Perak,Perak Tengah,assault,robbery_gang_unarmed,2023,5
6376,Perak,Perak Tengah,assault,robbery_solo_armed,2016,0
6377,Perak,Perak Tengah,assault,robbery_solo_armed,2017,0
6378,Perak,Perak Tengah,assault,robbery_solo_armed,2018,0
6379,Perak,Perak Tengah,assault,robbery_solo_armed,2019,0
6380,Perak,Perak Tengah,assault,robbery_solo_armed,2020,0
6381,Perak,Perak Tengah,assault,robbery_solo_armed,2021,0
6382,Perak,Perak Tengah,assault,robbery_solo_armed,2022,0
6383,Perak,Perak Tengah,assault,robbery_solo_armed,2023,0
6384,Perak,Perak Tengah,assault,robbery_solo_unarmed,2016,2
6385,Perak,Perak Tengah,assault,robbery_solo_unarmed,2017,0
6386,Perak,Perak Tengah,assault,robbery_solo_unarmed,2018,0
6387,Perak,Perak Tengah,assault,robbery_solo_unarmed,2019,2
6388,Perak,Perak Tengah,assault,robbery_solo_unarmed,2020,3
6389,Perak,Perak Tengah,assault,robbery_solo_unarmed,2021,3
6390,Perak,Perak Tengah,assault,robbery_solo_unarmed,2022,1
6391,Perak,Perak Tengah,assault,robbery_solo_unarmed,2023,4
6392,Perak,Perak Tengah,property,break_in,2016,69
6393,Perak,Perak Tengah,property,break_in,2017,35
6394,Perak,Perak Tengah,property,break_in,2018,30
6395,Perak,Perak Tengah,property,break_in,2019,24
6396,Perak,Perak Tengah,property,break_in,2020,12
6397,Perak,Perak Tengah,property,break_in,2021,16
6398,Perak,Perak Tengah,property,break_in,2022,19
6399,Perak,Perak Tengah,property,break_in,2023,27
6400,Perak,Perak Tengah,property,theft_other,2016,54
6401,Perak,Perak Tengah,property,theft_other,2017,33
6402,Perak,Perak Tengah,property,theft_other,2018,18
6403,Perak,Perak Tengah,property,theft_other,2019,44
6404,Perak,Perak Tengah,property,theft_other,2020,39
6405,Perak,Perak Tengah,property,theft_other,2021,37
6406,Perak,Perak Tengah,property,theft_other,2022,50
6407,Perak,Perak Tengah,property,theft_other,2023,53
6408,Perak,Perak Tengah,property,theft_vehicle_lorry,2016,0
6409,Perak,Perak Tengah,property,theft_vehicle_lorry,2017,1
6410,Perak,Perak Tengah,property,theft_vehicle_lorry,2018,0
6411,Perak,Perak Tengah,property,theft_vehicle_lorry,2019,1
6412,Perak,Perak Tengah,property,theft_vehicle_lorry,2020,3
6413,Perak,Perak Tengah,property,theft_vehicle_lorry,2021,1
6414,Perak,Perak Tengah,property,theft_vehicle_lorry,2022,0
6415,Perak,Perak Tengah,property,theft_vehicle_lorry,2023,0
6416,Perak,Perak Tengah,property,theft_vehicle_motorcar,2016,2
6417,Perak,Perak Tengah,property,theft_vehicle_motorcar,2017,2
6418,Perak,Perak Tengah,property,theft_vehicle_motorcar,2018,1
6419,Perak,Perak Tengah,property,theft_vehicle_motorcar,2019,2
6420,Perak,Perak Tengah,property,theft_vehicle_motorcar,2020,5
6421,Perak,Perak Tengah,property,theft_vehicle_motorcar,2021,1
6422,Perak,Perak Tengah,property,theft_vehicle_motorcar,2022,10
6423,Perak,Perak Tengah,property,theft_vehicle_motorcar,2023,7
6424,Perak,Perak Tengah,property,theft_vehicle_motorcycle,2016,62
6425,Perak,Perak Tengah,property,theft_vehicle_motorcycle,2017,45
6426,Perak,Perak Tengah,property,theft_vehicle_motorcycle,2018,32
6427,Perak,Perak Tengah,property,theft_vehicle_motorcycle,2019,27
6428,Perak,Perak Tengah,property,theft_vehicle_motorcycle,2020,23
6429,Perak,Perak Tengah,property,theft_vehicle_motorcycle,2021,16
6430,Perak,Perak Tengah,property,theft_vehicle_motorcycle,2022,15
6431,Perak,Perak Tengah,property,theft_vehicle_motorcycle,2023,27
6432,Perak,Selama,assault,causing_injury,2016,2
6433,Perak,Selama,assault,causing_injury,2017,1
6434,Perak,Selama,assault,causing_injury,2018,2
6435,Perak,Selama,assault,causing_injury,2019,2
6436,Perak,Selama,assault,causing_injury,2020,2
6437,Perak,Selama,assault,causing_injury,2021,3
6438,Perak,Selama,assault,causing_injury,2022,6
6439,Perak,Selama,assault,causing_injury,2023,7
6440,Perak,Selama,assault,murder,2016,0
6441,Perak,Selama,assault,murder,2017,0
6442,Perak,Selama,assault,murder,2018,0
6443,Perak,Selama,assault,murder,2019,0
6444,Perak,Selama,assault,murder,2020,0
6445,Perak,Selama,assault,murder,2021,1
6446,Perak,Selama,assault,murder,2022,0
6447,Perak,Selama,assault,murder,2023,0
6448,Perak,Selama,assault,rape,2016,3
6449,Perak,Selama,assault,rape,2017,1
6450,Perak,Selama,assault,rape,2018,3
6451,Perak,Selama,assault,rape,2019,3
6452,Perak,Selama,assault,rape,2020,2
6453,Perak,Selama,assault,rape,2021,2
6454,Perak,Selama,assault,rape,2022,5
6455,Perak,Selama,assault,rape,2023,2
6456,Perak,Selama,assault,robbery_gang_armed,2016,0
6457,Perak,Selama,assault,robbery_gang_armed,2017,0
6458,Perak,Selama,assault,robbery_gang_armed,2018,0
6459,Perak,Selama,assault,robbery_gang_armed,2019,0
6460,Perak,Selama,assault,robbery_gang_armed,2020,0
6461,Perak,Selama,assault,robbery_gang_armed,2021,0
6462,Perak,Selama,assault,robbery_gang_armed,2022,0
6463,Perak,Selama,assault,robbery_gang_armed,2023,0
6464,Perak,Selama,assault,robbery_gang_unarmed,2016,3
6465,Perak,Selama,assault,robbery_gang_unarmed,2017,1
6466,Perak,Selama,assault,robbery_gang_unarmed,2018,3
6467,Perak,Selama,assault,robbery_gang_unarmed,2019,2
6468,Perak,Selama,assault,robbery_gang_unarmed,2020,0
6469,Perak,Selama,assault,robbery_gang_unarmed,2021,4
6470,Perak,Selama,assault,robbery_gang_unarmed,2022,2
6471,Perak,Selama,assault,robbery_gang_unarmed,2023,4
6472,Perak,Selama,assault,robbery_solo_armed,2016,0
6473,Perak,Selama,assault,robbery_solo_armed,2017,0
6474,Perak,Selama,assault,robbery_solo_armed,2018,0
6475,Perak,Selama,assault,robbery_solo_armed,2019,0
6476,Perak,Selama,assault,robbery_solo_armed,2020,0
6477,Perak,Selama,assault,robbery_solo_armed,2021,0
6478,Perak,Selama,assault,robbery_solo_armed,2022,0
6479,Perak,Selama,assault,robbery_solo_armed,2023,0
6480,Perak,Selama,assault,robbery_solo_unarmed,2016,1
6481,Perak,Selama,assault,robbery_solo_unarmed,2017,0
6482,Perak,Selama,assault,robbery_solo_unarmed,2018,0
6483,Perak,Selama,assault,robbery_solo_unarmed,2019,0
6484,Perak,Selama,assault,robbery_solo_unarmed,2020,1
6485,Perak,Selama,assault,robbery_solo_unarmed,2021,0
6486,Perak,Selama,assault,robbery_solo_unarmed,2022,1
6487,Perak,Selama,assault,robbery_solo_unarmed,2023,4
6488,Perak,Selama,property,break_in,2016,2
6489,Perak,Selama,property,break_in,2017,5
6490,Perak,Selama,property,break_in,2018,4
6491,Perak,Selama,property,break_in,2019,4
6492,Perak,Selama,property,break_in,2020,6
6493,Perak,Selama,property,break_in,2021,3
6494,Perak,Selama,property,break_in,2022,4
6495,Perak,Selama,property,break_in,2023,4
6496,Perak,Selama,property,theft_other,2016,7
6497,Perak,Selama,property,theft_other,2017,4
6498,Perak,Selama,property,theft_other,2018,3
6499,Perak,Selama,property,theft_other,2019,12
6500,Perak,Selama,property,theft_other,2020,7
6501,Perak,Selama,property,theft_other,2021,10
6502,Perak,Selama,property,theft_other,2022,5
6503,Perak,Selama,property,theft_other,2023,14
6504,Perak,Selama,property,theft_vehicle_lorry,2016,1
6505,Perak,Selama,property,theft_vehicle_lorry,2017,1
6506,Perak,Selama,property,theft_vehicle_lorry,2018,0
6507,Perak,Selama,property,theft_vehicle_lorry,2019,0
6508,Perak,Selama,property,theft_vehicle_lorry,2020,1
6509,Perak,Selama,property,theft_vehicle_lorry,2021,0
6510,Perak,Selama,property,theft_vehicle_lorry,2022,1
6511,Perak,Selama,property,theft_vehicle_lorry,2023,0
6512,Perak,Selama,property,theft_vehicle_motorcar,2016,7
6513,Perak,Selama,property,theft_vehicle_motorcar,2017,1
6514,Perak,Selama,property,theft_vehicle_motorcar,2018,2
6515,Perak,Selama,property,theft_vehicle_motorcar,2019,2
6516,Perak,Selama,property,theft_vehicle_motorcar,2020,1
6517,Perak,Selama,property,theft_vehicle_motorcar,2021,0
6518,Perak,Selama,property,theft_vehicle_motorcar,2022,1
6519,Perak,Selama,property,theft_vehicle_motorcar,2023,2
6520,Perak,Selama,property,theft_vehicle_motorcycle,2016,13
6521,Perak,Selama,property,theft_vehicle_motorcycle,2017,12
6522,Perak,Selama,property,theft_vehicle_motorcycle,2018,16
6523,Perak,Selama,property,theft_vehicle_motorcycle,2019,15
6524,Perak,Selama,property,theft_vehicle_motorcycle,2020,9
6525,Perak,Selama,property,theft_vehicle_motorcycle,2021,9
6526,Perak,Selama,property,theft_vehicle_motorcycle,2022,8
6527,Perak,Selama,property,theft_vehicle_motorcycle,2023,8
6528,Perak,Sungai Siput,assault,causing_injury,2016,12
6529,Perak,Sungai Siput,assault,causing_injury,2017,5
6530,Perak,Sungai Siput,assault,causing_injury,2018,16
6531,Perak,Sungai Siput,assault,causing_injury,2019,16
6532,Perak,Sungai Siput,assault,causing_injury,2020,10
6533,Perak,Sungai Siput,assault,causing_injury,2021,12
6534,Perak,Sungai Siput,assault,causing_injury,2022,8
6535,Perak,Sungai Siput,assault,causing_injury,2023,6
6536,Perak,Sungai Siput,assault,murder,2016,2
6537,Perak,Sungai Siput,assault,murder,2017,1
6538,Perak,Sungai Siput,assault,murder,2018,1
6539,Perak,Sungai Siput,assault,murder,2019,1
6540,Perak,Sungai Siput,assault,murder,2020,1
6541,Perak,Sungai Siput,assault,murder,2021,0
6542,Perak,Sungai Siput,assault,murder,2022,1
6543,Perak,Sungai Siput,assault,murder,2023,1
6544,Perak,Sungai Siput,assault,rape,2016,3
6545,Perak,Sungai Siput,assault,rape,2017,9
6546,Perak,Sungai Siput,assault,rape,2018,5
6547,Perak,Sungai Siput,assault,rape,2019,0
6548,Perak,Sungai Siput,assault,rape,2020,3
6549,Perak,Sungai Siput,assault,rape,2021,3
6550,Perak,Sungai Siput,assault,rape,2022,2
6551,Perak,Sungai Siput,assault,rape,2023,4
6552,Perak,Sungai Siput,assault,robbery_gang_armed,2016,0
6553,Perak,Sungai Siput,assault,robbery_gang_armed,2017,0
6554,Perak,Sungai Siput,assault,robbery_gang_armed,2018,0
6555,Perak,Sungai Siput,assault,robbery_gang_armed,2019,1
6556,Perak,Sungai Siput,assault,robbery_gang_armed,2020,0
6557,Perak,Sungai Siput,assault,robbery_gang_armed,2021,0
6558,Perak,Sungai Siput,assault,robbery_gang_armed,2022,0
6559,Perak,Sungai Siput,assault,robbery_gang_armed,2023,0
6560,Perak,Sungai Siput,assault,robbery_gang_unarmed,2016,14
6561,Perak,Sungai Siput,assault,robbery_gang_unarmed,2017,12
6562,Perak,Sungai Siput,assault,robbery_gang_unarmed,2018,13
6563,Perak,Sungai Siput,assault,robbery_gang_unarmed,2019,11
6564,Perak,Sungai Siput,assault,robbery_gang_unarmed,2020,3
6565,Perak,Sungai Siput,assault,robbery_gang_unarmed,2021,3
6566,Perak,Sungai Siput,assault,robbery_gang_unarmed,2022,11
6567,Perak,Sungai Siput,assault,robbery_gang_unarmed,2023,3
6568,Perak,Sungai Siput,assault,robbery_solo_armed,2016,0
6569,Perak,Sungai Siput,assault,robbery_solo_armed,2017,0
6570,Perak,Sungai Siput,assault,robbery_solo_armed,2018,0
6571,Perak,Sungai Siput,assault,robbery_solo_armed,2019,0
6572,Perak,Sungai Siput,assault,robbery_solo_armed,2020,0
6573,Perak,Sungai Siput,assault,robbery_solo_armed,2021,0
6574,Perak,Sungai Siput,assault,robbery_solo_armed,2022,0
6575,Perak,Sungai Siput,assault,robbery_solo_armed,2023,0
6576,Perak,Sungai Siput,assault,robbery_solo_unarmed,2016,3
6577,Perak,Sungai Siput,assault,robbery_solo_unarmed,2017,4
6578,Perak,Sungai Siput,assault,robbery_solo_unarmed,2018,0
6579,Perak,Sungai Siput,assault,robbery_solo_unarmed,2019,1
6580,Perak,Sungai Siput,assault,robbery_solo_unarmed,2020,13
6581,Perak,Sungai Siput,assault,robbery_solo_unarmed,2021,0
6582,Perak,Sungai Siput,assault,robbery_solo_unarmed,2022,2
6583,Perak,Sungai Siput,assault,robbery_solo_unarmed,2023,2
6584,Perak,Sungai Siput,property,break_in,2016,24
6585,Perak,Sungai Siput,property,break_in,2017,16
6586,Perak,Sungai Siput,property,break_in,2018,14
6587,Perak,Sungai Siput,property,break_in,2019,30
6588,Perak,Sungai Siput,property,break_in,2020,20
6589,Perak,Sungai Siput,property,break_in,2021,7
6590,Perak,Sungai Siput,property,break_in,2022,18
6591,Perak,Sungai Siput,property,break_in,2023,12
6592,Perak,Sungai Siput,property,theft_other,2016,20
6593,Perak,Sungai Siput,property,theft_other,2017,21
6594,Perak,Sungai Siput,property,theft_other,2018,17
6595,Perak,Sungai Siput,property,theft_other,2019,32
6596,Perak,Sungai Siput,property,theft_other,2020,20
6597,Perak,Sungai Siput,property,theft_other,2021,17
6598,Perak,Sungai Siput,property,theft_other,2022,27
6599,Perak,Sungai Siput,property,theft_other,2023,24
6600,Perak,Sungai Siput,property,theft_vehicle_lorry,2016,1
6601,Perak,Sungai Siput,property,theft_vehicle_lorry,2017,2
6602,Perak,Sungai Siput,property,theft_vehicle_lorry,2018,4
6603,Perak,Sungai Siput,property,theft_vehicle_lorry,2019,0
6604,Perak,Sungai Siput,property,theft_vehicle_lorry,2020,0
6605,Perak,Sungai Siput,property,theft_vehicle_lorry,2021,0
6606,Perak,Sungai Siput,property,theft_vehicle_lorry,2022,0
6607,Perak,Sungai Siput,property,theft_vehicle_lorry,2023,1
6608,Perak,Sungai Siput,property,theft_vehicle_motorcar,2016,5
6609,Perak,Sungai Siput,property,theft_vehicle_motorcar,2017,3
6610,Perak,Sungai Siput,property,theft_vehicle_motorcar,2018,4
6611,Perak,Sungai Siput,property,theft_vehicle_motorcar,2019,0
6612,Perak,Sungai Siput,property,theft_vehicle_motorcar,2020,2
6613,Perak,Sungai Siput,property,theft_vehicle_motorcar,2021,0
6614,Perak,Sungai Siput,property,theft_vehicle_motorcar,2022,3
6615,Perak,Sungai Siput,property,theft_vehicle_motorcar,2023,9
6616,Perak,Sungai Siput,property,theft_vehicle_motorcycle,2016,49
6617,Perak,Sungai Siput,property,theft_vehicle_motorcycle,2017,62
6618,Perak,Sungai Siput,property,theft_vehicle_motorcycle,2018,45
6619,Perak,Sungai Siput,property,theft_vehicle_motorcycle,2019,23
6620,Perak,Sungai Siput,property,theft_vehicle_motorcycle,2020,16
6621,Perak,Sungai Siput,property,theft_vehicle_motorcycle,2021,13
6622,Perak,Sungai Siput,property,theft_vehicle_motorcycle,2022,7
6623,Perak,Sungai Siput,property,theft_vehicle_motorcycle,2023,16
6624,Perak,Taiping,assault,causing_injury,2016,87
6625,Perak,Taiping,assault,causing_injury,2017,63
6626,Perak,Taiping,assault,causing_injury,2018,62
6627,Perak,Taiping,assault,causing_injury,2019,76
6628,Perak,Taiping,assault,causing_injury,2020,40
6629,Perak,Taiping,assault,causing_injury,2021,36
6630,Perak,Taiping,assault,causing_injury,2022,36
6631,Perak,Taiping,assault,causing_injury,2023,48
6632,Perak,Taiping,assault,murder,2016,7
6633,Perak,Taiping,assault,murder,2017,2
6634,Perak,Taiping,assault,murder,2018,3
6635,Perak,Taiping,assault,murder,2019,3
6636,Perak,Taiping,assault,murder,2020,1
6637,Perak,Taiping,assault,murder,2021,2
6638,Perak,Taiping,assault,murder,2022,1
6639,Perak,Taiping,assault,murder,2023,4
6640,Perak,Taiping,assault,rape,2016,19
6641,Perak,Taiping,assault,rape,2017,10
6642,Perak,Taiping,assault,rape,2018,26
6643,Perak,Taiping,assault,rape,2019,20
6644,Perak,Taiping,assault,rape,2020,9
6645,Perak,Taiping,assault,rape,2021,12
6646,Perak,Taiping,assault,rape,2022,6
6647,Perak,Taiping,assault,rape,2023,14
6648,Perak,Taiping,assault,robbery_gang_armed,2016,1
6649,Perak,Taiping,assault,robbery_gang_armed,2017,1
6650,Perak,Taiping,assault,robbery_gang_armed,2018,0
6651,Perak,Taiping,assault,robbery_gang_armed,2019,0
6652,Perak,Taiping,assault,robbery_gang_armed,2020,0
6653,Perak,Taiping,assault,robbery_gang_armed,2021,0
6654,Perak,Taiping,assault,robbery_gang_armed,2022,0
6655,Perak,Taiping,assault,robbery_gang_armed,2023,0
6656,Perak,Taiping,assault,robbery_gang_unarmed,2016,72
6657,Perak,Taiping,assault,robbery_gang_unarmed,2017,60
6658,Perak,Taiping,assault,robbery_gang_unarmed,2018,50
6659,Perak,Taiping,assault,robbery_gang_unarmed,2019,58
6660,Perak,Taiping,assault,robbery_gang_unarmed,2020,27
6661,Perak,Taiping,assault,robbery_gang_unarmed,2021,21
6662,Perak,Taiping,assault,robbery_gang_unarmed,2022,31
6663,Perak,Taiping,assault,robbery_gang_unarmed,2023,16
6664,Perak,Taiping,assault,robbery_solo_armed,2016,0
6665,Perak,Taiping,assault,robbery_solo_armed,2017,0
6666,Perak,Taiping,assault,robbery_solo_armed,2018,0
6667,Perak,Taiping,assault,robbery_solo_armed,2019,0
6668,Perak,Taiping,assault,robbery_solo_armed,2020,0
6669,Perak,Taiping,assault,robbery_solo_armed,2021,0
6670,Perak,Taiping,assault,robbery_solo_armed,2022,0
6671,Perak,Taiping,assault,robbery_solo_armed,2023,0
6672,Perak,Taiping,assault,robbery_solo_unarmed,2016,26
6673,Perak,Taiping,assault,robbery_solo_unarmed,2017,34
6674,Perak,Taiping,assault,robbery_solo_unarmed,2018,24
6675,Perak,Taiping,assault,robbery_solo_unarmed,2019,24
6676,Perak,Taiping,assault,robbery_solo_unarmed,2020,41
6677,Perak,Taiping,assault,robbery_solo_unarmed,2021,25
6678,Perak,Taiping,assault,robbery_solo_unarmed,2022,14
6679,Perak,Taiping,assault,robbery_solo_unarmed,2023,26
6680,Perak,Taiping,property,break_in,2016,97
6681,Perak,Taiping,property,break_in,2017,129
6682,Perak,Taiping,property,break_in,2018,160
6683,Perak,Taiping,property,break_in,2019,120
6684,Perak,Taiping,property,break_in,2020,81
6685,Perak,Taiping,property,break_in,2021,45
6686,Perak,Taiping,property,break_in,2022,66
6687,Perak,Taiping,property,break_in,2023,66
6688,Perak,Taiping,property,theft_other,2016,196
6689,Perak,Taiping,property,theft_other,2017,186
6690,Perak,Taiping,property,theft_other,2018,132
6691,Perak,Taiping,property,theft_other,2019,151
6692,Perak,Taiping,property,theft_other,2020,94
6693,Perak,Taiping,property,theft_other,2021,96
6694,Perak,Taiping,property,theft_other,2022,88
6695,Perak,Taiping,property,theft_other,2023,103
6696,Perak,Taiping,property,theft_vehicle_lorry,2016,6
6697,Perak,Taiping,property,theft_vehicle_lorry,2017,4
6698,Perak,Taiping,property,theft_vehicle_lorry,2018,5
6699,Perak,Taiping,property,theft_vehicle_lorry,2019,12
6700,Perak,Taiping,property,theft_vehicle_lorry,2020,7
6701,Perak,Taiping,property,theft_vehicle_lorry,2021,0
6702,Perak,Taiping,property,theft_vehicle_lorry,2022,4
6703,Perak,Taiping,property,theft_vehicle_lorry,2023,0
6704,Perak,Taiping,property,theft_vehicle_motorcar,2016,33
6705,Perak,Taiping,property,theft_vehicle_motorcar,2017,28
6706,Perak,Taiping,property,theft_vehicle_motorcar,2018,31
6707,Perak,Taiping,property,theft_vehicle_motorcar,2019,30
6708,Perak,Taiping,property,theft_vehicle_motorcar,2020,22
6709,Perak,Taiping,property,theft_vehicle_motorcar,2021,12
6710,Perak,Taiping,property,theft_vehicle_motorcar,2022,26
6711,Perak,Taiping,property,theft_vehicle_motorcar,2023,14
6712,Perak,Taiping,property,theft_vehicle_motorcycle,2016,252
6713,Perak,Taiping,property,theft_vehicle_motorcycle,2017,214
6714,Perak,Taiping,property,theft_vehicle_motorcycle,2018,246
6715,Perak,Taiping,property,theft_vehicle_motorcycle,2019,188
6716,Perak,Taiping,property,theft_vehicle_motorcycle,2020,158
6717,Perak,Taiping,property,theft_vehicle_motorcycle,2021,89
6718,Perak,Taiping,property,theft_vehicle_motorcycle,2022,77
6719,Perak,Taiping,property,theft_vehicle_motorcycle,2023,60
6720,Perak,Tanjong Malim,assault,causing_injury,2016,14
6721,Perak,Tanjong Malim,assault,causing_injury,2017,7
6722,Perak,Tanjong Malim,assault,causing_injury,2018,3
6723,Perak,Tanjong Malim,assault,causing_injury,2019,11
6724,Perak,Tanjong Malim,assault,causing_injury,2020,9
6725,Perak,Tanjong Malim,assault,causing_injury,2021,7
6726,Perak,Tanjong Malim,assault,causing_injury,2022,6
6727,Perak,Tanjong Malim,assault,causing_injury,2023,3
6728,Perak,Tanjong Malim,assault,murder,2016,0
6729,Perak,Tanjong Malim,assault,murder,2017,0
6730,Perak,Tanjong Malim,assault,murder,2018,1
6731,Perak,Tanjong Malim,assault,murder,2019,1
6732,Perak,Tanjong Malim,assault,murder,2020,1
6733,Perak,Tanjong Malim,assault,murder,2021,0
6734,Perak,Tanjong Malim,assault,murder,2022,0
6735,Perak,Tanjong Malim,assault,murder,2023,0
6736,Perak,Tanjong Malim,assault,rape,2016,2
6737,Perak,Tanjong Malim,assault,rape,2017,3
6738,Perak,Tanjong Malim,assault,rape,2018,1
6739,Perak,Tanjong Malim,assault,rape,2019,1
6740,Perak,Tanjong Malim,assault,rape,2020,3
6741,Perak,Tanjong Malim,assault,rape,2021,2
6742,Perak,Tanjong Malim,assault,rape,2022,2
6743,Perak,Tanjong Malim,assault,rape,2023,4
6744,Perak,Tanjong Malim,assault,robbery_gang_armed,2016,1
6745,Perak,Tanjong Malim,assault,robbery_gang_armed,2017,0
6746,Perak,Tanjong Malim,assault,robbery_gang_armed,2018,0
6747,Perak,Tanjong Malim,assault,robbery_gang_armed,2019,0
6748,Perak,Tanjong Malim,assault,robbery_gang_armed,2020,0
6749,Perak,Tanjong Malim,assault,robbery_gang_armed,2021,0
6750,Perak,Tanjong Malim,assault,robbery_gang_armed,2022,0
6751,Perak,Tanjong Malim,assault,robbery_gang_armed,2023,0
6752,Perak,Tanjong Malim,assault,robbery_gang_unarmed,2016,20
6753,Perak,Tanjong Malim,assault,robbery_gang_unarmed,2017,21
6754,Perak,Tanjong Malim,assault,robbery_gang_unarmed,2018,11
6755,Perak,Tanjong Malim,assault,robbery_gang_unarmed,2019,7
6756,Perak,Tanjong Malim,assault,robbery_gang_unarmed,2020,1
6757,Perak,Tanjong Malim,assault,robbery_gang_unarmed,2021,1
6758,Perak,Tanjong Malim,assault,robbery_gang_unarmed,2022,5
6759,Perak,Tanjong Malim,assault,robbery_gang_unarmed,2023,10
6760,Perak,Tanjong Malim,assault,robbery_solo_armed,2016,1
6761,Perak,Tanjong Malim,assault,robbery_solo_armed,2017,0
6762,Perak,Tanjong Malim,assault,robbery_solo_armed,2018,0
6763,Perak,Tanjong Malim,assault,robbery_solo_armed,2019,0
6764,Perak,Tanjong Malim,assault,robbery_solo_armed,2020,0
6765,Perak,Tanjong Malim,assault,robbery_solo_armed,2021,0
6766,Perak,Tanjong Malim,assault,robbery_solo_armed,2022,0
6767,Perak,Tanjong Malim,assault,robbery_solo_armed,2023,0
6768,Perak,Tanjong Malim,assault,robbery_solo_unarmed,2016,6
6769,Perak,Tanjong Malim,assault,robbery_solo_unarmed,2017,0
6770,Perak,Tanjong Malim,assault,robbery_solo_unarmed,2018,4
6771,Perak,Tanjong Malim,assault,robbery_solo_unarmed,2019,3
6772,Perak,Tanjong Malim,assault,robbery_solo_unarmed,2020,2
6773,Perak,Tanjong Malim,assault,robbery_solo_unarmed,2021,1
6774,Perak,Tanjong Malim,assault,robbery_solo_unarmed,2022,4
6775,Perak,Tanjong Malim,assault,robbery_solo_unarmed,2023,2
6776,Perak,Tanjong Malim,property,break_in,2016,21
6777,Perak,Tanjong Malim,property,break_in,2017,23
6778,Perak,Tanjong Malim,property,break_in,2018,23
6779,Perak,Tanjong Malim,property,break_in,2019,40
6780,Perak,Tanjong Malim,property,break_in,2020,27
6781,Perak,Tanjong Malim,property,break_in,2021,16
6782,Perak,Tanjong Malim,property,break_in,2022,14
6783,Perak,Tanjong Malim,property,break_in,2023,29
6784,Perak,Tanjong Malim,property,theft_other,2016,27
6785,Perak,Tanjong Malim,property,theft_other,2017,33
6786,Perak,Tanjong Malim,property,theft_other,2018,43
6787,Perak,Tanjong Malim,property,theft_other,2019,31
6788,Perak,Tanjong Malim,property,theft_other,2020,25
6789,Perak,Tanjong Malim,property,theft_other,2021,22
6790,Perak,Tanjong Malim,property,theft_other,2022,35
6791,Perak,Tanjong Malim,property,theft_other,2023,14
6792,Perak,Tanjong Malim,property,theft_vehicle_lorry,2016,1
6793,Perak,Tanjong Malim,property,theft_vehicle_lorry,2017,2
6794,Perak,Tanjong Malim,property,theft_vehicle_lorry,2018,1
6795,Perak,Tanjong Malim,property,theft_vehicle_lorry,2019,0
6796,Perak,Tanjong Malim,property,theft_vehicle_lorry,2020,1
6797,Perak,Tanjong Malim,property,theft_vehicle_lorry,2021,1
6798,Perak,Tanjong Malim,property,theft_vehicle_lorry,2022,0
6799,Perak,Tanjong Malim,property,theft_vehicle_lorry,2023,1
6800,Perak,Tanjong Malim,property,theft_vehicle_motorcar,2016,7
6801,Perak,Tanjong Malim,property,theft_vehicle_motorcar,2017,12
6802,Perak,Tanjong Malim,property,theft_vehicle_motorcar,2018,6
6803,Perak,Tanjong Malim,property,theft_vehicle_motorcar,2019,4
6804,Perak,Tanjong Malim,property,theft_vehicle_motorcar,2020,9
6805,Perak,Tanjong Malim,property,theft_vehicle_motorcar,2021,6
6806,Perak,Tanjong Malim,property,theft_vehicle_motorcar,2022,2
6807,Perak,Tanjong Malim,property,theft_vehicle_motorcar,2023,3
6808,Perak,Tanjong Malim,property,theft_vehicle_motorcycle,2016,56
6809,Perak,Tanjong Malim,property,theft_vehicle_motorcycle,2017,47
6810,Perak,Tanjong Malim,property,theft_vehicle_motorcycle,2018,49
6811,Perak,Tanjong Malim,property,theft_vehicle_motorcycle,2019,42
6812,Perak,Tanjong Malim,property,theft_vehicle_motorcycle,2020,17
6813,Perak,Tanjong Malim,property,theft_vehicle_motorcycle,2021,12
6814,Perak,Tanjong Malim,property,theft_vehicle_motorcycle,2022,11
6815,Perak,Tanjong Malim,property,theft_vehicle_motorcycle,2023,24
6816,Perak,Tapah,assault,causing_injury,2016,19
6817,Perak,Tapah,assault,causing_injury,2017,25
6818,Perak,Tapah,assault,causing_injury,2018,16
6819,Perak,Tapah,assault,causing_injury,2019,14
6820,Perak,Tapah,assault,causing_injury,2020,18
6821,Perak,Tapah,assault,causing_injury,2021,13
6822,Perak,Tapah,assault,causing_injury,2022,9
6823,Perak,Tapah,assault,causing_injury,2023,11
6824,Perak,Tapah,assault,murder,2016,1
6825,Perak,Tapah,assault,murder,2017,1
6826,Perak,Tapah,assault,murder,2018,1
6827,Perak,Tapah,assault,murder,2019,4
6828,Perak,Tapah,assault,murder,2020,1
6829,Perak,Tapah,assault,murder,2021,1
6830,Perak,Tapah,assault,murder,2022,1
6831,Perak,Tapah,assault,murder,2023,3
6832,Perak,Tapah,assault,rape,2016,8
6833,Perak,Tapah,assault,rape,2017,12
6834,Perak,Tapah,assault,rape,2018,5
6835,Perak,Tapah,assault,rape,2019,6
6836,Perak,Tapah,assault,rape,2020,2
6837,Perak,Tapah,assault,rape,2021,4
6838,Perak,Tapah,assault,rape,2022,1
6839,Perak,Tapah,assault,rape,2023,2
6840,Perak,Tapah,assault,robbery_gang_armed,2016,0
6841,Perak,Tapah,assault,robbery_gang_armed,2017,0
6842,Perak,Tapah,assault,robbery_gang_armed,2018,0
6843,Perak,Tapah,assault,robbery_gang_armed,2019,0
6844,Perak,Tapah,assault,robbery_gang_armed,2020,0
6845,Perak,Tapah,assault,robbery_gang_armed,2021,0
6846,Perak,Tapah,assault,robbery_gang_armed,2022,0
6847,Perak,Tapah,assault,robbery_gang_armed,2023,0
6848,Perak,Tapah,assault,robbery_gang_unarmed,2016,30
6849,Perak,Tapah,assault,robbery_gang_unarmed,2017,9
6850,Perak,Tapah,assault,robbery_gang_unarmed,2018,19
6851,Perak,Tapah,assault,robbery_gang_unarmed,2019,17
6852,Perak,Tapah,assault,robbery_gang_unarmed,2020,5
6853,Perak,Tapah,assault,robbery_gang_unarmed,2021,12
6854,Perak,Tapah,assault,robbery_gang_unarmed,2022,8
6855,Perak,Tapah,assault,robbery_gang_unarmed,2023,4
6856,Perak,Tapah,assault,robbery_solo_armed,2016,0
6857,Perak,Tapah,assault,robbery_solo_armed,2017,0
6858,Perak,Tapah,assault,robbery_solo_armed,2018,0
6859,Perak,Tapah,assault,robbery_solo_armed,2019,0
6860,Perak,Tapah,assault,robbery_solo_armed,2020,0
6861,Perak,Tapah,assault,robbery_solo_armed,2021,0
6862,Perak,Tapah,assault,robbery_solo_armed,2022,0
6863,Perak,Tapah,assault,robbery_solo_armed,2023,0
6864,Perak,Tapah,assault,robbery_solo_unarmed,2016,3
6865,Perak,Tapah,assault,robbery_solo_unarmed,2017,3
6866,Perak,Tapah,assault,robbery_solo_unarmed,2018,8
6867,Perak,Tapah,assault,robbery_solo_unarmed,2019,1
6868,Perak,Tapah,assault,robbery_solo_unarmed,2020,11
6869,Perak,Tapah,assault,robbery_solo_unarmed,2021,0
6870,Perak,Tapah,assault,robbery_solo_unarmed,2022,2
6871,Perak,Tapah,assault,robbery_solo_unarmed,2023,2
6872,Perak,Tapah,property,break_in,2016,10
6873,Perak,Tapah,property,break_in,2017,21
6874,Perak,Tapah,property,break_in,2018,35
6875,Perak,Tapah,property,break_in,2019,45
6876,Perak,Tapah,property,break_in,2020,32
6877,Perak,Tapah,property,break_in,2021,24
6878,Perak,Tapah,property,break_in,2022,14
6879,Perak,Tapah,property,break_in,2023,51
6880,Perak,Tapah,property,theft_other,2016,34
6881,Perak,Tapah,property,theft_other,2017,35
6882,Perak,Tapah,property,theft_other,2018,26
6883,Perak,Tapah,property,theft_other,2019,28
6884,Perak,Tapah,property,theft_other,2020,24
6885,Perak,Tapah,property,theft_other,2021,27
6886,Perak,Tapah,property,theft_other,2022,28
6887,Perak,Tapah,property,theft_other,2023,45
6888,Perak,Tapah,property,theft_vehicle_lorry,2016,19
6889,Perak,Tapah,property,theft_vehicle_lorry,2017,7
6890,Perak,Tapah,property,theft_vehicle_lorry,2018,8
6891,Perak,Tapah,property,theft_vehicle_lorry,2019,1
6892,Perak,Tapah,property,theft_vehicle_lorry,2020,3
6893,Perak,Tapah,property,theft_vehicle_lorry,2021,1
6894,Perak,Tapah,property,theft_vehicle_lorry,2022,3
6895,Perak,Tapah,property,theft_vehicle_lorry,2023,3
6896,Perak,Tapah,property,theft_vehicle_motorcar,2016,13
6897,Perak,Tapah,property,theft_vehicle_motorcar,2017,7
6898,Perak,Tapah,property,theft_vehicle_motorcar,2018,13
6899,Perak,Tapah,property,theft_vehicle_motorcar,2019,5
6900,Perak,Tapah,property,theft_vehicle_motorcar,2020,5
6901,Perak,Tapah,property,theft_vehicle_motorcar,2021,4
6902,Perak,Tapah,property,theft_vehicle_motorcar,2022,7
6903,Perak,Tapah,property,theft_vehicle_motorcar,2023,5
6904,Perak,Tapah,property,theft_vehicle_motorcycle,2016,64
6905,Perak,Tapah,property,theft_vehicle_motorcycle,2017,63
6906,Perak,Tapah,property,theft_vehicle_motorcycle,2018,56
6907,Perak,Tapah,property,theft_vehicle_motorcycle,2019,57
6908,Perak,Tapah,property,theft_vehicle_motorcycle,2020,33
6909,Perak,Tapah,property,theft_vehicle_motorcycle,2021,31
6910,Perak,Tapah,property,theft_vehicle_motorcycle,2022,28
6911,Perak,Tapah,property,theft_vehicle_motorcycle,2023,31
6912,Perlis,Arau,assault,causing_injury,2016,15
6913,Perlis,Arau,assault,causing_injury,2017,8
6914,Perlis,Arau,assault,causing_injury,2018,12
6915,Perlis,Arau,assault,causing_injury,2019,11
6916,Perlis,Arau,assault,causing_injury,2020,11
6917,Perlis,Arau,assault,causing_injury,2021,12
6918,Perlis,Arau,assault,causing_injury,2022,11
6919,Perlis,Arau,assault,causing_injury,2023,9
6920,Perlis,Arau,assault,murder,2016,0
6921,Perlis,Arau,assault,murder,2017,1
6922,Perlis,Arau,assault,murder,2018,0
6923,Perlis,Arau,assault,murder,2019,0
6924,Perlis,Arau,assault,murder,2020,0
6925,Perlis,Arau,assault,murder,2021,0
6926,Perlis,Arau,assault,murder,2022,0
6927,Perlis,Arau,assault,murder,2023,2
6928,Perlis,Arau,assault,rape,2016,12
6929,Perlis,Arau,assault,rape,2017,10
6930,Perlis,Arau,assault,rape,2018,11
6931,Perlis,Arau,assault,rape,2019,8
6932,Perlis,Arau,assault,rape,2020,4
6933,Perlis,Arau,assault,rape,2021,10
6934,Perlis,Arau,assault,rape,2022,9
6935,Perlis,Arau,assault,rape,2023,9
6936,Perlis,Arau,assault,robbery_gang_armed,2016,0
6937,Perlis,Arau,assault,robbery_gang_armed,2017,0
6938,Perlis,Arau,assault,robbery_gang_armed,2018,0
6939,Perlis,Arau,assault,robbery_gang_armed,2019,1
6940,Perlis,Arau,assault,robbery_gang_armed,2020,0
6941,Perlis,Arau,assault,robbery_gang_armed,2021,0
6942,Perlis,Arau,assault,robbery_gang_armed,2022,0
6943,Perlis,Arau,assault,robbery_gang_armed,2023,0
6944,Perlis,Arau,assault,robbery_gang_unarmed,2016,6
6945,Perlis,Arau,assault,robbery_gang_unarmed,2017,5
6946,Perlis,Arau,assault,robbery_gang_unarmed,2018,4
6947,Perlis,Arau,assault,robbery_gang_unarmed,2019,3
6948,Perlis,Arau,assault,robbery_gang_unarmed,2020,1
6949,Perlis,Arau,assault,robbery_gang_unarmed,2021,2
6950,Perlis,Arau,assault,robbery_gang_unarmed,2022,2
6951,Perlis,Arau,assault,robbery_gang_unarmed,2023,3
6952,Perlis,Arau,assault,robbery_solo_armed,2016,0
6953,Perlis,Arau,assault,robbery_solo_armed,2017,0
6954,Perlis,Arau,assault,robbery_solo_armed,2018,0
6955,Perlis,Arau,assault,robbery_solo_armed,2019,0
6956,Perlis,Arau,assault,robbery_solo_armed,2020,0
6957,Perlis,Arau,assault,robbery_solo_armed,2021,0
6958,Perlis,Arau,assault,robbery_solo_armed,2022,0
6959,Perlis,Arau,assault,robbery_solo_armed,2023,0
6960,Perlis,Arau,assault,robbery_solo_unarmed,2016,1
6961,Perlis,Arau,assault,robbery_solo_unarmed,2017,13
6962,Perlis,Arau,assault,robbery_solo_unarmed,2018,7
6963,Perlis,Arau,assault,robbery_solo_unarmed,2019,6
6964,Perlis,Arau,assault,robbery_solo_unarmed,2020,2
6965,Perlis,Arau,assault,robbery_solo_unarmed,2021,1
6966,Perlis,Arau,assault,robbery_solo_unarmed,2022,5
6967,Perlis,Arau,assault,robbery_solo_unarmed,2023,4
6968,Perlis,Arau,property,break_in,2016,23
6969,Perlis,Arau,property,break_in,2017,18
6970,Perlis,Arau,property,break_in,2018,12
6971,Perlis,Arau,property,break_in,2019,37
6972,Perlis,Arau,property,break_in,2020,43
6973,Perlis,Arau,property,break_in,2021,21
6974,Perlis,Arau,property,break_in,2022,15
6975,Perlis,Arau,property,break_in,2023,26
6976,Perlis,Arau,property,theft_other,2016,51
6977,Perlis,Arau,property,theft_other,2017,31
6978,Perlis,Arau,property,theft_other,2018,39
6979,Perlis,Arau,property,theft_other,2019,48
6980,Perlis,Arau,property,theft_other,2020,37
6981,Perlis,Arau,property,theft_other,2021,31
6982,Perlis,Arau,property,theft_other,2022,32
6983,Perlis,Arau,property,theft_other,2023,35
6984,Perlis,Arau,property,theft_vehicle_lorry,2016,0
6985,Perlis,Arau,property,theft_vehicle_lorry,2017,1
6986,Perlis,Arau,property,theft_vehicle_lorry,2018,1
6987,Perlis,Arau,property,theft_vehicle_lorry,2019,0
6988,Perlis,Arau,property,theft_vehicle_lorry,2020,0
6989,Perlis,Arau,property,theft_vehicle_lorry,2021,0
6990,Perlis,Arau,property,theft_vehicle_lorry,2022,0
6991,Perlis,Arau,property,theft_vehicle_lorry,2023,0
6992,Perlis,Arau,property,theft_vehicle_motorcar,2016,2
6993,Perlis,Arau,property,theft_vehicle_motorcar,2017,4
6994,Perlis,Arau,property,theft_vehicle_motorcar,2018,2
6995,Perlis,Arau,property,theft_vehicle_motorcar,2019,2
6996,Perlis,Arau,property,theft_vehicle_motorcar,2020,1
6997,Perlis,Arau,property,theft_vehicle_motorcar,2021,2
6998,Perlis,Arau,property,theft_vehicle_motorcar,2022,1
6999,Perlis,Arau,property,theft_vehicle_motorcar,2023,0
7000,Perlis,Arau,property,theft_vehicle_motorcycle,2016,44
7001,Perlis,Arau,property,theft_vehicle_motorcycle,2017,44
7002,Perlis,Arau,property,theft_vehicle_motorcycle,2018,54
7003,Perlis,Arau,property,theft_vehicle_motorcycle,2019,20
7004,Perlis,Arau,property,theft_vehicle_motorcycle,2020,18
7005,Perlis,Arau,property,theft_vehicle_motorcycle,2021,9
7006,Perlis,Arau,property,theft_vehicle_motorcycle,2022,8
7007,Perlis,Arau,property,theft_vehicle_motorcycle,2023,8
7008,Perlis,Kangar,assault,causing_injury,2016,25
7009,Perlis,Kangar,assault,causing_injury,2017,27
7010,Perlis,Kangar,assault,causing_injury,2018,31
7011,Perlis,Kangar,assault,causing_injury,2019,38
7012,Perlis,Kangar,assault,causing_injury,2020,19
7013,Perlis,Kangar,assault,causing_injury,2021,20
7014,Perlis,Kangar,assault,causing_injury,2022,10
7015,Perlis,Kangar,assault,causing_injury,2023,8
7016,Perlis,Kangar,assault,murder,2016,0
7017,Perlis,Kangar,assault,murder,2017,0
7018,Perlis,Kangar,assault,murder,2018,1
7019,Perlis,Kangar,assault,murder,2019,0
7020,Perlis,Kangar,assault,murder,2020,1
7021,Perlis,Kangar,assault,murder,2021,2
7022,Perlis,Kangar,assault,murder,2022,0
7023,Perlis,Kangar,assault,murder,2023,1
7024,Perlis,Kangar,assault,rape,2016,12
7025,Perlis,Kangar,assault,rape,2017,9
7026,Perlis,Kangar,assault,rape,2018,16
7027,Perlis,Kangar,assault,rape,2019,11
7028,Perlis,Kangar,assault,rape,2020,12
7029,Perlis,Kangar,assault,rape,2021,13
7030,Perlis,Kangar,assault,rape,2022,17
7031,Perlis,Kangar,assault,rape,2023,14
7032,Perlis,Kangar,assault,robbery_gang_armed,2016,0
7033,Perlis,Kangar,assault,robbery_gang_armed,2017,0
7034,Perlis,Kangar,assault,robbery_gang_armed,2018,0
7035,Perlis,Kangar,assault,robbery_gang_armed,2019,0
7036,Perlis,Kangar,assault,robbery_gang_armed,2020,0
7037,Perlis,Kangar,assault,robbery_gang_armed,2021,0
7038,Perlis,Kangar,assault,robbery_gang_armed,2022,0
7039,Perlis,Kangar,assault,robbery_gang_armed,2023,1
7040,Perlis,Kangar,assault,robbery_gang_unarmed,2016,9
7041,Perlis,Kangar,assault,robbery_gang_unarmed,2017,14
7042,Perlis,Kangar,assault,robbery_gang_unarmed,2018,11
7043,Perlis,Kangar,assault,robbery_gang_unarmed,2019,9
7044,Perlis,Kangar,assault,robbery_gang_unarmed,2020,8
7045,Perlis,Kangar,assault,robbery_gang_unarmed,2021,3
7046,Perlis,Kangar,assault,robbery_gang_unarmed,2022,3
7047,Perlis,Kangar,assault,robbery_gang_unarmed,2023,4
7048,Perlis,Kangar,assault,robbery_solo_armed,2016,0
7049,Perlis,Kangar,assault,robbery_solo_armed,2017,0
7050,Perlis,Kangar,assault,robbery_solo_armed,2018,0
7051,Perlis,Kangar,assault,robbery_solo_armed,2019,0
7052,Perlis,Kangar,assault,robbery_solo_armed,2020,0
7053,Perlis,Kangar,assault,robbery_solo_armed,2021,0
7054,Perlis,Kangar,assault,robbery_solo_armed,2022,0
7055,Perlis,Kangar,assault,robbery_solo_armed,2023,0
7056,Perlis,Kangar,assault,robbery_solo_unarmed,2016,7
7057,Perlis,Kangar,assault,robbery_solo_unarmed,2017,14
7058,Perlis,Kangar,assault,robbery_solo_unarmed,2018,20
7059,Perlis,Kangar,assault,robbery_solo_unarmed,2019,14
7060,Perlis,Kangar,assault,robbery_solo_unarmed,2020,9
7061,Perlis,Kangar,assault,robbery_solo_unarmed,2021,4
7062,Perlis,Kangar,assault,robbery_solo_unarmed,2022,8
7063,Perlis,Kangar,assault,robbery_solo_unarmed,2023,5
7064,Perlis,Kangar,property,break_in,2016,46
7065,Perlis,Kangar,property,break_in,2017,51
7066,Perlis,Kangar,property,break_in,2018,32
7067,Perlis,Kangar,property,break_in,2019,63
7068,Perlis,Kangar,property,break_in,2020,97
7069,Perlis,Kangar,property,break_in,2021,63
7070,Perlis,Kangar,property,break_in,2022,59
7071,Perlis,Kangar,property,break_in,2023,50
7072,Perlis,Kangar,property,theft_other,2016,133
7073,Perlis,Kangar,property,theft_other,2017,132
7074,Perlis,Kangar,property,theft_other,2018,134
7075,Perlis,Kangar,property,theft_other,2019,112
7076,Perlis,Kangar,property,theft_other,2020,104
7077,Perlis,Kangar,property,theft_other,2021,149
7078,Perlis,Kangar,property,theft_other,2022,86
7079,Perlis,Kangar,property,theft_other,2023,52
7080,Perlis,Kangar,property,theft_vehicle_lorry,2016,4
7081,Perlis,Kangar,property,theft_vehicle_lorry,2017,3
7082,Perlis,Kangar,property,theft_vehicle_lorry,2018,1
7083,Perlis,Kangar,property,theft_vehicle_lorry,2019,2
7084,Perlis,Kangar,property,theft_vehicle_lorry,2020,0
7085,Perlis,Kangar,property,theft_vehicle_lorry,2021,0
7086,Perlis,Kangar,property,theft_vehicle_lorry,2022,2
7087,Perlis,Kangar,property,theft_vehicle_lorry,2023,0
7088,Perlis,Kangar,property,theft_vehicle_motorcar,2016,17
7089,Perlis,Kangar,property,theft_vehicle_motorcar,2017,5
7090,Perlis,Kangar,property,theft_vehicle_motorcar,2018,9
7091,Perlis,Kangar,property,theft_vehicle_motorcar,2019,13
7092,Perlis,Kangar,property,theft_vehicle_motorcar,2020,5
7093,Perlis,Kangar,property,theft_vehicle_motorcar,2021,1
7094,Perlis,Kangar,property,theft_vehicle_motorcar,2022,4
7095,Perlis,Kangar,property,theft_vehicle_motorcar,2023,4
7096,Perlis,Kangar,property,theft_vehicle_motorcycle,2016,161
7097,Perlis,Kangar,property,theft_vehicle_motorcycle,2017,106
7098,Perlis,Kangar,property,theft_vehicle_motorcycle,2018,91
7099,Perlis,Kangar,property,theft_vehicle_motorcycle,2019,57
7100,Perlis,Kangar,property,theft_vehicle_motorcycle,2020,56
7101,Perlis,Kangar,property,theft_vehicle_motorcycle,2021,31
7102,Perlis,Kangar,property,theft_vehicle_motorcycle,2022,30
7103,Perlis,Kangar,property,theft_vehicle_motorcycle,2023,36
7104,Perlis,Padang Besar,assault,causing_injury,2016,12
7105,Perlis,Padang Besar,assault,causing_injury,2017,12
7106,Perlis,Padang Besar,assault,causing_injury,2018,2
7107,Perlis,Padang Besar,assault,causing_injury,2019,11
7108,Perlis,Padang Besar,assault,causing_injury,2020,10
7109,Perlis,Padang Besar,assault,causing_injury,2021,6
7110,Perlis,Padang Besar,assault,causing_injury,2022,12
7111,Perlis,Padang Besar,assault,causing_injury,2023,7
7112,Perlis,Padang Besar,assault,murder,2016,0
7113,Perlis,Padang Besar,assault,murder,2017,1
7114,Perlis,Padang Besar,assault,murder,2018,0
7115,Perlis,Padang Besar,assault,murder,2019,1
7116,Perlis,Padang Besar,assault,murder,2020,1
7117,Perlis,Padang Besar,assault,murder,2021,0
7118,Perlis,Padang Besar,assault,murder,2022,0
7119,Perlis,Padang Besar,assault,murder,2023,0
7120,Perlis,Padang Besar,assault,rape,2016,7
7121,Perlis,Padang Besar,assault,rape,2017,11
7122,Perlis,Padang Besar,assault,rape,2018,3
7123,Perlis,Padang Besar,assault,rape,2019,5
7124,Perlis,Padang Besar,assault,rape,2020,3
7125,Perlis,Padang Besar,assault,rape,2021,5
7126,Perlis,Padang Besar,assault,rape,2022,5
7127,Perlis,Padang Besar,assault,rape,2023,5
7128,Perlis,Padang Besar,assault,robbery_gang_armed,2016,0
7129,Perlis,Padang Besar,assault,robbery_gang_armed,2017,0
7130,Perlis,Padang Besar,assault,robbery_gang_armed,2018,0
7131,Perlis,Padang Besar,assault,robbery_gang_armed,2019,0
7132,Perlis,Padang Besar,assault,robbery_gang_armed,2020,0
7133,Perlis,Padang Besar,assault,robbery_gang_armed,2021,0
7134,Perlis,Padang Besar,assault,robbery_gang_armed,2022,0
7135,Perlis,Padang Besar,assault,robbery_gang_armed,2023,0
7136,Perlis,Padang Besar,assault,robbery_gang_unarmed,2016,2
7137,Perlis,Padang Besar,assault,robbery_gang_unarmed,2017,6
7138,Perlis,Padang Besar,assault,robbery_gang_unarmed,2018,2
7139,Perlis,Padang Besar,assault,robbery_gang_unarmed,2019,2
7140,Perlis,Padang Besar,assault,robbery_gang_unarmed,2020,0
7141,Perlis,Padang Besar,assault,robbery_gang_unarmed,2021,2
7142,Perlis,Padang Besar,assault,robbery_gang_unarmed,2022,0
7143,Perlis,Padang Besar,assault,robbery_gang_unarmed,2023,2
7144,Perlis,Padang Besar,assault,robbery_solo_armed,2016,0
7145,Perlis,Padang Besar,assault,robbery_solo_armed,2017,0
7146,Perlis,Padang Besar,assault,robbery_solo_armed,2018,0
7147,Perlis,Padang Besar,assault,robbery_solo_armed,2019,0
7148,Perlis,Padang Besar,assault,robbery_solo_armed,2020,0
7149,Perlis,Padang Besar,assault,robbery_solo_armed,2021,0
7150,Perlis,Padang Besar,assault,robbery_solo_armed,2022,0
7151,Perlis,Padang Besar,assault,robbery_solo_armed,2023,0
7152,Perlis,Padang Besar,assault,robbery_solo_unarmed,2016,1
7153,Perlis,Padang Besar,assault,robbery_solo_unarmed,2017,1
7154,Perlis,Padang Besar,assault,robbery_solo_unarmed,2018,6
7155,Perlis,Padang Besar,assault,robbery_solo_unarmed,2019,1
7156,Perlis,Padang Besar,assault,robbery_solo_unarmed,2020,0
7157,Perlis,Padang Besar,assault,robbery_solo_unarmed,2021,0
7158,Perlis,Padang Besar,assault,robbery_solo_unarmed,2022,0
7159,Perlis,Padang Besar,assault,robbery_solo_unarmed,2023,1
7160,Perlis,Padang Besar,property,break_in,2016,16
7161,Perlis,Padang Besar,property,break_in,2017,19
7162,Perlis,Padang Besar,property,break_in,2018,10
7163,Perlis,Padang Besar,property,break_in,2019,11
7164,Perlis,Padang Besar,property,break_in,2020,15
7165,Perlis,Padang Besar,property,break_in,2021,18
7166,Perlis,Padang Besar,property,break_in,2022,27
7167,Perlis,Padang Besar,property,break_in,2023,18
7168,Perlis,Padang Besar,property,theft_other,2016,25
7169,Perlis,Padang Besar,property,theft_other,2017,19
7170,Perlis,Padang Besar,property,theft_other,2018,19
7171,Perlis,Padang Besar,property,theft_other,2019,27
7172,Perlis,Padang Besar,property,theft_other,2020,17
7173,Perlis,Padang Besar,property,theft_other,2021,15
7174,Perlis,Padang Besar,property,theft_other,2022,38
7175,Perlis,Padang Besar,property,theft_other,2023,28
7176,Perlis,Padang Besar,property,theft_vehicle_lorry,2016,0
7177,Perlis,Padang Besar,property,theft_vehicle_lorry,2017,1
7178,Perlis,Padang Besar,property,theft_vehicle_lorry,2018,0
7179,Perlis,Padang Besar,property,theft_vehicle_lorry,2019,0
7180,Perlis,Padang Besar,property,theft_vehicle_lorry,2020,0
7181,Perlis,Padang Besar,property,theft_vehicle_lorry,2021,0
7182,Perlis,Padang Besar,property,theft_vehicle_lorry,2022,0
7183,Perlis,Padang Besar,property,theft_vehicle_lorry,2023,0
7184,Perlis,Padang Besar,property,theft_vehicle_motorcar,2016,1
7185,Perlis,Padang Besar,property,theft_vehicle_motorcar,2017,2
7186,Perlis,Padang Besar,property,theft_vehicle_motorcar,2018,3
7187,Perlis,Padang Besar,property,theft_vehicle_motorcar,2019,2
7188,Perlis,Padang Besar,property,theft_vehicle_motorcar,2020,0
7189,Perlis,Padang Besar,property,theft_vehicle_motorcar,2021,0
7190,Perlis,Padang Besar,property,theft_vehicle_motorcar,2022,3
7191,Perlis,Padang Besar,property,theft_vehicle_motorcar,2023,0
7192,Perlis,Padang Besar,property,theft_vehicle_motorcycle,2016,23
7193,Perlis,Padang Besar,property,theft_vehicle_motorcycle,2017,36
7194,Perlis,Padang Besar,property,theft_vehicle_motorcycle,2018,30
7195,Perlis,Padang Besar,property,theft_vehicle_motorcycle,2019,12
7196,Perlis,Padang Besar,property,theft_vehicle_motorcycle,2020,19
7197,Perlis,Padang Besar,property,theft_vehicle_motorcycle,2021,16
7198,Perlis,Padang Besar,property,theft_vehicle_motorcycle,2022,15
7199,Perlis,Padang Besar,property,theft_vehicle_motorcycle,2023,7
7200,Pulau Pinang,Barat Daya,assault,causing_injury,2016,31
7201,Pulau Pinang,Barat Daya,assault,causing_injury,2017,33
7202,Pulau Pinang,Barat Daya,assault,causing_injury,2018,32
7203,Pulau Pinang,Barat Daya,assault,causing_injury,2019,31
7204,Pulau Pinang,Barat Daya,assault,causing_injury,2020,18
7205,Pulau Pinang,Barat Daya,assault,causing_injury,2021,33
7206,Pulau Pinang,Barat Daya,assault,causing_injury,2022,42
7207,Pulau Pinang,Barat Daya,assault,causing_injury,2023,40
7208,Pulau Pinang,Barat Daya,assault,murder,2016,3
7209,Pulau Pinang,Barat Daya,assault,murder,2017,0
7210,Pulau Pinang,Barat Daya,assault,murder,2018,1
7211,Pulau Pinang,Barat Daya,assault,murder,2019,1
7212,Pulau Pinang,Barat Daya,assault,murder,2020,0
7213,Pulau Pinang,Barat Daya,assault,murder,2021,1
7214,Pulau Pinang,Barat Daya,assault,murder,2022,2
7215,Pulau Pinang,Barat Daya,assault,murder,2023,1
7216,Pulau Pinang,Barat Daya,assault,rape,2016,11
7217,Pulau Pinang,Barat Daya,assault,rape,2017,11
7218,Pulau Pinang,Barat Daya,assault,rape,2018,7
7219,Pulau Pinang,Barat Daya,assault,rape,2019,5
7220,Pulau Pinang,Barat Daya,assault,rape,2020,10
7221,Pulau Pinang,Barat Daya,assault,rape,2021,17
7222,Pulau Pinang,Barat Daya,assault,rape,2022,14
7223,Pulau Pinang,Barat Daya,assault,rape,2023,6
7224,Pulau Pinang,Barat Daya,assault,robbery_gang_armed,2016,0
7225,Pulau Pinang,Barat Daya,assault,robbery_gang_armed,2017,0
7226,Pulau Pinang,Barat Daya,assault,robbery_gang_armed,2018,0
7227,Pulau Pinang,Barat Daya,assault,robbery_gang_armed,2019,0
7228,Pulau Pinang,Barat Daya,assault,robbery_gang_armed,2020,0
7229,Pulau Pinang,Barat Daya,assault,robbery_gang_armed,2021,0
7230,Pulau Pinang,Barat Daya,assault,robbery_gang_armed,2022,0
7231,Pulau Pinang,Barat Daya,assault,robbery_gang_armed,2023,0
7232,Pulau Pinang,Barat Daya,assault,robbery_gang_unarmed,2016,28
7233,Pulau Pinang,Barat Daya,assault,robbery_gang_unarmed,2017,35
7234,Pulau Pinang,Barat Daya,assault,robbery_gang_unarmed,2018,18
7235,Pulau Pinang,Barat Daya,assault,robbery_gang_unarmed,2019,24
7236,Pulau Pinang,Barat Daya,assault,robbery_gang_unarmed,2020,12
7237,Pulau Pinang,Barat Daya,assault,robbery_gang_unarmed,2021,15
7238,Pulau Pinang,Barat Daya,assault,robbery_gang_unarmed,2022,9
7239,Pulau Pinang,Barat Daya,assault,robbery_gang_unarmed,2023,18
7240,Pulau Pinang,Barat Daya,assault,robbery_solo_armed,2016,0
7241,Pulau Pinang,Barat Daya,assault,robbery_solo_armed,2017,0
7242,Pulau Pinang,Barat Daya,assault,robbery_solo_armed,2018,0
7243,Pulau Pinang,Barat Daya,assault,robbery_solo_armed,2019,0
7244,Pulau Pinang,Barat Daya,assault,robbery_solo_armed,2020,0
7245,Pulau Pinang,Barat Daya,assault,robbery_solo_armed,2021,0
7246,Pulau Pinang,Barat Daya,assault,robbery_solo_armed,2022,0
7247,Pulau Pinang,Barat Daya,assault,robbery_solo_armed,2023,0
7248,Pulau Pinang,Barat Daya,assault,robbery_solo_unarmed,2016,17
7249,Pulau Pinang,Barat Daya,assault,robbery_solo_unarmed,2017,10
7250,Pulau Pinang,Barat Daya,assault,robbery_solo_unarmed,2018,6
7251,Pulau Pinang,Barat Daya,assault,robbery_solo_unarmed,2019,13
7252,Pulau Pinang,Barat Daya,assault,robbery_solo_unarmed,2020,8
7253,Pulau Pinang,Barat Daya,assault,robbery_solo_unarmed,2021,13
7254,Pulau Pinang,Barat Daya,assault,robbery_solo_unarmed,2022,19
7255,Pulau Pinang,Barat Daya,assault,robbery_solo_unarmed,2023,21
7256,Pulau Pinang,Barat Daya,property,break_in,2016,55
7257,Pulau Pinang,Barat Daya,property,break_in,2017,81
7258,Pulau Pinang,Barat Daya,property,break_in,2018,70
7259,Pulau Pinang,Barat Daya,property,break_in,2019,75
7260,Pulau Pinang,Barat Daya,property,break_in,2020,57
7261,Pulau Pinang,Barat Daya,property,break_in,2021,47
7262,Pulau Pinang,Barat Daya,property,break_in,2022,47
7263,Pulau Pinang,Barat Daya,property,break_in,2023,41
7264,Pulau Pinang,Barat Daya,property,theft_other,2016,123
7265,Pulau Pinang,Barat Daya,property,theft_other,2017,77
7266,Pulau Pinang,Barat Daya,property,theft_other,2018,108
7267,Pulau Pinang,Barat Daya,property,theft_other,2019,127
7268,Pulau Pinang,Barat Daya,property,theft_other,2020,75
7269,Pulau Pinang,Barat Daya,property,theft_other,2021,148
7270,Pulau Pinang,Barat Daya,property,theft_other,2022,131
7271,Pulau Pinang,Barat Daya,property,theft_other,2023,198
7272,Pulau Pinang,Barat Daya,property,theft_vehicle_lorry,2016,7
7273,Pulau Pinang,Barat Daya,property,theft_vehicle_lorry,2017,6
7274,Pulau Pinang,Barat Daya,property,theft_vehicle_lorry,2018,7
7275,Pulau Pinang,Barat Daya,property,theft_vehicle_lorry,2019,4
7276,Pulau Pinang,Barat Daya,property,theft_vehicle_lorry,2020,0
7277,Pulau Pinang,Barat Daya,property,theft_vehicle_lorry,2021,3
7278,Pulau Pinang,Barat Daya,property,theft_vehicle_lorry,2022,0
7279,Pulau Pinang,Barat Daya,property,theft_vehicle_lorry,2023,1
7280,Pulau Pinang,Barat Daya,property,theft_vehicle_motorcar,2016,39
7281,Pulau Pinang,Barat Daya,property,theft_vehicle_motorcar,2017,43
7282,Pulau Pinang,Barat Daya,property,theft_vehicle_motorcar,2018,53
7283,Pulau Pinang,Barat Daya,property,theft_vehicle_motorcar,2019,30
7284,Pulau Pinang,Barat Daya,property,theft_vehicle_motorcar,2020,15
7285,Pulau Pinang,Barat Daya,property,theft_vehicle_motorcar,2021,8
7286,Pulau Pinang,Barat Daya,property,theft_vehicle_motorcar,2022,12
7287,Pulau Pinang,Barat Daya,property,theft_vehicle_motorcar,2023,15
7288,Pulau Pinang,Barat Daya,property,theft_vehicle_motorcycle,2016,224
7289,Pulau Pinang,Barat Daya,property,theft_vehicle_motorcycle,2017,225
7290,Pulau Pinang,Barat Daya,property,theft_vehicle_motorcycle,2018,189
7291,Pulau Pinang,Barat Daya,property,theft_vehicle_motorcycle,2019,198
7292,Pulau Pinang,Barat Daya,property,theft_vehicle_motorcycle,2020,138
7293,Pulau Pinang,Barat Daya,property,theft_vehicle_motorcycle,2021,82
7294,Pulau Pinang,Barat Daya,property,theft_vehicle_motorcycle,2022,76
7295,Pulau Pinang,Barat Daya,property,theft_vehicle_motorcycle,2023,66
7296,Pulau Pinang,Seberang Perai Selatan,assault,causing_injury,2016,39
7297,Pulau Pinang,Seberang Perai Selatan,assault,causing_injury,2017,34
7298,Pulau Pinang,Seberang Perai Selatan,assault,causing_injury,2018,46
7299,Pulau Pinang,Seberang Perai Selatan,assault,causing_injury,2019,49
7300,Pulau Pinang,Seberang Perai Selatan,assault,causing_injury,2020,32
7301,Pulau Pinang,Seberang Perai Selatan,assault,causing_injury,2021,37
7302,Pulau Pinang,Seberang Perai Selatan,assault,causing_injury,2022,40
7303,Pulau Pinang,Seberang Perai Selatan,assault,causing_injury,2023,32
7304,Pulau Pinang,Seberang Perai Selatan,assault,murder,2016,3
7305,Pulau Pinang,Seberang Perai Selatan,assault,murder,2017,3
7306,Pulau Pinang,Seberang Perai Selatan,assault,murder,2018,2
7307,Pulau Pinang,Seberang Perai Selatan,assault,murder,2019,0
7308,Pulau Pinang,Seberang Perai Selatan,assault,murder,2020,3
7309,Pulau Pinang,Seberang Perai Selatan,assault,murder,2021,3
7310,Pulau Pinang,Seberang Perai Selatan,assault,murder,2022,1
7311,Pulau Pinang,Seberang Perai Selatan,assault,murder,2023,3
7312,Pulau Pinang,Seberang Perai Selatan,assault,rape,2016,10
7313,Pulau Pinang,Seberang Perai Selatan,assault,rape,2017,7
7314,Pulau Pinang,Seberang Perai Selatan,assault,rape,2018,14
7315,Pulau Pinang,Seberang Perai Selatan,assault,rape,2019,17
7316,Pulau Pinang,Seberang Perai Selatan,assault,rape,2020,17
7317,Pulau Pinang,Seberang Perai Selatan,assault,rape,2021,12
7318,Pulau Pinang,Seberang Perai Selatan,assault,rape,2022,10
7319,Pulau Pinang,Seberang Perai Selatan,assault,rape,2023,21
7320,Pulau Pinang,Seberang Perai Selatan,assault,robbery_gang_armed,2016,0
7321,Pulau Pinang,Seberang Perai Selatan,assault,robbery_gang_armed,2017,0
7322,Pulau Pinang,Seberang Perai Selatan,assault,robbery_gang_armed,2018,0
7323,Pulau Pinang,Seberang Perai Selatan,assault,robbery_gang_armed,2019,0
7324,Pulau Pinang,Seberang Perai Selatan,assault,robbery_gang_armed,2020,1
7325,Pulau Pinang,Seberang Perai Selatan,assault,robbery_gang_armed,2021,0
7326,Pulau Pinang,Seberang Perai Selatan,assault,robbery_gang_armed,2022,1
7327,Pulau Pinang,Seberang Perai Selatan,assault,robbery_gang_armed,2023,0
7328,Pulau Pinang,Seberang Perai Selatan,assault,robbery_gang_unarmed,2016,66
7329,Pulau Pinang,Seberang Perai Selatan,assault,robbery_gang_unarmed,2017,74
7330,Pulau Pinang,Seberang Perai Selatan,assault,robbery_gang_unarmed,2018,40
7331,Pulau Pinang,Seberang Perai Selatan,assault,robbery_gang_unarmed,2019,44
7332,Pulau Pinang,Seberang Perai Selatan,assault,robbery_gang_unarmed,2020,9
7333,Pulau Pinang,Seberang Perai Selatan,assault,robbery_gang_unarmed,2021,17
7334,Pulau Pinang,Seberang Perai Selatan,assault,robbery_gang_unarmed,2022,25
7335,Pulau Pinang,Seberang Perai Selatan,assault,robbery_gang_unarmed,2023,11
7336,Pulau Pinang,Seberang Perai Selatan,assault,robbery_solo_armed,2016,0
7337,Pulau Pinang,Seberang Perai Selatan,assault,robbery_solo_armed,2017,0
7338,Pulau Pinang,Seberang Perai Selatan,assault,robbery_solo_armed,2018,0
7339,Pulau Pinang,Seberang Perai Selatan,assault,robbery_solo_armed,2019,0
7340,Pulau Pinang,Seberang Perai Selatan,assault,robbery_solo_armed,2020,0
7341,Pulau Pinang,Seberang Perai Selatan,assault,robbery_solo_armed,2021,0
7342,Pulau Pinang,Seberang Perai Selatan,assault,robbery_solo_armed,2022,0
7343,Pulau Pinang,Seberang Perai Selatan,assault,robbery_solo_armed,2023,0
7344,Pulau Pinang,Seberang Perai Selatan,assault,robbery_solo_unarmed,2016,17
7345,Pulau Pinang,Seberang Perai Selatan,assault,robbery_solo_unarmed,2017,20
7346,Pulau Pinang,Seberang Perai Selatan,assault,robbery_solo_unarmed,2018,23
7347,Pulau Pinang,Seberang Perai Selatan,assault,robbery_solo_unarmed,2019,10
7348,Pulau Pinang,Seberang Perai Selatan,assault,robbery_solo_unarmed,2020,22
7349,Pulau Pinang,Seberang Perai Selatan,assault,robbery_solo_unarmed,2021,17
7350,Pulau Pinang,Seberang Perai Selatan,assault,robbery_solo_unarmed,2022,14
7351,Pulau Pinang,Seberang Perai Selatan,assault,robbery_solo_unarmed,2023,9
7352,Pulau Pinang,Seberang Perai Selatan,property,break_in,2016,118
7353,Pulau Pinang,Seberang Perai Selatan,property,break_in,2017,123
7354,Pulau Pinang,Seberang Perai Selatan,property,break_in,2018,126
7355,Pulau Pinang,Seberang Perai Selatan,property,break_in,2019,151
7356,Pulau Pinang,Seberang Perai Selatan,property,break_in,2020,78
7357,Pulau Pinang,Seberang Perai Selatan,property,break_in,2021,100
7358,Pulau Pinang,Seberang Perai Selatan,property,break_in,2022,70
7359,Pulau Pinang,Seberang Perai Selatan,property,break_in,2023,96
7360,Pulau Pinang,Seberang Perai Selatan,property,theft_other,2016,76
7361,Pulau Pinang,Seberang Perai Selatan,property,theft_other,2017,82
7362,Pulau Pinang,Seberang Perai Selatan,property,theft_other,2018,79
7363,Pulau Pinang,Seberang Perai Selatan,property,theft_other,2019,94
7364,Pulau Pinang,Seberang Perai Selatan,property,theft_other,2020,64
7365,Pulau Pinang,Seberang Perai Selatan,property,theft_other,2021,81
7366,Pulau Pinang,Seberang Perai Selatan,property,theft_other,2022,108
7367,Pulau Pinang,Seberang Perai Selatan,property,theft_other,2023,97
7368,Pulau Pinang,Seberang Perai Selatan,property,theft_vehicle_lorry,2016,8
7369,Pulau Pinang,Seberang Perai Selatan,property,theft_vehicle_lorry,2017,6
7370,Pulau Pinang,Seberang Perai Selatan,property,theft_vehicle_lorry,2018,9
7371,Pulau Pinang,Seberang Perai Selatan,property,theft_vehicle_lorry,2019,9
7372,Pulau Pinang,Seberang Perai Selatan,property,theft_vehicle_lorry,2020,5
7373,Pulau Pinang,Seberang Perai Selatan,property,theft_vehicle_lorry,2021,6
7374,Pulau Pinang,Seberang Perai Selatan,property,theft_vehicle_lorry,2022,5
7375,Pulau Pinang,Seberang Perai Selatan,property,theft_vehicle_lorry,2023,3
7376,Pulau Pinang,Seberang Perai Selatan,property,theft_vehicle_motorcar,2016,32
7377,Pulau Pinang,Seberang Perai Selatan,property,theft_vehicle_motorcar,2017,17
7378,Pulau Pinang,Seberang Perai Selatan,property,theft_vehicle_motorcar,2018,7
7379,Pulau Pinang,Seberang Perai Selatan,property,theft_vehicle_motorcar,2019,18
7380,Pulau Pinang,Seberang Perai Selatan,property,theft_vehicle_motorcar,2020,11
7381,Pulau Pinang,Seberang Perai Selatan,property,theft_vehicle_motorcar,2021,8
7382,Pulau Pinang,Seberang Perai Selatan,property,theft_vehicle_motorcar,2022,11
7383,Pulau Pinang,Seberang Perai Selatan,property,theft_vehicle_motorcar,2023,15
7384,Pulau Pinang,Seberang Perai Selatan,property,theft_vehicle_motorcycle,2016,136
7385,Pulau Pinang,Seberang Perai Selatan,property,theft_vehicle_motorcycle,2017,107
7386,Pulau Pinang,Seberang Perai Selatan,property,theft_vehicle_motorcycle,2018,70
7387,Pulau Pinang,Seberang Perai Selatan,property,theft_vehicle_motorcycle,2019,68
7388,Pulau Pinang,Seberang Perai Selatan,property,theft_vehicle_motorcycle,2020,62
7389,Pulau Pinang,Seberang Perai Selatan,property,theft_vehicle_motorcycle,2021,51
7390,Pulau Pinang,Seberang Perai Selatan,property,theft_vehicle_motorcycle,2022,29
7391,Pulau Pinang,Seberang Perai Selatan,property,theft_vehicle_motorcycle,2023,48
7392,Pulau Pinang,Seberang Perai Tengah,assault,causing_injury,2016,87
7393,Pulau Pinang,Seberang Perai Tengah,assault,causing_injury,2017,51
7394,Pulau Pinang,Seberang Perai Tengah,assault,causing_injury,2018,82
7395,Pulau Pinang,Seberang Perai Tengah,assault,causing_injury,2019,88
7396,Pulau Pinang,Seberang Perai Tengah,assault,causing_injury,2020,100
7397,Pulau Pinang,Seberang Perai Tengah,assault,causing_injury,2021,103
7398,Pulau Pinang,Seberang Perai Tengah,assault,causing_injury,2022,86
7399,Pulau Pinang,Seberang Perai Tengah,assault,causing_injury,2023,61
7400,Pulau Pinang,Seberang Perai Tengah,assault,murder,2016,8
7401,Pulau Pinang,Seberang Perai Tengah,assault,murder,2017,6
7402,Pulau Pinang,Seberang Perai Tengah,assault,murder,2018,7
7403,Pulau Pinang,Seberang Perai Tengah,assault,murder,2019,4
7404,Pulau Pinang,Seberang Perai Tengah,assault,murder,2020,6
7405,Pulau Pinang,Seberang Perai Tengah,assault,murder,2021,4
7406,Pulau Pinang,Seberang Perai Tengah,assault,murder,2022,3
7407,Pulau Pinang,Seberang Perai Tengah,assault,murder,2023,2
7408,Pulau Pinang,Seberang Perai Tengah,assault,rape,2016,23
7409,Pulau Pinang,Seberang Perai Tengah,assault,rape,2017,35
7410,Pulau Pinang,Seberang Perai Tengah,assault,rape,2018,12
7411,Pulau Pinang,Seberang Perai Tengah,assault,rape,2019,32
7412,Pulau Pinang,Seberang Perai Tengah,assault,rape,2020,17
7413,Pulau Pinang,Seberang Perai Tengah,assault,rape,2021,23
7414,Pulau Pinang,Seberang Perai Tengah,assault,rape,2022,34
7415,Pulau Pinang,Seberang Perai Tengah,assault,rape,2023,24
7416,Pulau Pinang,Seberang Perai Tengah,assault,robbery_gang_armed,2016,0
7417,Pulau Pinang,Seberang Perai Tengah,assault,robbery_gang_armed,2017,0
7418,Pulau Pinang,Seberang Perai Tengah,assault,robbery_gang_armed,2018,0
7419,Pulau Pinang,Seberang Perai Tengah,assault,robbery_gang_armed,2019,0
7420,Pulau Pinang,Seberang Perai Tengah,assault,robbery_gang_armed,2020,0
7421,Pulau Pinang,Seberang Perai Tengah,assault,robbery_gang_armed,2021,0
7422,Pulau Pinang,Seberang Perai Tengah,assault,robbery_gang_armed,2022,1
7423,Pulau Pinang,Seberang Perai Tengah,assault,robbery_gang_armed,2023,0
7424,Pulau Pinang,Seberang Perai Tengah,assault,robbery_gang_unarmed,2016,151
7425,Pulau Pinang,Seberang Perai Tengah,assault,robbery_gang_unarmed,2017,168
7426,Pulau Pinang,Seberang Perai Tengah,assault,robbery_gang_unarmed,2018,129
7427,Pulau Pinang,Seberang Perai Tengah,assault,robbery_gang_unarmed,2019,199
7428,Pulau Pinang,Seberang Perai Tengah,assault,robbery_gang_unarmed,2020,68
7429,Pulau Pinang,Seberang Perai Tengah,assault,robbery_gang_unarmed,2021,112
7430,Pulau Pinang,Seberang Perai Tengah,assault,robbery_gang_unarmed,2022,52
7431,Pulau Pinang,Seberang Perai Tengah,assault,robbery_gang_unarmed,2023,55
7432,Pulau Pinang,Seberang Perai Tengah,assault,robbery_solo_armed,2016,0
7433,Pulau Pinang,Seberang Perai Tengah,assault,robbery_solo_armed,2017,0
7434,Pulau Pinang,Seberang Perai Tengah,assault,robbery_solo_armed,2018,0
7435,Pulau Pinang,Seberang Perai Tengah,assault,robbery_solo_armed,2019,0
7436,Pulau Pinang,Seberang Perai Tengah,assault,robbery_solo_armed,2020,0
7437,Pulau Pinang,Seberang Perai Tengah,assault,robbery_solo_armed,2021,0
7438,Pulau Pinang,Seberang Perai Tengah,assault,robbery_solo_armed,2022,0
7439,Pulau Pinang,Seberang Perai Tengah,assault,robbery_solo_armed,2023,0
7440,Pulau Pinang,Seberang Perai Tengah,assault,robbery_solo_unarmed,2016,69
7441,Pulau Pinang,Seberang Perai Tengah,assault,robbery_solo_unarmed,2017,62
7442,Pulau Pinang,Seberang Perai Tengah,assault,robbery_solo_unarmed,2018,38
7443,Pulau Pinang,Seberang Perai Tengah,assault,robbery_solo_unarmed,2019,99
7444,Pulau Pinang,Seberang Perai Tengah,assault,robbery_solo_unarmed,2020,126
7445,Pulau Pinang,Seberang Perai Tengah,assault,robbery_solo_unarmed,2021,46
7446,Pulau Pinang,Seberang Perai Tengah,assault,robbery_solo_unarmed,2022,50
7447,Pulau Pinang,Seberang Perai Tengah,assault,robbery_solo_unarmed,2023,50
7448,Pulau Pinang,Seberang Perai Tengah,property,break_in,2016,336
7449,Pulau Pinang,Seberang Perai Tengah,property,break_in,2017,305
7450,Pulau Pinang,Seberang Perai Tengah,property,break_in,2018,306
7451,Pulau Pinang,Seberang Perai Tengah,property,break_in,2019,406
7452,Pulau Pinang,Seberang Perai Tengah,property,break_in,2020,254
7453,Pulau Pinang,Seberang Perai Tengah,property,break_in,2021,307
7454,Pulau Pinang,Seberang Perai Tengah,property,break_in,2022,226
7455,Pulau Pinang,Seberang Perai Tengah,property,break_in,2023,217
7456,Pulau Pinang,Seberang Perai Tengah,property,theft_other,2016,370
7457,Pulau Pinang,Seberang Perai Tengah,property,theft_other,2017,288
7458,Pulau Pinang,Seberang Perai Tengah,property,theft_other,2018,256
7459,Pulau Pinang,Seberang Perai Tengah,property,theft_other,2019,363
7460,Pulau Pinang,Seberang Perai Tengah,property,theft_other,2020,251
7461,Pulau Pinang,Seberang Perai Tengah,property,theft_other,2021,329
7462,Pulau Pinang,Seberang Perai Tengah,property,theft_other,2022,181
7463,Pulau Pinang,Seberang Perai Tengah,property,theft_other,2023,234
7464,Pulau Pinang,Seberang Perai Tengah,property,theft_vehicle_lorry,2016,58
7465,Pulau Pinang,Seberang Perai Tengah,property,theft_vehicle_lorry,2017,22
7466,Pulau Pinang,Seberang Perai Tengah,property,theft_vehicle_lorry,2018,20
7467,Pulau Pinang,Seberang Perai Tengah,property,theft_vehicle_lorry,2019,25
7468,Pulau Pinang,Seberang Perai Tengah,property,theft_vehicle_lorry,2020,11
7469,Pulau Pinang,Seberang Perai Tengah,property,theft_vehicle_lorry,2021,5
7470,Pulau Pinang,Seberang Perai Tengah,property,theft_vehicle_lorry,2022,16
7471,Pulau Pinang,Seberang Perai Tengah,property,theft_vehicle_lorry,2023,10
7472,Pulau Pinang,Seberang Perai Tengah,property,theft_vehicle_motorcar,2016,191
7473,Pulau Pinang,Seberang Perai Tengah,property,theft_vehicle_motorcar,2017,149
7474,Pulau Pinang,Seberang Perai Tengah,property,theft_vehicle_motorcar,2018,140
7475,Pulau Pinang,Seberang Perai Tengah,property,theft_vehicle_motorcar,2019,146
7476,Pulau Pinang,Seberang Perai Tengah,property,theft_vehicle_motorcar,2020,62
7477,Pulau Pinang,Seberang Perai Tengah,property,theft_vehicle_motorcar,2021,33
7478,Pulau Pinang,Seberang Perai Tengah,property,theft_vehicle_motorcar,2022,43
7479,Pulau Pinang,Seberang Perai Tengah,property,theft_vehicle_motorcar,2023,51
7480,Pulau Pinang,Seberang Perai Tengah,property,theft_vehicle_motorcycle,2016,917
7481,Pulau Pinang,Seberang Perai Tengah,property,theft_vehicle_motorcycle,2017,817
7482,Pulau Pinang,Seberang Perai Tengah,property,theft_vehicle_motorcycle,2018,754
7483,Pulau Pinang,Seberang Perai Tengah,property,theft_vehicle_motorcycle,2019,589
7484,Pulau Pinang,Seberang Perai Tengah,property,theft_vehicle_motorcycle,2020,404
7485,Pulau Pinang,Seberang Perai Tengah,property,theft_vehicle_motorcycle,2021,257
7486,Pulau Pinang,Seberang Perai Tengah,property,theft_vehicle_motorcycle,2022,236
7487,Pulau Pinang,Seberang Perai Tengah,property,theft_vehicle_motorcycle,2023,221
7488,Pulau Pinang,Seberang Perai Utara,assault,causing_injury,2016,44
7489,Pulau Pinang,Seberang Perai Utara,assault,causing_injury,2017,53
7490,Pulau Pinang,Seberang Perai Utara,assault,causing_injury,2018,57
7491,Pulau Pinang,Seberang Perai Utara,assault,causing_injury,2019,42
7492,Pulau Pinang,Seberang Perai Utara,assault,causing_injury,2020,46
7493,Pulau Pinang,Seberang Perai Utara,assault,causing_injury,2021,65
7494,Pulau Pinang,Seberang Perai Utara,assault,causing_injury,2022,65
7495,Pulau Pinang,Seberang Perai Utara,assault,causing_injury,2023,45
7496,Pulau Pinang,Seberang Perai Utara,assault,murder,2016,4
7497,Pulau Pinang,Seberang Perai Utara,assault,murder,2017,2
7498,Pulau Pinang,Seberang Perai Utara,assault,murder,2018,5
7499,Pulau Pinang,Seberang Perai Utara,assault,murder,2019,4
7500,Pulau Pinang,Seberang Perai Utara,assault,murder,2020,4
7501,Pulau Pinang,Seberang Perai Utara,assault,murder,2021,1
7502,Pulau Pinang,Seberang Perai Utara,assault,murder,2022,0
7503,Pulau Pinang,Seberang Perai Utara,assault,murder,2023,5
7504,Pulau Pinang,Seberang Perai Utara,assault,rape,2016,11
7505,Pulau Pinang,Seberang Perai Utara,assault,rape,2017,14
7506,Pulau Pinang,Seberang Perai Utara,assault,rape,2018,24
7507,Pulau Pinang,Seberang Perai Utara,assault,rape,2019,6
7508,Pulau Pinang,Seberang Perai Utara,assault,rape,2020,20
7509,Pulau Pinang,Seberang Perai Utara,assault,rape,2021,20
7510,Pulau Pinang,Seberang Perai Utara,assault,rape,2022,33
7511,Pulau Pinang,Seberang Perai Utara,assault,rape,2023,15
7512,Pulau Pinang,Seberang Perai Utara,assault,robbery_gang_armed,2016,0
7513,Pulau Pinang,Seberang Perai Utara,assault,robbery_gang_armed,2017,0
7514,Pulau Pinang,Seberang Perai Utara,assault,robbery_gang_armed,2018,0
7515,Pulau Pinang,Seberang Perai Utara,assault,robbery_gang_armed,2019,0
7516,Pulau Pinang,Seberang Perai Utara,assault,robbery_gang_armed,2020,0
7517,Pulau Pinang,Seberang Perai Utara,assault,robbery_gang_armed,2021,0
7518,Pulau Pinang,Seberang Perai Utara,assault,robbery_gang_armed,2022,0
7519,Pulau Pinang,Seberang Perai Utara,assault,robbery_gang_armed,2023,1
7520,Pulau Pinang,Seberang Perai Utara,assault,robbery_gang_unarmed,2016,69
7521,Pulau Pinang,Seberang Perai Utara,assault,robbery_gang_unarmed,2017,64
7522,Pulau Pinang,Seberang Perai Utara,assault,robbery_gang_unarmed,2018,36
7523,Pulau Pinang,Seberang Perai Utara,assault,robbery_gang_unarmed,2019,48
7524,Pulau Pinang,Seberang Perai Utara,assault,robbery_gang_unarmed,2020,12
7525,Pulau Pinang,Seberang Perai Utara,assault,robbery_gang_unarmed,2021,32
7526,Pulau Pinang,Seberang Perai Utara,assault,robbery_gang_unarmed,2022,48
7527,Pulau Pinang,Seberang Perai Utara,assault,robbery_gang_unarmed,2023,43
7528,Pulau Pinang,Seberang Perai Utara,assault,robbery_solo_armed,2016,1
7529,Pulau Pinang,Seberang Perai Utara,assault,robbery_solo_armed,2017,0
7530,Pulau Pinang,Seberang Perai Utara,assault,robbery_solo_armed,2018,1
7531,Pulau Pinang,Seberang Perai Utara,assault,robbery_solo_armed,2019,0
7532,Pulau Pinang,Seberang Perai Utara,assault,robbery_solo_armed,2020,0
7533,Pulau Pinang,Seberang Perai Utara,assault,robbery_solo_armed,2021,0
7534,Pulau Pinang,Seberang Perai Utara,assault,robbery_solo_armed,2022,0
7535,Pulau Pinang,Seberang Perai Utara,assault,robbery_solo_armed,2023,0
7536,Pulau Pinang,Seberang Perai Utara,assault,robbery_solo_unarmed,2016,37
7537,Pulau Pinang,Seberang Perai Utara,assault,robbery_solo_unarmed,2017,26
7538,Pulau Pinang,Seberang Perai Utara,assault,robbery_solo_unarmed,2018,27
7539,Pulau Pinang,Seberang Perai Utara,assault,robbery_solo_unarmed,2019,29
7540,Pulau Pinang,Seberang Perai Utara,assault,robbery_solo_unarmed,2020,20
7541,Pulau Pinang,Seberang Perai Utara,assault,robbery_solo_unarmed,2021,38
7542,Pulau Pinang,Seberang Perai Utara,assault,robbery_solo_unarmed,2022,31
7543,Pulau Pinang,Seberang Perai Utara,assault,robbery_solo_unarmed,2023,19
7544,Pulau Pinang,Seberang Perai Utara,property,break_in,2016,198
7545,Pulau Pinang,Seberang Perai Utara,property,break_in,2017,165
7546,Pulau Pinang,Seberang Perai Utara,property,break_in,2018,160
7547,Pulau Pinang,Seberang Perai Utara,property,break_in,2019,201
7548,Pulau Pinang,Seberang Perai Utara,property,break_in,2020,153
7549,Pulau Pinang,Seberang Perai Utara,property,break_in,2021,142
7550,Pulau Pinang,Seberang Perai Utara,property,break_in,2022,163
7551,Pulau Pinang,Seberang Perai Utara,property,break_in,2023,204
7552,Pulau Pinang,Seberang Perai Utara,property,theft_other,2016,197
7553,Pulau Pinang,Seberang Perai Utara,property,theft_other,2017,143
7554,Pulau Pinang,Seberang Perai Utara,property,theft_other,2018,132
7555,Pulau Pinang,Seberang Perai Utara,property,theft_other,2019,140
7556,Pulau Pinang,Seberang Perai Utara,property,theft_other,2020,177
7557,Pulau Pinang,Seberang Perai Utara,property,theft_other,2021,246
7558,Pulau Pinang,Seberang Perai Utara,property,theft_other,2022,159
7559,Pulau Pinang,Seberang Perai Utara,property,theft_other,2023,163
7560,Pulau Pinang,Seberang Perai Utara,property,theft_vehicle_lorry,2016,25
7561,Pulau Pinang,Seberang Perai Utara,property,theft_vehicle_lorry,2017,15
7562,Pulau Pinang,Seberang Perai Utara,property,theft_vehicle_lorry,2018,15
7563,Pulau Pinang,Seberang Perai Utara,property,theft_vehicle_lorry,2019,15
7564,Pulau Pinang,Seberang Perai Utara,property,theft_vehicle_lorry,2020,5
7565,Pulau Pinang,Seberang Perai Utara,property,theft_vehicle_lorry,2021,4
7566,Pulau Pinang,Seberang Perai Utara,property,theft_vehicle_lorry,2022,4
7567,Pulau Pinang,Seberang Perai Utara,property,theft_vehicle_lorry,2023,6
7568,Pulau Pinang,Seberang Perai Utara,property,theft_vehicle_motorcar,2016,71
7569,Pulau Pinang,Seberang Perai Utara,property,theft_vehicle_motorcar,2017,81
7570,Pulau Pinang,Seberang Perai Utara,property,theft_vehicle_motorcar,2018,58
7571,Pulau Pinang,Seberang Perai Utara,property,theft_vehicle_motorcar,2019,47
7572,Pulau Pinang,Seberang Perai Utara,property,theft_vehicle_motorcar,2020,31
7573,Pulau Pinang,Seberang Perai Utara,property,theft_vehicle_motorcar,2021,18
7574,Pulau Pinang,Seberang Perai Utara,property,theft_vehicle_motorcar,2022,28
7575,Pulau Pinang,Seberang Perai Utara,property,theft_vehicle_motorcar,2023,35
7576,Pulau Pinang,Seberang Perai Utara,property,theft_vehicle_motorcycle,2016,497
7577,Pulau Pinang,Seberang Perai Utara,property,theft_vehicle_motorcycle,2017,544
7578,Pulau Pinang,Seberang Perai Utara,property,theft_vehicle_motorcycle,2018,488
7579,Pulau Pinang,Seberang Perai Utara,property,theft_vehicle_motorcycle,2019,411
7580,Pulau Pinang,Seberang Perai Utara,property,theft_vehicle_motorcycle,2020,246
7581,Pulau Pinang,Seberang Perai Utara,property,theft_vehicle_motorcycle,2021,144
7582,Pulau Pinang,Seberang Perai Utara,property,theft_vehicle_motorcycle,2022,158
7583,Pulau Pinang,Seberang Perai Utara,property,theft_vehicle_motorcycle,2023,160
7584,Pulau Pinang,Timur Laut,assault,causing_injury,2016,111
7585,Pulau Pinang,Timur Laut,assault,causing_injury,2017,104
7586,Pulau Pinang,Timur Laut,assault,causing_injury,2018,78
7587,Pulau Pinang,Timur Laut,assault,causing_injury,2019,131
7588,Pulau Pinang,Timur Laut,assault,causing_injury,2020,117
7589,Pulau Pinang,Timur Laut,assault,causing_injury,2021,141
7590,Pulau Pinang,Timur Laut,assault,causing_injury,2022,172
7591,Pulau Pinang,Timur Laut,assault,causing_injury,2023,155
7592,Pulau Pinang,Timur Laut,assault,murder,2016,10
7593,Pulau Pinang,Timur Laut,assault,murder,2017,6
7594,Pulau Pinang,Timur Laut,assault,murder,2018,6
7595,Pulau Pinang,Timur Laut,assault,murder,2019,6
7596,Pulau Pinang,Timur Laut,assault,murder,2020,3
7597,Pulau Pinang,Timur Laut,assault,murder,2021,4
7598,Pulau Pinang,Timur Laut,assault,murder,2022,4
7599,Pulau Pinang,Timur Laut,assault,murder,2023,1
7600,Pulau Pinang,Timur Laut,assault,rape,2016,10
7601,Pulau Pinang,Timur Laut,assault,rape,2017,13
7602,Pulau Pinang,Timur Laut,assault,rape,2018,15
7603,Pulau Pinang,Timur Laut,assault,rape,2019,20
7604,Pulau Pinang,Timur Laut,assault,rape,2020,24
7605,Pulau Pinang,Timur Laut,assault,rape,2021,16
7606,Pulau Pinang,Timur Laut,assault,rape,2022,33
7607,Pulau Pinang,Timur Laut,assault,rape,2023,32
7608,Pulau Pinang,Timur Laut,assault,robbery_gang_armed,2016,2
7609,Pulau Pinang,Timur Laut,assault,robbery_gang_armed,2017,0
7610,Pulau Pinang,Timur Laut,assault,robbery_gang_armed,2018,0
7611,Pulau Pinang,Timur Laut,assault,robbery_gang_armed,2019,2
7612,Pulau Pinang,Timur Laut,assault,robbery_gang_armed,2020,1
7613,Pulau Pinang,Timur Laut,assault,robbery_gang_armed,2021,0
7614,Pulau Pinang,Timur Laut,assault,robbery_gang_armed,2022,0
7615,Pulau Pinang,Timur Laut,assault,robbery_gang_armed,2023,0
7616,Pulau Pinang,Timur Laut,assault,robbery_gang_unarmed,2016,92
7617,Pulau Pinang,Timur Laut,assault,robbery_gang_unarmed,2017,140
7618,Pulau Pinang,Timur Laut,assault,robbery_gang_unarmed,2018,78
7619,Pulau Pinang,Timur Laut,assault,robbery_gang_unarmed,2019,85
7620,Pulau Pinang,Timur Laut,assault,robbery_gang_unarmed,2020,65
7621,Pulau Pinang,Timur Laut,assault,robbery_gang_unarmed,2021,84
7622,Pulau Pinang,Timur Laut,assault,robbery_gang_unarmed,2022,78
7623,Pulau Pinang,Timur Laut,assault,robbery_gang_unarmed,2023,66
7624,Pulau Pinang,Timur Laut,assault,robbery_solo_armed,2016,0
7625,Pulau Pinang,Timur Laut,assault,robbery_solo_armed,2017,0
7626,Pulau Pinang,Timur Laut,assault,robbery_solo_armed,2018,0
7627,Pulau Pinang,Timur Laut,assault,robbery_solo_armed,2019,0
7628,Pulau Pinang,Timur Laut,assault,robbery_solo_armed,2020,0
7629,Pulau Pinang,Timur Laut,assault,robbery_solo_armed,2021,0
7630,Pulau Pinang,Timur Laut,assault,robbery_solo_armed,2022,0
7631,Pulau Pinang,Timur Laut,assault,robbery_solo_armed,2023,0
7632,Pulau Pinang,Timur Laut,assault,robbery_solo_unarmed,2016,84
7633,Pulau Pinang,Timur Laut,assault,robbery_solo_unarmed,2017,107
7634,Pulau Pinang,Timur Laut,assault,robbery_solo_unarmed,2018,106
7635,Pulau Pinang,Timur Laut,assault,robbery_solo_unarmed,2019,67
7636,Pulau Pinang,Timur Laut,assault,robbery_solo_unarmed,2020,81
7637,Pulau Pinang,Timur Laut,assault,robbery_solo_unarmed,2021,77
7638,Pulau Pinang,Timur Laut,assault,robbery_solo_unarmed,2022,80
7639,Pulau Pinang,Timur Laut,assault,robbery_solo_unarmed,2023,84
7640,Pulau Pinang,Timur Laut,property,break_in,2016,210
7641,Pulau Pinang,Timur Laut,property,break_in,2017,194
7642,Pulau Pinang,Timur Laut,property,break_in,2018,193
7643,Pulau Pinang,Timur Laut,property,break_in,2019,203
7644,Pulau Pinang,Timur Laut,property,break_in,2020,194
7645,Pulau Pinang,Timur Laut,property,break_in,2021,189
7646,Pulau Pinang,Timur Laut,property,break_in,2022,121
7647,Pulau Pinang,Timur Laut,property,break_in,2023,187
7648,Pulau Pinang,Timur Laut,property,theft_other,2016,435
7649,Pulau Pinang,Timur Laut,property,theft_other,2017,271
7650,Pulau Pinang,Timur Laut,property,theft_other,2018,285
7651,Pulau Pinang,Timur Laut,property,theft_other,2019,311
7652,Pulau Pinang,Timur Laut,property,theft_other,2020,292
7653,Pulau Pinang,Timur Laut,property,theft_other,2021,430
7654,Pulau Pinang,Timur Laut,property,theft_other,2022,438
7655,Pulau Pinang,Timur Laut,property,theft_other,2023,489
7656,Pulau Pinang,Timur Laut,property,theft_vehicle_lorry,2016,12
7657,Pulau Pinang,Timur Laut,property,theft_vehicle_lorry,2017,17
7658,Pulau Pinang,Timur Laut,property,theft_vehicle_lorry,2018,25
7659,Pulau Pinang,Timur Laut,property,theft_vehicle_lorry,2019,20
7660,Pulau Pinang,Timur Laut,property,theft_vehicle_lorry,2020,8
7661,Pulau Pinang,Timur Laut,property,theft_vehicle_lorry,2021,4
7662,Pulau Pinang,Timur Laut,property,theft_vehicle_lorry,2022,8
7663,Pulau Pinang,Timur Laut,property,theft_vehicle_lorry,2023,11
7664,Pulau Pinang,Timur Laut,property,theft_vehicle_motorcar,2016,116
7665,Pulau Pinang,Timur Laut,property,theft_vehicle_motorcar,2017,67
7666,Pulau Pinang,Timur Laut,property,theft_vehicle_motorcar,2018,92
7667,Pulau Pinang,Timur Laut,property,theft_vehicle_motorcar,2019,73
7668,Pulau Pinang,Timur Laut,property,theft_vehicle_motorcar,2020,37
7669,Pulau Pinang,Timur Laut,property,theft_vehicle_motorcar,2021,30
7670,Pulau Pinang,Timur Laut,property,theft_vehicle_motorcar,2022,48
7671,Pulau Pinang,Timur Laut,property,theft_vehicle_motorcar,2023,37
7672,Pulau Pinang,Timur Laut,property,theft_vehicle_motorcycle,2016,627
7673,Pulau Pinang,Timur Laut,property,theft_vehicle_motorcycle,2017,629
7674,Pulau Pinang,Timur Laut,property,theft_vehicle_motorcycle,2018,485
7675,Pulau Pinang,Timur Laut,property,theft_vehicle_motorcycle,2019,438
7676,Pulau Pinang,Timur Laut,property,theft_vehicle_motorcycle,2020,381
7677,Pulau Pinang,Timur Laut,property,theft_vehicle_motorcycle,2021,227
7678,Pulau Pinang,Timur Laut,property,theft_vehicle_motorcycle,2022,198
7679,Pulau Pinang,Timur Laut,property,theft_vehicle_motorcycle,2023,179
7680,Sabah,Beaufort,assault,causing_injury,2016,2
7681,Sabah,Beaufort,assault,causing_injury,2017,5
7682,Sabah,Beaufort,assault,causing_injury,2018,2
7683,Sabah,Beaufort,assault,causing_injury,2019,11
7684,Sabah,Beaufort,assault,causing_injury,2020,1
7685,Sabah,Beaufort,assault,causing_injury,2021,9
7686,Sabah,Beaufort,assault,causing_injury,2022,2
7687,Sabah,Beaufort,assault,causing_injury,2023,3
7688,Sabah,Beaufort,assault,murder,2016,1
7689,Sabah,Beaufort,assault,murder,2017,0
7690,Sabah,Beaufort,assault,murder,2018,0
7691,Sabah,Beaufort,assault,murder,2019,0
7692,Sabah,Beaufort,assault,murder,2020,0
7693,Sabah,Beaufort,assault,murder,2021,0
7694,Sabah,Beaufort,assault,murder,2022,0
7695,Sabah,Beaufort,assault,murder,2023,1
7696,Sabah,Beaufort,assault,rape,2016,11
7697,Sabah,Beaufort,assault,rape,2017,14
7698,Sabah,Beaufort,assault,rape,2018,7
7699,Sabah,Beaufort,assault,rape,2019,6
7700,Sabah,Beaufort,assault,rape,2020,4
7701,Sabah,Beaufort,assault,rape,2021,7
7702,Sabah,Beaufort,assault,rape,2022,7
7703,Sabah,Beaufort,assault,rape,2023,3
7704,Sabah,Beaufort,assault,robbery_gang_armed,2016,0
7705,Sabah,Beaufort,assault,robbery_gang_armed,2017,0
7706,Sabah,Beaufort,assault,robbery_gang_armed,2018,0
7707,Sabah,Beaufort,assault,robbery_gang_armed,2019,0
7708,Sabah,Beaufort,assault,robbery_gang_armed,2020,0
7709,Sabah,Beaufort,assault,robbery_gang_armed,2021,0
7710,Sabah,Beaufort,assault,robbery_gang_armed,2022,0
7711,Sabah,Beaufort,assault,robbery_gang_armed,2023,0
7712,Sabah,Beaufort,assault,robbery_gang_unarmed,2016,2
7713,Sabah,Beaufort,assault,robbery_gang_unarmed,2017,1
7714,Sabah,Beaufort,assault,robbery_gang_unarmed,2018,1
7715,Sabah,Beaufort,assault,robbery_gang_unarmed,2019,1
7716,Sabah,Beaufort,assault,robbery_gang_unarmed,2020,1
7717,Sabah,Beaufort,assault,robbery_gang_unarmed,2021,0
7718,Sabah,Beaufort,assault,robbery_gang_unarmed,2022,0
7719,Sabah,Beaufort,assault,robbery_gang_unarmed,2023,1
7720,Sabah,Beaufort,assault,robbery_solo_armed,2016,0
7721,Sabah,Beaufort,assault,robbery_solo_armed,2017,0
7722,Sabah,Beaufort,assault,robbery_solo_armed,2018,0
7723,Sabah,Beaufort,assault,robbery_solo_armed,2019,0
7724,Sabah,Beaufort,assault,robbery_solo_armed,2020,0
7725,Sabah,Beaufort,assault,robbery_solo_armed,2021,0
7726,Sabah,Beaufort,assault,robbery_solo_armed,2022,0
7727,Sabah,Beaufort,assault,robbery_solo_armed,2023,0
7728,Sabah,Beaufort,assault,robbery_solo_unarmed,2016,0
7729,Sabah,Beaufort,assault,robbery_solo_unarmed,2017,2
7730,Sabah,Beaufort,assault,robbery_solo_unarmed,2018,2
7731,Sabah,Beaufort,assault,robbery_solo_unarmed,2019,1
7732,Sabah,Beaufort,assault,robbery_solo_unarmed,2020,0
7733,Sabah,Beaufort,assault,robbery_solo_unarmed,2021,0
7734,Sabah,Beaufort,assault,robbery_solo_unarmed,2022,0
7735,Sabah,Beaufort,assault,robbery_solo_unarmed,2023,0
7736,Sabah,Beaufort,property,break_in,2016,48
7737,Sabah,Beaufort,property,break_in,2017,51
7738,Sabah,Beaufort,property,break_in,2018,69
7739,Sabah,Beaufort,property,break_in,2019,71
7740,Sabah,Beaufort,property,break_in,2020,20
7741,Sabah,Beaufort,property,break_in,2021,14
7742,Sabah,Beaufort,property,break_in,2022,14
7743,Sabah,Beaufort,property,break_in,2023,27
7744,Sabah,Beaufort,property,theft_other,2016,42
7745,Sabah,Beaufort,property,theft_other,2017,59
7746,Sabah,Beaufort,property,theft_other,2018,92
7747,Sabah,Beaufort,property,theft_other,2019,49
7748,Sabah,Beaufort,property,theft_other,2020,31
7749,Sabah,Beaufort,property,theft_other,2021,18
7750,Sabah,Beaufort,property,theft_other,2022,20
7751,Sabah,Beaufort,property,theft_other,2023,22
7752,Sabah,Beaufort,property,theft_vehicle_lorry,2016,3
7753,Sabah,Beaufort,property,theft_vehicle_lorry,2017,1
7754,Sabah,Beaufort,property,theft_vehicle_lorry,2018,0
7755,Sabah,Beaufort,property,theft_vehicle_lorry,2019,0
7756,Sabah,Beaufort,property,theft_vehicle_lorry,2020,1
7757,Sabah,Beaufort,property,theft_vehicle_lorry,2021,1
7758,Sabah,Beaufort,property,theft_vehicle_lorry,2022,0
7759,Sabah,Beaufort,property,theft_vehicle_lorry,2023,0
7760,Sabah,Beaufort,property,theft_vehicle_motorcar,2016,4
7761,Sabah,Beaufort,property,theft_vehicle_motorcar,2017,5
7762,Sabah,Beaufort,property,theft_vehicle_motorcar,2018,1
7763,Sabah,Beaufort,property,theft_vehicle_motorcar,2019,1
7764,Sabah,Beaufort,property,theft_vehicle_motorcar,2020,3
7765,Sabah,Beaufort,property,theft_vehicle_motorcar,2021,2
7766,Sabah,Beaufort,property,theft_vehicle_motorcar,2022,3
7767,Sabah,Beaufort,property,theft_vehicle_motorcar,2023,0
7768,Sabah,Beaufort,property,theft_vehicle_motorcycle,2016,22
7769,Sabah,Beaufort,property,theft_vehicle_motorcycle,2017,20
7770,Sabah,Beaufort,property,theft_vehicle_motorcycle,2018,14
7771,Sabah,Beaufort,property,theft_vehicle_motorcycle,2019,16
7772,Sabah,Beaufort,property,theft_vehicle_motorcycle,2020,19
7773,Sabah,Beaufort,property,theft_vehicle_motorcycle,2021,7
7774,Sabah,Beaufort,property,theft_vehicle_motorcycle,2022,6
7775,Sabah,Beaufort,property,theft_vehicle_motorcycle,2023,3
7776,Sabah,Beluran,assault,causing_injury,2016,5
7777,Sabah,Beluran,assault,causing_injury,2017,3
7778,Sabah,Beluran,assault,causing_injury,2018,5
7779,Sabah,Beluran,assault,causing_injury,2019,5
7780,Sabah,Beluran,assault,causing_injury,2020,5
7781,Sabah,Beluran,assault,causing_injury,2021,3
7782,Sabah,Beluran,assault,causing_injury,2022,6
7783,Sabah,Beluran,assault,causing_injury,2023,9
7784,Sabah,Beluran,assault,murder,2016,5
7785,Sabah,Beluran,assault,murder,2017,2
7786,Sabah,Beluran,assault,murder,2018,2
7787,Sabah,Beluran,assault,murder,2019,1
7788,Sabah,Beluran,assault,murder,2020,3
7789,Sabah,Beluran,assault,murder,2021,2
7790,Sabah,Beluran,assault,murder,2022,2
7791,Sabah,Beluran,assault,murder,2023,2
7792,Sabah,Beluran,assault,rape,2016,4
7793,Sabah,Beluran,assault,rape,2017,12
7794,Sabah,Beluran,assault,rape,2018,6
7795,Sabah,Beluran,assault,rape,2019,11
7796,Sabah,Beluran,assault,rape,2020,8
7797,Sabah,Beluran,assault,rape,2021,6
7798,Sabah,Beluran,assault,rape,2022,16
7799,Sabah,Beluran,assault,rape,2023,8
7800,Sabah,Beluran,assault,robbery_gang_armed,2016,0
7801,Sabah,Beluran,assault,robbery_gang_armed,2017,0
7802,Sabah,Beluran,assault,robbery_gang_armed,2018,0
7803,Sabah,Beluran,assault,robbery_gang_armed,2019,1
7804,Sabah,Beluran,assault,robbery_gang_armed,2020,0
7805,Sabah,Beluran,assault,robbery_gang_armed,2021,0
7806,Sabah,Beluran,assault,robbery_gang_armed,2022,0
7807,Sabah,Beluran,assault,robbery_gang_armed,2023,0
7808,Sabah,Beluran,assault,robbery_gang_unarmed,2016,1
7809,Sabah,Beluran,assault,robbery_gang_unarmed,2017,3
7810,Sabah,Beluran,assault,robbery_gang_unarmed,2018,0
7811,Sabah,Beluran,assault,robbery_gang_unarmed,2019,2
7812,Sabah,Beluran,assault,robbery_gang_unarmed,2020,0
7813,Sabah,Beluran,assault,robbery_gang_unarmed,2021,2
7814,Sabah,Beluran,assault,robbery_gang_unarmed,2022,0
7815,Sabah,Beluran,assault,robbery_gang_unarmed,2023,0
7816,Sabah,Beluran,assault,robbery_solo_armed,2016,0
7817,Sabah,Beluran,assault,robbery_solo_armed,2017,0
7818,Sabah,Beluran,assault,robbery_solo_armed,2018,0
7819,Sabah,Beluran,assault,robbery_solo_armed,2019,0
7820,Sabah,Beluran,assault,robbery_solo_armed,2020,0
7821,Sabah,Beluran,assault,robbery_solo_armed,2021,0
7822,Sabah,Beluran,assault,robbery_solo_armed,2022,0
7823,Sabah,Beluran,assault,robbery_solo_armed,2023,0
7824,Sabah,Beluran,assault,robbery_solo_unarmed,2016,1
7825,Sabah,Beluran,assault,robbery_solo_unarmed,2017,1
7826,Sabah,Beluran,assault,robbery_solo_unarmed,2018,1
7827,Sabah,Beluran,assault,robbery_solo_unarmed,2019,0
7828,Sabah,Beluran,assault,robbery_solo_unarmed,2020,0
7829,Sabah,Beluran,assault,robbery_solo_unarmed,2021,0
7830,Sabah,Beluran,assault,robbery_solo_unarmed,2022,0
7831,Sabah,Beluran,assault,robbery_solo_unarmed,2023,0
7832,Sabah,Beluran,property,break_in,2016,19
7833,Sabah,Beluran,property,break_in,2017,21
7834,Sabah,Beluran,property,break_in,2018,21
7835,Sabah,Beluran,property,break_in,2019,22
7836,Sabah,Beluran,property,break_in,2020,15
7837,Sabah,Beluran,property,break_in,2021,24
7838,Sabah,Beluran,property,break_in,2022,18
7839,Sabah,Beluran,property,break_in,2023,43
7840,Sabah,Beluran,property,theft_other,2016,7
7841,Sabah,Beluran,property,theft_other,2017,15
7842,Sabah,Beluran,property,theft_other,2018,23
7843,Sabah,Beluran,property,theft_other,2019,13
7844,Sabah,Beluran,property,theft_other,2020,13
7845,Sabah,Beluran,property,theft_other,2021,13
7846,Sabah,Beluran,property,theft_other,2022,12
7847,Sabah,Beluran,property,theft_other,2023,19
7848,Sabah,Beluran,property,theft_vehicle_lorry,2016,0
7849,Sabah,Beluran,property,theft_vehicle_lorry,2017,1
7850,Sabah,Beluran,property,theft_vehicle_lorry,2018,3
7851,Sabah,Beluran,property,theft_vehicle_lorry,2019,0
7852,Sabah,Beluran,property,theft_vehicle_lorry,2020,0
7853,Sabah,Beluran,property,theft_vehicle_lorry,2021,0
7854,Sabah,Beluran,property,theft_vehicle_lorry,2022,1
7855,Sabah,Beluran,property,theft_vehicle_lorry,2023,0
7856,Sabah,Beluran,property,theft_vehicle_motorcar,2016,0
7857,Sabah,Beluran,property,theft_vehicle_motorcar,2017,0
7858,Sabah,Beluran,property,theft_vehicle_motorcar,2018,2
7859,Sabah,Beluran,property,theft_vehicle_motorcar,2019,0
7860,Sabah,Beluran,property,theft_vehicle_motorcar,2020,0
7861,Sabah,Beluran,property,theft_vehicle_motorcar,2021,0
7862,Sabah,Beluran,property,theft_vehicle_motorcar,2022,3
7863,Sabah,Beluran,property,theft_vehicle_motorcar,2023,0
7864,Sabah,Beluran,property,theft_vehicle_motorcycle,2016,16
7865,Sabah,Beluran,property,theft_vehicle_motorcycle,2017,19
7866,Sabah,Beluran,property,theft_vehicle_motorcycle,2018,12
7867,Sabah,Beluran,property,theft_vehicle_motorcycle,2019,12
7868,Sabah,Beluran,property,theft_vehicle_motorcycle,2020,6
7869,Sabah,Beluran,property,theft_vehicle_motorcycle,2021,3
7870,Sabah,Beluran,property,theft_vehicle_motorcycle,2022,9
7871,Sabah,Beluran,property,theft_vehicle_motorcycle,2023,3
7872,Sabah,Keningau,assault,causing_injury,2016,14
7873,Sabah,Keningau,assault,causing_injury,2017,16
7874,Sabah,Keningau,assault,causing_injury,2018,15
7875,Sabah,Keningau,assault,causing_injury,2019,18
7876,Sabah,Keningau,assault,causing_injury,2020,7
7877,Sabah,Keningau,assault,causing_injury,2021,3
7878,Sabah,Keningau,assault,causing_injury,2022,6
7879,Sabah,Keningau,assault,causing_injury,2023,6
7880,Sabah,Keningau,assault,murder,2016,6
7881,Sabah,Keningau,assault,murder,2017,2
7882,Sabah,Keningau,assault,murder,2018,2
7883,Sabah,Keningau,assault,murder,2019,3
7884,Sabah,Keningau,assault,murder,2020,3
7885,Sabah,Keningau,assault,murder,2021,1
7886,Sabah,Keningau,assault,murder,2022,1
7887,Sabah,Keningau,assault,murder,2023,4
7888,Sabah,Keningau,assault,rape,2016,32
7889,Sabah,Keningau,assault,rape,2017,11
7890,Sabah,Keningau,assault,rape,2018,15
7891,Sabah,Keningau,assault,rape,2019,15
7892,Sabah,Keningau,assault,rape,2020,6
7893,Sabah,Keningau,assault,rape,2021,8
7894,Sabah,Keningau,assault,rape,2022,14
7895,Sabah,Keningau,assault,rape,2023,20
7896,Sabah,Keningau,assault,robbery_gang_armed,2016,0
7897,Sabah,Keningau,assault,robbery_gang_armed,2017,0
7898,Sabah,Keningau,assault,robbery_gang_armed,2018,0
7899,Sabah,Keningau,assault,robbery_gang_armed,2019,0
7900,Sabah,Keningau,assault,robbery_gang_armed,2020,0
7901,Sabah,Keningau,assault,robbery_gang_armed,2021,0
7902,Sabah,Keningau,assault,robbery_gang_armed,2022,0
7903,Sabah,Keningau,assault,robbery_gang_armed,2023,0
7904,Sabah,Keningau,assault,robbery_gang_unarmed,2016,5
7905,Sabah,Keningau,assault,robbery_gang_unarmed,2017,7
7906,Sabah,Keningau,assault,robbery_gang_unarmed,2018,3
7907,Sabah,Keningau,assault,robbery_gang_unarmed,2019,3
7908,Sabah,Keningau,assault,robbery_gang_unarmed,2020,5
7909,Sabah,Keningau,assault,robbery_gang_unarmed,2021,1
7910,Sabah,Keningau,assault,robbery_gang_unarmed,2022,1
7911,Sabah,Keningau,assault,robbery_gang_unarmed,2023,4
7912,Sabah,Keningau,assault,robbery_solo_armed,2016,0
7913,Sabah,Keningau,assault,robbery_solo_armed,2017,0
7914,Sabah,Keningau,assault,robbery_solo_armed,2018,0
7915,Sabah,Keningau,assault,robbery_solo_armed,2019,0
7916,Sabah,Keningau,assault,robbery_solo_armed,2020,0
7917,Sabah,Keningau,assault,robbery_solo_armed,2021,0
7918,Sabah,Keningau,assault,robbery_solo_armed,2022,0
7919,Sabah,Keningau,assault,robbery_solo_armed,2023,0
7920,Sabah,Keningau,assault,robbery_solo_unarmed,2016,1
7921,Sabah,Keningau,assault,robbery_solo_unarmed,2017,3
7922,Sabah,Keningau,assault,robbery_solo_unarmed,2018,3
7923,Sabah,Keningau,assault,robbery_solo_unarmed,2019,4
7924,Sabah,Keningau,assault,robbery_solo_unarmed,2020,0
7925,Sabah,Keningau,assault,robbery_solo_unarmed,2021,2
7926,Sabah,Keningau,assault,robbery_solo_unarmed,2022,0
7927,Sabah,Keningau,assault,robbery_solo_unarmed,2023,1
7928,Sabah,Keningau,property,break_in,2016,46
7929,Sabah,Keningau,property,break_in,2017,47
7930,Sabah,Keningau,property,break_in,2018,41
7931,Sabah,Keningau,property,break_in,2019,50
7932,Sabah,Keningau,property,break_in,2020,62
7933,Sabah,Keningau,property,break_in,2021,42
7934,Sabah,Keningau,property,break_in,2022,39
7935,Sabah,Keningau,property,break_in,2023,23
7936,Sabah,Keningau,property,theft_other,2016,69
7937,Sabah,Keningau,property,theft_other,2017,71
7938,Sabah,Keningau,property,theft_other,2018,71
7939,Sabah,Keningau,property,theft_other,2019,74
7940,Sabah,Keningau,property,theft_other,2020,38
7941,Sabah,Keningau,property,theft_other,2021,34
7942,Sabah,Keningau,property,theft_other,2022,21
7943,Sabah,Keningau,property,theft_other,2023,46
7944,Sabah,Keningau,property,theft_vehicle_lorry,2016,16
7945,Sabah,Keningau,property,theft_vehicle_lorry,2017,6
7946,Sabah,Keningau,property,theft_vehicle_lorry,2018,9
7947,Sabah,Keningau,property,theft_vehicle_lorry,2019,7
7948,Sabah,Keningau,property,theft_vehicle_lorry,2020,2
7949,Sabah,Keningau,property,theft_vehicle_lorry,2021,2
7950,Sabah,Keningau,property,theft_vehicle_lorry,2022,5
7951,Sabah,Keningau,property,theft_vehicle_lorry,2023,2
7952,Sabah,Keningau,property,theft_vehicle_motorcar,2016,8
7953,Sabah,Keningau,property,theft_vehicle_motorcar,2017,8
7954,Sabah,Keningau,property,theft_vehicle_motorcar,2018,6
7955,Sabah,Keningau,property,theft_vehicle_motorcar,2019,2
7956,Sabah,Keningau,property,theft_vehicle_motorcar,2020,4
7957,Sabah,Keningau,property,theft_vehicle_motorcar,2021,1
7958,Sabah,Keningau,property,theft_vehicle_motorcar,2022,3
7959,Sabah,Keningau,property,theft_vehicle_motorcar,2023,5
7960,Sabah,Keningau,property,theft_vehicle_motorcycle,2016,30
7961,Sabah,Keningau,property,theft_vehicle_motorcycle,2017,29
7962,Sabah,Keningau,property,theft_vehicle_motorcycle,2018,21
7963,Sabah,Keningau,property,theft_vehicle_motorcycle,2019,10
7964,Sabah,Keningau,property,theft_vehicle_motorcycle,2020,12
7965,Sabah,Keningau,property,theft_vehicle_motorcycle,2021,11
7966,Sabah,Keningau,property,theft_vehicle_motorcycle,2022,7
7967,Sabah,Keningau,property,theft_vehicle_motorcycle,2023,34
7968,Sabah,Kota Belud,assault,causing_injury,2016,9
7969,Sabah,Kota Belud,assault,causing_injury,2017,14
7970,Sabah,Kota Belud,assault,causing_injury,2018,13
7971,Sabah,Kota Belud,assault,causing_injury,2019,9
7972,Sabah,Kota Belud,assault,causing_injury,2020,9
7973,Sabah,Kota Belud,assault,causing_injury,2021,1
7974,Sabah,Kota Belud,assault,causing_injury,2022,2
7975,Sabah,Kota Belud,assault,causing_injury,2023,3
7976,Sabah,Kota Belud,assault,murder,2016,0
7977,Sabah,Kota Belud,assault,murder,2017,2
7978,Sabah,Kota Belud,assault,murder,2018,1
7979,Sabah,Kota Belud,assault,murder,2019,0
7980,Sabah,Kota Belud,assault,murder,2020,1
7981,Sabah,Kota Belud,assault,murder,2021,0
7982,Sabah,Kota Belud,assault,murder,2022,0
7983,Sabah,Kota Belud,assault,murder,2023,0
7984,Sabah,Kota Belud,assault,rape,2016,9
7985,Sabah,Kota Belud,assault,rape,2017,11
7986,Sabah,Kota Belud,assault,rape,2018,5
7987,Sabah,Kota Belud,assault,rape,2019,11
7988,Sabah,Kota Belud,assault,rape,2020,7
7989,Sabah,Kota Belud,assault,rape,2021,6
7990,Sabah,Kota Belud,assault,rape,2022,6
7991,Sabah,Kota Belud,assault,rape,2023,12
7992,Sabah,Kota Belud,assault,robbery_gang_armed,2016,0
7993,Sabah,Kota Belud,assault,robbery_gang_armed,2017,0
7994,Sabah,Kota Belud,assault,robbery_gang_armed,2018,0
7995,Sabah,Kota Belud,assault,robbery_gang_armed,2019,0
7996,Sabah,Kota Belud,assault,robbery_gang_armed,2020,0
7997,Sabah,Kota Belud,assault,robbery_gang_armed,2021,0
7998,Sabah,Kota Belud,assault,robbery_gang_armed,2022,0
7999,Sabah,Kota Belud,assault,robbery_gang_armed,2023,0
8000,Sabah,Kota Belud,assault,robbery_gang_unarmed,2016,3
8001,Sabah,Kota Belud,assault,robbery_gang_unarmed,2017,6
8002,Sabah,Kota Belud,assault,robbery_gang_unarmed,2018,1
8003,Sabah,Kota Belud,assault,robbery_gang_unarmed,2019,2
8004,Sabah,Kota Belud,assault,robbery_gang_unarmed,2020,1
8005,Sabah,Kota Belud,assault,robbery_gang_unarmed,2021,2
8006,Sabah,Kota Belud,assault,robbery_gang_unarmed,2022,0
8007,Sabah,Kota Belud,assault,robbery_gang_unarmed,2023,0
8008,Sabah,Kota Belud,assault,robbery_solo_armed,2016,0
8009,Sabah,Kota Belud,assault,robbery_solo_armed,2017,0
8010,Sabah,Kota Belud,assault,robbery_solo_armed,2018,0
8011,Sabah,Kota Belud,assault,robbery_solo_armed,2019,0
8012,Sabah,Kota Belud,assault,robbery_solo_armed,2020,0
8013,Sabah,Kota Belud,assault,robbery_solo_armed,2021,0
8014,Sabah,Kota Belud,assault,robbery_solo_armed,2022,0
8015,Sabah,Kota Belud,assault,robbery_solo_armed,2023,0
8016,Sabah,Kota Belud,assault,robbery_solo_unarmed,2016,1
8017,Sabah,Kota Belud,assault,robbery_solo_unarmed,2017,0
8018,Sabah,Kota Belud,assault,robbery_solo_unarmed,2018,0
8019,Sabah,Kota Belud,assault,robbery_solo_unarmed,2019,0
8020,Sabah,Kota Belud,assault,robbery_solo_unarmed,2020,1
8021,Sabah,Kota Belud,assault,robbery_solo_unarmed,2021,0
8022,Sabah,Kota Belud,assault,robbery_solo_unarmed,2022,1
8023,Sabah,Kota Belud,assault,robbery_solo_unarmed,2023,0
8024,Sabah,Kota Belud,property,break_in,2016,42
8025,Sabah,Kota Belud,property,break_in,2017,49
8026,Sabah,Kota Belud,property,break_in,2018,40
8027,Sabah,Kota Belud,property,break_in,2019,33
8028,Sabah,Kota Belud,property,break_in,2020,18
8029,Sabah,Kota Belud,property,break_in,2021,30
8030,Sabah,Kota Belud,property,break_in,2022,13
8031,Sabah,Kota Belud,property,break_in,2023,10
8032,Sabah,Kota Belud,property,theft_other,2016,75
8033,Sabah,Kota Belud,property,theft_other,2017,120
8034,Sabah,Kota Belud,property,theft_other,2018,110
8035,Sabah,Kota Belud,property,theft_other,2019,82
8036,Sabah,Kota Belud,property,theft_other,2020,47
8037,Sabah,Kota Belud,property,theft_other,2021,54
8038,Sabah,Kota Belud,property,theft_other,2022,12
8039,Sabah,Kota Belud,property,theft_other,2023,4
8040,Sabah,Kota Belud,property,theft_vehicle_lorry,2016,0
8041,Sabah,Kota Belud,property,theft_vehicle_lorry,2017,0
8042,Sabah,Kota Belud,property,theft_vehicle_lorry,2018,0
8043,Sabah,Kota Belud,property,theft_vehicle_lorry,2019,0
8044,Sabah,Kota Belud,property,theft_vehicle_lorry,2020,0
8045,Sabah,Kota Belud,property,theft_vehicle_lorry,2021,0
8046,Sabah,Kota Belud,property,theft_vehicle_lorry,2022,0
8047,Sabah,Kota Belud,property,theft_vehicle_lorry,2023,0
8048,Sabah,Kota Belud,property,theft_vehicle_motorcar,2016,1
8049,Sabah,Kota Belud,property,theft_vehicle_motorcar,2017,1
8050,Sabah,Kota Belud,property,theft_vehicle_motorcar,2018,1
8051,Sabah,Kota Belud,property,theft_vehicle_motorcar,2019,0
8052,Sabah,Kota Belud,property,theft_vehicle_motorcar,2020,0
8053,Sabah,Kota Belud,property,theft_vehicle_motorcar,2021,1
8054,Sabah,Kota Belud,property,theft_vehicle_motorcar,2022,0
8055,Sabah,Kota Belud,property,theft_vehicle_motorcar,2023,0
8056,Sabah,Kota Belud,property,theft_vehicle_motorcycle,2016,14
8057,Sabah,Kota Belud,property,theft_vehicle_motorcycle,2017,14
8058,Sabah,Kota Belud,property,theft_vehicle_motorcycle,2018,10
8059,Sabah,Kota Belud,property,theft_vehicle_motorcycle,2019,6
8060,Sabah,Kota Belud,property,theft_vehicle_motorcycle,2020,5
8061,Sabah,Kota Belud,property,theft_vehicle_motorcycle,2021,10
8062,Sabah,Kota Belud,property,theft_vehicle_motorcycle,2022,8
8063,Sabah,Kota Belud,property,theft_vehicle_motorcycle,2023,6
8064,Sabah,Kota Kinabalu,assault,causing_injury,2016,30
8065,Sabah,Kota Kinabalu,assault,causing_injury,2017,34
8066,Sabah,Kota Kinabalu,assault,causing_injury,2018,31
8067,Sabah,Kota Kinabalu,assault,causing_injury,2019,35
8068,Sabah,Kota Kinabalu,assault,causing_injury,2020,41
8069,Sabah,Kota Kinabalu,assault,causing_injury,2021,39
8070,Sabah,Kota Kinabalu,assault,causing_injury,2022,40
8071,Sabah,Kota Kinabalu,assault,causing_injury,2023,33
8072,Sabah,Kota Kinabalu,assault,murder,2016,6
8073,Sabah,Kota Kinabalu,assault,murder,2017,3
8074,Sabah,Kota Kinabalu,assault,murder,2018,6
8075,Sabah,Kota Kinabalu,assault,murder,2019,5
8076,Sabah,Kota Kinabalu,assault,murder,2020,4
8077,Sabah,Kota Kinabalu,assault,murder,2021,1
8078,Sabah,Kota Kinabalu,assault,murder,2022,6
8079,Sabah,Kota Kinabalu,assault,murder,2023,5
8080,Sabah,Kota Kinabalu,assault,rape,2016,29
8081,Sabah,Kota Kinabalu,assault,rape,2017,32
8082,Sabah,Kota Kinabalu,assault,rape,2018,20
8083,Sabah,Kota Kinabalu,assault,rape,2019,33
8084,Sabah,Kota Kinabalu,assault,rape,2020,22
8085,Sabah,Kota Kinabalu,assault,rape,2021,15
8086,Sabah,Kota Kinabalu,assault,rape,2022,31
8087,Sabah,Kota Kinabalu,assault,rape,2023,13
8088,Sabah,Kota Kinabalu,assault,robbery_gang_armed,2016,0
8089,Sabah,Kota Kinabalu,assault,robbery_gang_armed,2017,0
8090,Sabah,Kota Kinabalu,assault,robbery_gang_armed,2018,0
8091,Sabah,Kota Kinabalu,assault,robbery_gang_armed,2019,0
8092,Sabah,Kota Kinabalu,assault,robbery_gang_armed,2020,0
8093,Sabah,Kota Kinabalu,assault,robbery_gang_armed,2021,0
8094,Sabah,Kota Kinabalu,assault,robbery_gang_armed,2022,1
8095,Sabah,Kota Kinabalu,assault,robbery_gang_armed,2023,0
8096,Sabah,Kota Kinabalu,assault,robbery_gang_unarmed,2016,28
8097,Sabah,Kota Kinabalu,assault,robbery_gang_unarmed,2017,45
8098,Sabah,Kota Kinabalu,assault,robbery_gang_unarmed,2018,18
8099,Sabah,Kota Kinabalu,assault,robbery_gang_unarmed,2019,24
8100,Sabah,Kota Kinabalu,assault,robbery_gang_unarmed,2020,24
8101,Sabah,Kota Kinabalu,assault,robbery_gang_unarmed,2021,18
8102,Sabah,Kota Kinabalu,assault,robbery_gang_unarmed,2022,22
8103,Sabah,Kota Kinabalu,assault,robbery_gang_unarmed,2023,10
8104,Sabah,Kota Kinabalu,assault,robbery_solo_armed,2016,0
8105,Sabah,Kota Kinabalu,assault,robbery_solo_armed,2017,0
8106,Sabah,Kota Kinabalu,assault,robbery_solo_armed,2018,0
8107,Sabah,Kota Kinabalu,assault,robbery_solo_armed,2019,0
8108,Sabah,Kota Kinabalu,assault,robbery_solo_armed,2020,0
8109,Sabah,Kota Kinabalu,assault,robbery_solo_armed,2021,0
8110,Sabah,Kota Kinabalu,assault,robbery_solo_armed,2022,0
8111,Sabah,Kota Kinabalu,assault,robbery_solo_armed,2023,1
8112,Sabah,Kota Kinabalu,assault,robbery_solo_unarmed,2016,14
8113,Sabah,Kota Kinabalu,assault,robbery_solo_unarmed,2017,37
8114,Sabah,Kota Kinabalu,assault,robbery_solo_unarmed,2018,23
8115,Sabah,Kota Kinabalu,assault,robbery_solo_unarmed,2019,15
8116,Sabah,Kota Kinabalu,assault,robbery_solo_unarmed,2020,20
8117,Sabah,Kota Kinabalu,assault,robbery_solo_unarmed,2021,15
8118,Sabah,Kota Kinabalu,assault,robbery_solo_unarmed,2022,25
8119,Sabah,Kota Kinabalu,assault,robbery_solo_unarmed,2023,19
8120,Sabah,Kota Kinabalu,property,break_in,2016,363
8121,Sabah,Kota Kinabalu,property,break_in,2017,448
8122,Sabah,Kota Kinabalu,property,break_in,2018,331
8123,Sabah,Kota Kinabalu,property,break_in,2019,357
8124,Sabah,Kota Kinabalu,property,break_in,2020,317
8125,Sabah,Kota Kinabalu,property,break_in,2021,315
8126,Sabah,Kota Kinabalu,property,break_in,2022,420
8127,Sabah,Kota Kinabalu,property,break_in,2023,357
8128,Sabah,Kota Kinabalu,property,theft_other,2016,549
8129,Sabah,Kota Kinabalu,property,theft_other,2017,639
8130,Sabah,Kota Kinabalu,property,theft_other,2018,773
8131,Sabah,Kota Kinabalu,property,theft_other,2019,528
8132,Sabah,Kota Kinabalu,property,theft_other,2020,444
8133,Sabah,Kota Kinabalu,property,theft_other,2021,472
8134,Sabah,Kota Kinabalu,property,theft_other,2022,585
8135,Sabah,Kota Kinabalu,property,theft_other,2023,366
8136,Sabah,Kota Kinabalu,property,theft_vehicle_lorry,2016,53
8137,Sabah,Kota Kinabalu,property,theft_vehicle_lorry,2017,46
8138,Sabah,Kota Kinabalu,property,theft_vehicle_lorry,2018,34
8139,Sabah,Kota Kinabalu,property,theft_vehicle_lorry,2019,40
8140,Sabah,Kota Kinabalu,property,theft_vehicle_lorry,2020,14
8141,Sabah,Kota Kinabalu,property,theft_vehicle_lorry,2021,4
8142,Sabah,Kota Kinabalu,property,theft_vehicle_lorry,2022,15
8143,Sabah,Kota Kinabalu,property,theft_vehicle_lorry,2023,18
8144,Sabah,Kota Kinabalu,property,theft_vehicle_motorcar,2016,77
8145,Sabah,Kota Kinabalu,property,theft_vehicle_motorcar,2017,76
8146,Sabah,Kota Kinabalu,property,theft_vehicle_motorcar,2018,51
8147,Sabah,Kota Kinabalu,property,theft_vehicle_motorcar,2019,62
8148,Sabah,Kota Kinabalu,property,theft_vehicle_motorcar,2020,27
8149,Sabah,Kota Kinabalu,property,theft_vehicle_motorcar,2021,16
8150,Sabah,Kota Kinabalu,property,theft_vehicle_motorcar,2022,39
8151,Sabah,Kota Kinabalu,property,theft_vehicle_motorcar,2023,51
8152,Sabah,Kota Kinabalu,property,theft_vehicle_motorcycle,2016,203
8153,Sabah,Kota Kinabalu,property,theft_vehicle_motorcycle,2017,178
8154,Sabah,Kota Kinabalu,property,theft_vehicle_motorcycle,2018,144
8155,Sabah,Kota Kinabalu,property,theft_vehicle_motorcycle,2019,135
8156,Sabah,Kota Kinabalu,property,theft_vehicle_motorcycle,2020,91
8157,Sabah,Kota Kinabalu,property,theft_vehicle_motorcycle,2021,54
8158,Sabah,Kota Kinabalu,property,theft_vehicle_motorcycle,2022,106
8159,Sabah,Kota Kinabalu,property,theft_vehicle_motorcycle,2023,123
8160,Sabah,Kota Kinabatangan,assault,causing_injury,2016,4
8161,Sabah,Kota Kinabatangan,assault,causing_injury,2017,2
8162,Sabah,Kota Kinabatangan,assault,causing_injury,2018,5
8163,Sabah,Kota Kinabatangan,assault,causing_injury,2019,6
8164,Sabah,Kota Kinabatangan,assault,causing_injury,2020,7
8165,Sabah,Kota Kinabatangan,assault,causing_injury,2021,4
8166,Sabah,Kota Kinabatangan,assault,causing_injury,2022,9
8167,Sabah,Kota Kinabatangan,assault,causing_injury,2023,5
8168,Sabah,Kota Kinabatangan,assault,murder,2016,8
8169,Sabah,Kota Kinabatangan,assault,murder,2017,2
8170,Sabah,Kota Kinabatangan,assault,murder,2018,5
8171,Sabah,Kota Kinabatangan,assault,murder,2019,2
8172,Sabah,Kota Kinabatangan,assault,murder,2020,2
8173,Sabah,Kota Kinabatangan,assault,murder,2021,1
8174,Sabah,Kota Kinabatangan,assault,murder,2022,2
8175,Sabah,Kota Kinabatangan,assault,murder,2023,1
8176,Sabah,Kota Kinabatangan,assault,rape,2016,4
8177,Sabah,Kota Kinabatangan,assault,rape,2017,9
8178,Sabah,Kota Kinabatangan,assault,rape,2018,4
8179,Sabah,Kota Kinabatangan,assault,rape,2019,1
8180,Sabah,Kota Kinabatangan,assault,rape,2020,5
8181,Sabah,Kota Kinabatangan,assault,rape,2021,4
8182,Sabah,Kota Kinabatangan,assault,rape,2022,5
8183,Sabah,Kota Kinabatangan,assault,rape,2023,6
8184,Sabah,Kota Kinabatangan,assault,robbery_gang_armed,2016,0
8185,Sabah,Kota Kinabatangan,assault,robbery_gang_armed,2017,0
8186,Sabah,Kota Kinabatangan,assault,robbery_gang_armed,2018,0
8187,Sabah,Kota Kinabatangan,assault,robbery_gang_armed,2019,0
8188,Sabah,Kota Kinabatangan,assault,robbery_gang_armed,2020,0
8189,Sabah,Kota Kinabatangan,assault,robbery_gang_armed,2021,0
8190,Sabah,Kota Kinabatangan,assault,robbery_gang_armed,2022,0
8191,Sabah,Kota Kinabatangan,assault,robbery_gang_armed,2023,1
8192,Sabah,Kota Kinabatangan,assault,robbery_gang_unarmed,2016,2
8193,Sabah,Kota Kinabatangan,assault,robbery_gang_unarmed,2017,0
8194,Sabah,Kota Kinabatangan,assault,robbery_gang_unarmed,2018,2
8195,Sabah,Kota Kinabatangan,assault,robbery_gang_unarmed,2019,3
8196,Sabah,Kota Kinabatangan,assault,robbery_gang_unarmed,2020,0
8197,Sabah,Kota Kinabatangan,assault,robbery_gang_unarmed,2021,0
8198,Sabah,Kota Kinabatangan,assault,robbery_gang_unarmed,2022,0
8199,Sabah,Kota Kinabatangan,assault,robbery_gang_unarmed,2023,1
8200,Sabah,Kota Kinabatangan,assault,robbery_solo_armed,2016,0
8201,Sabah,Kota Kinabatangan,assault,robbery_solo_armed,2017,0
8202,Sabah,Kota Kinabatangan,assault,robbery_solo_armed,2018,0
8203,Sabah,Kota Kinabatangan,assault,robbery_solo_armed,2019,0
8204,Sabah,Kota Kinabatangan,assault,robbery_solo_armed,2020,0
8205,Sabah,Kota Kinabatangan,assault,robbery_solo_armed,2021,0
8206,Sabah,Kota Kinabatangan,assault,robbery_solo_armed,2022,0
8207,Sabah,Kota Kinabatangan,assault,robbery_solo_armed,2023,0
8208,Sabah,Kota Kinabatangan,assault,robbery_solo_unarmed,2016,0
8209,Sabah,Kota Kinabatangan,assault,robbery_solo_unarmed,2017,1
8210,Sabah,Kota Kinabatangan,assault,robbery_solo_unarmed,2018,0
8211,Sabah,Kota Kinabatangan,assault,robbery_solo_unarmed,2019,0
8212,Sabah,Kota Kinabatangan,assault,robbery_solo_unarmed,2020,1
8213,Sabah,Kota Kinabatangan,assault,robbery_solo_unarmed,2021,0
8214,Sabah,Kota Kinabatangan,assault,robbery_solo_unarmed,2022,2
8215,Sabah,Kota Kinabatangan,assault,robbery_solo_unarmed,2023,0
8216,Sabah,Kota Kinabatangan,property,break_in,2016,4
8217,Sabah,Kota Kinabatangan,property,break_in,2017,11
8218,Sabah,Kota Kinabatangan,property,break_in,2018,22
8219,Sabah,Kota Kinabatangan,property,break_in,2019,28
8220,Sabah,Kota Kinabatangan,property,break_in,2020,16
8221,Sabah,Kota Kinabatangan,property,break_in,2021,14
8222,Sabah,Kota Kinabatangan,property,break_in,2022,14
8223,Sabah,Kota Kinabatangan,property,break_in,2023,27
8224,Sabah,Kota Kinabatangan,property,theft_other,2016,14
8225,Sabah,Kota Kinabatangan,property,theft_other,2017,20
8226,Sabah,Kota Kinabatangan,property,theft_other,2018,24
8227,Sabah,Kota Kinabatangan,property,theft_other,2019,24
8228,Sabah,Kota Kinabatangan,property,theft_other,2020,26
8229,Sabah,Kota Kinabatangan,property,theft_other,2021,31
8230,Sabah,Kota Kinabatangan,property,theft_other,2022,28
8231,Sabah,Kota Kinabatangan,property,theft_other,2023,32
8232,Sabah,Kota Kinabatangan,property,theft_vehicle_lorry,2016,0
8233,Sabah,Kota Kinabatangan,property,theft_vehicle_lorry,2017,0
8234,Sabah,Kota Kinabatangan,property,theft_vehicle_lorry,2018,0
8235,Sabah,Kota Kinabatangan,property,theft_vehicle_lorry,2019,2
8236,Sabah,Kota Kinabatangan,property,theft_vehicle_lorry,2020,0
8237,Sabah,Kota Kinabatangan,property,theft_vehicle_lorry,2021,2
8238,Sabah,Kota Kinabatangan,property,theft_vehicle_lorry,2022,1
8239,Sabah,Kota Kinabatangan,property,theft_vehicle_lorry,2023,0
8240,Sabah,Kota Kinabatangan,property,theft_vehicle_motorcar,2016,3
8241,Sabah,Kota Kinabatangan,property,theft_vehicle_motorcar,2017,4
8242,Sabah,Kota Kinabatangan,property,theft_vehicle_motorcar,2018,1
8243,Sabah,Kota Kinabatangan,property,theft_vehicle_motorcar,2019,0
8244,Sabah,Kota Kinabatangan,property,theft_vehicle_motorcar,2020,0
8245,Sabah,Kota Kinabatangan,property,theft_vehicle_motorcar,2021,2
8246,Sabah,Kota Kinabatangan,property,theft_vehicle_motorcar,2022,0
8247,Sabah,Kota Kinabatangan,property,theft_vehicle_motorcar,2023,1
8248,Sabah,Kota Kinabatangan,property,theft_vehicle_motorcycle,2016,18
8249,Sabah,Kota Kinabatangan,property,theft_vehicle_motorcycle,2017,12
8250,Sabah,Kota Kinabatangan,property,theft_vehicle_motorcycle,2018,17
8251,Sabah,Kota Kinabatangan,property,theft_vehicle_motorcycle,2019,11
8252,Sabah,Kota Kinabatangan,property,theft_vehicle_motorcycle,2020,4
8253,Sabah,Kota Kinabatangan,property,theft_vehicle_motorcycle,2021,11
8254,Sabah,Kota Kinabatangan,property,theft_vehicle_motorcycle,2022,9
8255,Sabah,Kota Kinabatangan,property,theft_vehicle_motorcycle,2023,14
8256,Sabah,Kota Marudu,assault,causing_injury,2016,7
8257,Sabah,Kota Marudu,assault,causing_injury,2017,8
8258,Sabah,Kota Marudu,assault,causing_injury,2018,4
8259,Sabah,Kota Marudu,assault,causing_injury,2019,3
8260,Sabah,Kota Marudu,assault,causing_injury,2020,4
8261,Sabah,Kota Marudu,assault,causing_injury,2021,0
8262,Sabah,Kota Marudu,assault,causing_injury,2022,5
8263,Sabah,Kota Marudu,assault,causing_injury,2023,0
8264,Sabah,Kota Marudu,assault,murder,2016,3
8265,Sabah,Kota Marudu,assault,murder,2017,0
8266,Sabah,Kota Marudu,assault,murder,2018,1
8267,Sabah,Kota Marudu,assault,murder,2019,1
8268,Sabah,Kota Marudu,assault,murder,2020,3
8269,Sabah,Kota Marudu,assault,murder,2021,0
8270,Sabah,Kota Marudu,assault,murder,2022,0
8271,Sabah,Kota Marudu,assault,murder,2023,1
8272,Sabah,Kota Marudu,assault,rape,2016,7
8273,Sabah,Kota Marudu,assault,rape,2017,6
8274,Sabah,Kota Marudu,assault,rape,2018,5
8275,Sabah,Kota Marudu,assault,rape,2019,10
8276,Sabah,Kota Marudu,assault,rape,2020,9
8277,Sabah,Kota Marudu,assault,rape,2021,5
8278,Sabah,Kota Marudu,assault,rape,2022,9
8279,Sabah,Kota Marudu,assault,rape,2023,12
8280,Sabah,Kota Marudu,assault,robbery_gang_armed,2016,0
8281,Sabah,Kota Marudu,assault,robbery_gang_armed,2017,0
8282,Sabah,Kota Marudu,assault,robbery_gang_armed,2018,0
8283,Sabah,Kota Marudu,assault,robbery_gang_armed,2019,0
8284,Sabah,Kota Marudu,assault,robbery_gang_armed,2020,0
8285,Sabah,Kota Marudu,assault,robbery_gang_armed,2021,0
8286,Sabah,Kota Marudu,assault,robbery_gang_armed,2022,0
8287,Sabah,Kota Marudu,assault,robbery_gang_armed,2023,0
8288,Sabah,Kota Marudu,assault,robbery_gang_unarmed,2016,1
8289,Sabah,Kota Marudu,assault,robbery_gang_unarmed,2017,0
8290,Sabah,Kota Marudu,assault,robbery_gang_unarmed,2018,1
8291,Sabah,Kota Marudu,assault,robbery_gang_unarmed,2019,0
8292,Sabah,Kota Marudu,assault,robbery_gang_unarmed,2020,0
8293,Sabah,Kota Marudu,assault,robbery_gang_unarmed,2021,0
8294,Sabah,Kota Marudu,assault,robbery_gang_unarmed,2022,0
8295,Sabah,Kota Marudu,assault,robbery_gang_unarmed,2023,0
8296,Sabah,Kota Marudu,assault,robbery_solo_armed,2016,0
8297,Sabah,Kota Marudu,assault,robbery_solo_armed,2017,0
8298,Sabah,Kota Marudu,assault,robbery_solo_armed,2018,0
8299,Sabah,Kota Marudu,assault,robbery_solo_armed,2019,0
8300,Sabah,Kota Marudu,assault,robbery_solo_armed,2020,0
8301,Sabah,Kota Marudu,assault,robbery_solo_armed,2021,0
8302,Sabah,Kota Marudu,assault,robbery_solo_armed,2022,0
8303,Sabah,Kota Marudu,assault,robbery_solo_armed,2023,0
8304,Sabah,Kota Marudu,assault,robbery_solo_unarmed,2016,0
8305,Sabah,Kota Marudu,assault,robbery_solo_unarmed,2017,2
8306,Sabah,Kota Marudu,assault,robbery_solo_unarmed,2018,0
8307,Sabah,Kota Marudu,assault,robbery_solo_unarmed,2019,1
8308,Sabah,Kota Marudu,assault,robbery_solo_unarmed,2020,0
8309,Sabah,Kota Marudu,assault,robbery_solo_unarmed,2021,0
8310,Sabah,Kota Marudu,assault,robbery_solo_unarmed,2022,1
8311,Sabah,Kota Marudu,assault,robbery_solo_unarmed,2023,0
8312,Sabah,Kota Marudu,property,break_in,2016,20
8313,Sabah,Kota Marudu,property,break_in,2017,26
8314,Sabah,Kota Marudu,property,break_in,2018,39
8315,Sabah,Kota Marudu,property,break_in,2019,35
8316,Sabah,Kota Marudu,property,break_in,2020,19
8317,Sabah,Kota Marudu,property,break_in,2021,27
8318,Sabah,Kota Marudu,property,break_in,2022,40
8319,Sabah,Kota Marudu,property,break_in,2023,21
8320,Sabah,Kota Marudu,property,theft_other,2016,21
8321,Sabah,Kota Marudu,property,theft_other,2017,42
8322,Sabah,Kota Marudu,property,theft_other,2018,45
8323,Sabah,Kota Marudu,property,theft_other,2019,52
8324,Sabah,Kota Marudu,property,theft_other,2020,26
8325,Sabah,Kota Marudu,property,theft_other,2021,23
8326,Sabah,Kota Marudu,property,theft_other,2022,19
8327,Sabah,Kota Marudu,property,theft_other,2023,33
8328,Sabah,Kota Marudu,property,theft_vehicle_lorry,2016,0
8329,Sabah,Kota Marudu,property,theft_vehicle_lorry,2017,1
8330,Sabah,Kota Marudu,property,theft_vehicle_lorry,2018,1
8331,Sabah,Kota Marudu,property,theft_vehicle_lorry,2019,1
8332,Sabah,Kota Marudu,property,theft_vehicle_lorry,2020,0
8333,Sabah,Kota Marudu,property,theft_vehicle_lorry,2021,0
8334,Sabah,Kota Marudu,property,theft_vehicle_lorry,2022,2
8335,Sabah,Kota Marudu,property,theft_vehicle_lorry,2023,0
8336,Sabah,Kota Marudu,property,theft_vehicle_motorcar,2016,1
8337,Sabah,Kota Marudu,property,theft_vehicle_motorcar,2017,2
8338,Sabah,Kota Marudu,property,theft_vehicle_motorcar,2018,0
8339,Sabah,Kota Marudu,property,theft_vehicle_motorcar,2019,2
8340,Sabah,Kota Marudu,property,theft_vehicle_motorcar,2020,0
8341,Sabah,Kota Marudu,property,theft_vehicle_motorcar,2021,0
8342,Sabah,Kota Marudu,property,theft_vehicle_motorcar,2022,1
8343,Sabah,Kota Marudu,property,theft_vehicle_motorcar,2023,6
8344,Sabah,Kota Marudu,property,theft_vehicle_motorcycle,2016,9
8345,Sabah,Kota Marudu,property,theft_vehicle_motorcycle,2017,15
8346,Sabah,Kota Marudu,property,theft_vehicle_motorcycle,2018,22
8347,Sabah,Kota Marudu,property,theft_vehicle_motorcycle,2019,7
8348,Sabah,Kota Marudu,property,theft_vehicle_motorcycle,2020,7
8349,Sabah,Kota Marudu,property,theft_vehicle_motorcycle,2021,4
8350,Sabah,Kota Marudu,property,theft_vehicle_motorcycle,2022,4
8351,Sabah,Kota Marudu,property,theft_vehicle_motorcycle,2023,7
8352,Sabah,Kudat,assault,causing_injury,2016,2
8353,Sabah,Kudat,assault,causing_injury,2017,6
8354,Sabah,Kudat,assault,causing_injury,2018,5
8355,Sabah,Kudat,assault,causing_injury,2019,0
8356,Sabah,Kudat,assault,causing_injury,2020,4
8357,Sabah,Kudat,assault,causing_injury,2021,3
8358,Sabah,Kudat,assault,causing_injury,2022,3
8359,Sabah,Kudat,assault,causing_injury,2023,8
8360,Sabah,Kudat,assault,murder,2016,2
8361,Sabah,Kudat,assault,murder,2017,1
8362,Sabah,Kudat,assault,murder,2018,0
8363,Sabah,Kudat,assault,murder,2019,1
8364,Sabah,Kudat,assault,murder,2020,0
8365,Sabah,Kudat,assault,murder,2021,0
8366,Sabah,Kudat,assault,murder,2022,1
8367,Sabah,Kudat,assault,murder,2023,0
8368,Sabah,Kudat,assault,rape,2016,1
8369,Sabah,Kudat,assault,rape,2017,6
8370,Sabah,Kudat,assault,rape,2018,6
8371,Sabah,Kudat,assault,rape,2019,3
8372,Sabah,Kudat,assault,rape,2020,2
8373,Sabah,Kudat,assault,rape,2021,6
8374,Sabah,Kudat,assault,rape,2022,8
8375,Sabah,Kudat,assault,rape,2023,5
8376,Sabah,Kudat,assault,robbery_gang_armed,2016,0
8377,Sabah,Kudat,assault,robbery_gang_armed,2017,0
8378,Sabah,Kudat,assault,robbery_gang_armed,2018,0
8379,Sabah,Kudat,assault,robbery_gang_armed,2019,0
8380,Sabah,Kudat,assault,robbery_gang_armed,2020,0
8381,Sabah,Kudat,assault,robbery_gang_armed,2021,0
8382,Sabah,Kudat,assault,robbery_gang_armed,2022,0
8383,Sabah,Kudat,assault,robbery_gang_armed,2023,0
8384,Sabah,Kudat,assault,robbery_gang_unarmed,2016,1
8385,Sabah,Kudat,assault,robbery_gang_unarmed,2017,0
8386,Sabah,Kudat,assault,robbery_gang_unarmed,2018,1
8387,Sabah,Kudat,assault,robbery_gang_unarmed,2019,1
8388,Sabah,Kudat,assault,robbery_gang_unarmed,2020,0
8389,Sabah,Kudat,assault,robbery_gang_unarmed,2021,0
8390,Sabah,Kudat,assault,robbery_gang_unarmed,2022,0
8391,Sabah,Kudat,assault,robbery_gang_unarmed,2023,1
8392,Sabah,Kudat,assault,robbery_solo_armed,2016,0
8393,Sabah,Kudat,assault,robbery_solo_armed,2017,0
8394,Sabah,Kudat,assault,robbery_solo_armed,2018,0
8395,Sabah,Kudat,assault,robbery_solo_armed,2019,0
8396,Sabah,Kudat,assault,robbery_solo_armed,2020,0
8397,Sabah,Kudat,assault,robbery_solo_armed,2021,0
8398,Sabah,Kudat,assault,robbery_solo_armed,2022,0
8399,Sabah,Kudat,assault,robbery_solo_armed,2023,0
8400,Sabah,Kudat,assault,robbery_solo_unarmed,2016,2
8401,Sabah,Kudat,assault,robbery_solo_unarmed,2017,1
8402,Sabah,Kudat,assault,robbery_solo_unarmed,2018,0
8403,Sabah,Kudat,assault,robbery_solo_unarmed,2019,1
8404,Sabah,Kudat,assault,robbery_solo_unarmed,2020,1
8405,Sabah,Kudat,assault,robbery_solo_unarmed,2021,0
8406,Sabah,Kudat,assault,robbery_solo_unarmed,2022,0
8407,Sabah,Kudat,assault,robbery_solo_unarmed,2023,0
8408,Sabah,Kudat,property,break_in,2016,34
8409,Sabah,Kudat,property,break_in,2017,15
8410,Sabah,Kudat,property,break_in,2018,17
8411,Sabah,Kudat,property,break_in,2019,18
8412,Sabah,Kudat,property,break_in,2020,18
8413,Sabah,Kudat,property,break_in,2021,9
8414,Sabah,Kudat,property,break_in,2022,10
8415,Sabah,Kudat,property,break_in,2023,21
8416,Sabah,Kudat,property,theft_other,2016,11
8417,Sabah,Kudat,property,theft_other,2017,20
8418,Sabah,Kudat,property,theft_other,2018,22
8419,Sabah,Kudat,property,theft_other,2019,21
8420,Sabah,Kudat,property,theft_other,2020,9
8421,Sabah,Kudat,property,theft_other,2021,6
8422,Sabah,Kudat,property,theft_other,2022,14
8423,Sabah,Kudat,property,theft_other,2023,18
8424,Sabah,Kudat,property,theft_vehicle_lorry,2016,0
8425,Sabah,Kudat,property,theft_vehicle_lorry,2017,0
8426,Sabah,Kudat,property,theft_vehicle_lorry,2018,0
8427,Sabah,Kudat,property,theft_vehicle_lorry,2019,0
8428,Sabah,Kudat,property,theft_vehicle_lorry,2020,0
8429,Sabah,Kudat,property,theft_vehicle_lorry,2021,0
8430,Sabah,Kudat,property,theft_vehicle_lorry,2022,0
8431,Sabah,Kudat,property,theft_vehicle_lorry,2023,0
8432,Sabah,Kudat,property,theft_vehicle_motorcar,2016,2
8433,Sabah,Kudat,property,theft_vehicle_motorcar,2017,1
8434,Sabah,Kudat,property,theft_vehicle_motorcar,2018,0
8435,Sabah,Kudat,property,theft_vehicle_motorcar,2019,1
8436,Sabah,Kudat,property,theft_vehicle_motorcar,2020,0
8437,Sabah,Kudat,property,theft_vehicle_motorcar,2021,1
8438,Sabah,Kudat,property,theft_vehicle_motorcar,2022,0
8439,Sabah,Kudat,property,theft_vehicle_motorcar,2023,1
8440,Sabah,Kudat,property,theft_vehicle_motorcycle,2016,4
8441,Sabah,Kudat,property,theft_vehicle_motorcycle,2017,6
8442,Sabah,Kudat,property,theft_vehicle_motorcycle,2018,3
8443,Sabah,Kudat,property,theft_vehicle_motorcycle,2019,2
8444,Sabah,Kudat,property,theft_vehicle_motorcycle,2020,0
8445,Sabah,Kudat,property,theft_vehicle_motorcycle,2021,0
8446,Sabah,Kudat,property,theft_vehicle_motorcycle,2022,2
8447,Sabah,Kudat,property,theft_vehicle_motorcycle,2023,2
8448,Sabah,Kunak,assault,causing_injury,2016,5
8449,Sabah,Kunak,assault,causing_injury,2017,3
8450,Sabah,Kunak,assault,causing_injury,2018,1
8451,Sabah,Kunak,assault,causing_injury,2019,0
8452,Sabah,Kunak,assault,causing_injury,2020,0
8453,Sabah,Kunak,assault,causing_injury,2021,2
8454,Sabah,Kunak,assault,causing_injury,2022,3
8455,Sabah,Kunak,assault,causing_injury,2023,3
8456,Sabah,Kunak,assault,murder,2016,0
8457,Sabah,Kunak,assault,murder,2017,0
8458,Sabah,Kunak,assault,murder,2018,0
8459,Sabah,Kunak,assault,murder,2019,0
8460,Sabah,Kunak,assault,murder,2020,0
8461,Sabah,Kunak,assault,murder,2021,1
8462,Sabah,Kunak,assault,murder,2022,1
8463,Sabah,Kunak,assault,murder,2023,0
8464,Sabah,Kunak,assault,rape,2016,4
8465,Sabah,Kunak,assault,rape,2017,2
8466,Sabah,Kunak,assault,rape,2018,4
8467,Sabah,Kunak,assault,rape,2019,0
8468,Sabah,Kunak,assault,rape,2020,3
8469,Sabah,Kunak,assault,rape,2021,1
8470,Sabah,Kunak,assault,rape,2022,1
8471,Sabah,Kunak,assault,rape,2023,3
8472,Sabah,Kunak,assault,robbery_gang_armed,2016,1
8473,Sabah,Kunak,assault,robbery_gang_armed,2017,0
8474,Sabah,Kunak,assault,robbery_gang_armed,2018,0
8475,Sabah,Kunak,assault,robbery_gang_armed,2019,0
8476,Sabah,Kunak,assault,robbery_gang_armed,2020,0
8477,Sabah,Kunak,assault,robbery_gang_armed,2021,0
8478,Sabah,Kunak,assault,robbery_gang_armed,2022,0
8479,Sabah,Kunak,assault,robbery_gang_armed,2023,0
8480,Sabah,Kunak,assault,robbery_gang_unarmed,2016,2
8481,Sabah,Kunak,assault,robbery_gang_unarmed,2017,2
8482,Sabah,Kunak,assault,robbery_gang_unarmed,2018,1
8483,Sabah,Kunak,assault,robbery_gang_unarmed,2019,3
8484,Sabah,Kunak,assault,robbery_gang_unarmed,2020,1
8485,Sabah,Kunak,assault,robbery_gang_unarmed,2021,0
8486,Sabah,Kunak,assault,robbery_gang_unarmed,2022,0
8487,Sabah,Kunak,assault,robbery_gang_unarmed,2023,0
8488,Sabah,Kunak,assault,robbery_solo_armed,2016,0
8489,Sabah,Kunak,assault,robbery_solo_armed,2017,0
8490,Sabah,Kunak,assault,robbery_solo_armed,2018,0
8491,Sabah,Kunak,assault,robbery_solo_armed,2019,0
8492,Sabah,Kunak,assault,robbery_solo_armed,2020,0
8493,Sabah,Kunak,assault,robbery_solo_armed,2021,0
8494,Sabah,Kunak,assault,robbery_solo_armed,2022,0
8495,Sabah,Kunak,assault,robbery_solo_armed,2023,0
8496,Sabah,Kunak,assault,robbery_solo_unarmed,2016,0
8497,Sabah,Kunak,assault,robbery_solo_unarmed,2017,1
8498,Sabah,Kunak,assault,robbery_solo_unarmed,2018,1
8499,Sabah,Kunak,assault,robbery_solo_unarmed,2019,1
8500,Sabah,Kunak,assault,robbery_solo_unarmed,2020,2
8501,Sabah,Kunak,assault,robbery_solo_unarmed,2021,3
8502,Sabah,Kunak,assault,robbery_solo_unarmed,2022,3
8503,Sabah,Kunak,assault,robbery_solo_unarmed,2023,0
8504,Sabah,Kunak,property,break_in,2016,42
8505,Sabah,Kunak,property,break_in,2017,54
8506,Sabah,Kunak,property,break_in,2018,13
8507,Sabah,Kunak,property,break_in,2019,30
8508,Sabah,Kunak,property,break_in,2020,24
8509,Sabah,Kunak,property,break_in,2021,21
8510,Sabah,Kunak,property,break_in,2022,12
8511,Sabah,Kunak,property,break_in,2023,17
8512,Sabah,Kunak,property,theft_other,2016,16
8513,Sabah,Kunak,property,theft_other,2017,24
8514,Sabah,Kunak,property,theft_other,2018,22
8515,Sabah,Kunak,property,theft_other,2019,28
8516,Sabah,Kunak,property,theft_other,2020,9
8517,Sabah,Kunak,property,theft_other,2021,12
8518,Sabah,Kunak,property,theft_other,2022,15
8519,Sabah,Kunak,property,theft_other,2023,18
8520,Sabah,Kunak,property,theft_vehicle_lorry,2016,1
8521,Sabah,Kunak,property,theft_vehicle_lorry,2017,0
8522,Sabah,Kunak,property,theft_vehicle_lorry,2018,0
8523,Sabah,Kunak,property,theft_vehicle_lorry,2019,1
8524,Sabah,Kunak,property,theft_vehicle_lorry,2020,0
8525,Sabah,Kunak,property,theft_vehicle_lorry,2021,0
8526,Sabah,Kunak,property,theft_vehicle_lorry,2022,0
8527,Sabah,Kunak,property,theft_vehicle_lorry,2023,0
8528,Sabah,Kunak,property,theft_vehicle_motorcar,2016,4
8529,Sabah,Kunak,property,theft_vehicle_motorcar,2017,1
8530,Sabah,Kunak,property,theft_vehicle_motorcar,2018,0
8531,Sabah,Kunak,property,theft_vehicle_motorcar,2019,2
8532,Sabah,Kunak,property,theft_vehicle_motorcar,2020,1
8533,Sabah,Kunak,property,theft_vehicle_motorcar,2021,2
8534,Sabah,Kunak,property,theft_vehicle_motorcar,2022,1
8535,Sabah,Kunak,property,theft_vehicle_motorcar,2023,1
8536,Sabah,Kunak,property,theft_vehicle_motorcycle,2016,11
8537,Sabah,Kunak,property,theft_vehicle_motorcycle,2017,8
8538,Sabah,Kunak,property,theft_vehicle_motorcycle,2018,7
8539,Sabah,Kunak,property,theft_vehicle_motorcycle,2019,5
8540,Sabah,Kunak,property,theft_vehicle_motorcycle,2020,5
8541,Sabah,Kunak,property,theft_vehicle_motorcycle,2021,2
8542,Sabah,Kunak,property,theft_vehicle_motorcycle,2022,1
8543,Sabah,Kunak,property,theft_vehicle_motorcycle,2023,6
8544,Sabah,Lahad Datu,assault,causing_injury,2016,11
8545,Sabah,Lahad Datu,assault,causing_injury,2017,21
8546,Sabah,Lahad Datu,assault,causing_injury,2018,20
8547,Sabah,Lahad Datu,assault,causing_injury,2019,20
8548,Sabah,Lahad Datu,assault,causing_injury,2020,6
8549,Sabah,Lahad Datu,assault,causing_injury,2021,7
8550,Sabah,Lahad Datu,assault,causing_injury,2022,9
8551,Sabah,Lahad Datu,assault,causing_injury,2023,10
8552,Sabah,Lahad Datu,assault,murder,2016,9
8553,Sabah,Lahad Datu,assault,murder,2017,2
8554,Sabah,Lahad Datu,assault,murder,2018,2
8555,Sabah,Lahad Datu,assault,murder,2019,1
8556,Sabah,Lahad Datu,assault,murder,2020,2
8557,Sabah,Lahad Datu,assault,murder,2021,2
8558,Sabah,Lahad Datu,assault,murder,2022,1
8559,Sabah,Lahad Datu,assault,murder,2023,3
8560,Sabah,Lahad Datu,assault,rape,2016,6
8561,Sabah,Lahad Datu,assault,rape,2017,9
8562,Sabah,Lahad Datu,assault,rape,2018,11
8563,Sabah,Lahad Datu,assault,rape,2019,16
8564,Sabah,Lahad Datu,assault,rape,2020,7
8565,Sabah,Lahad Datu,assault,rape,2021,11
8566,Sabah,Lahad Datu,assault,rape,2022,10
8567,Sabah,Lahad Datu,assault,rape,2023,21
8568,Sabah,Lahad Datu,assault,robbery_gang_armed,2016,1
8569,Sabah,Lahad Datu,assault,robbery_gang_armed,2017,0
8570,Sabah,Lahad Datu,assault,robbery_gang_armed,2018,0
8571,Sabah,Lahad Datu,assault,robbery_gang_armed,2019,0
8572,Sabah,Lahad Datu,assault,robbery_gang_armed,2020,0
8573,Sabah,Lahad Datu,assault,robbery_gang_armed,2021,0
8574,Sabah,Lahad Datu,assault,robbery_gang_armed,2022,1
8575,Sabah,Lahad Datu,assault,robbery_gang_armed,2023,1
8576,Sabah,Lahad Datu,assault,robbery_gang_unarmed,2016,12
8577,Sabah,Lahad Datu,assault,robbery_gang_unarmed,2017,8
8578,Sabah,Lahad Datu,assault,robbery_gang_unarmed,2018,7
8579,Sabah,Lahad Datu,assault,robbery_gang_unarmed,2019,2
8580,Sabah,Lahad Datu,assault,robbery_gang_unarmed,2020,3
8581,Sabah,Lahad Datu,assault,robbery_gang_unarmed,2021,1
8582,Sabah,Lahad Datu,assault,robbery_gang_unarmed,2022,0
8583,Sabah,Lahad Datu,assault,robbery_gang_unarmed,2023,7
8584,Sabah,Lahad Datu,assault,robbery_solo_armed,2016,0
8585,Sabah,Lahad Datu,assault,robbery_solo_armed,2017,0
8586,Sabah,Lahad Datu,assault,robbery_solo_armed,2018,0
8587,Sabah,Lahad Datu,assault,robbery_solo_armed,2019,0
8588,Sabah,Lahad Datu,assault,robbery_solo_armed,2020,0
8589,Sabah,Lahad Datu,assault,robbery_solo_armed,2021,0
8590,Sabah,Lahad Datu,assault,robbery_solo_armed,2022,0
8591,Sabah,Lahad Datu,assault,robbery_solo_armed,2023,0
8592,Sabah,Lahad Datu,assault,robbery_solo_unarmed,2016,10
8593,Sabah,Lahad Datu,assault,robbery_solo_unarmed,2017,8
8594,Sabah,Lahad Datu,assault,robbery_solo_unarmed,2018,9
8595,Sabah,Lahad Datu,assault,robbery_solo_unarmed,2019,5
8596,Sabah,Lahad Datu,assault,robbery_solo_unarmed,2020,4
8597,Sabah,Lahad Datu,assault,robbery_solo_unarmed,2021,3
8598,Sabah,Lahad Datu,assault,robbery_solo_unarmed,2022,6
8599,Sabah,Lahad Datu,assault,robbery_solo_unarmed,2023,1
8600,Sabah,Lahad Datu,property,break_in,2016,108
8601,Sabah,Lahad Datu,property,break_in,2017,85
8602,Sabah,Lahad Datu,property,break_in,2018,77
8603,Sabah,Lahad Datu,property,break_in,2019,100
8604,Sabah,Lahad Datu,property,break_in,2020,48
8605,Sabah,Lahad Datu,property,break_in,2021,30
8606,Sabah,Lahad Datu,property,break_in,2022,32
8607,Sabah,Lahad Datu,property,break_in,2023,42
8608,Sabah,Lahad Datu,property,theft_other,2016,88
8609,Sabah,Lahad Datu,property,theft_other,2017,103
8610,Sabah,Lahad Datu,property,theft_other,2018,136
8611,Sabah,Lahad Datu,property,theft_other,2019,129
8612,Sabah,Lahad Datu,property,theft_other,2020,106
8613,Sabah,Lahad Datu,property,theft_other,2021,84
8614,Sabah,Lahad Datu,property,theft_other,2022,63
8615,Sabah,Lahad Datu,property,theft_other,2023,99
8616,Sabah,Lahad Datu,property,theft_vehicle_lorry,2016,0
8617,Sabah,Lahad Datu,property,theft_vehicle_lorry,2017,3
8618,Sabah,Lahad Datu,property,theft_vehicle_lorry,2018,0
8619,Sabah,Lahad Datu,property,theft_vehicle_lorry,2019,0
8620,Sabah,Lahad Datu,property,theft_vehicle_lorry,2020,0
8621,Sabah,Lahad Datu,property,theft_vehicle_lorry,2021,2
8622,Sabah,Lahad Datu,property,theft_vehicle_lorry,2022,1
8623,Sabah,Lahad Datu,property,theft_vehicle_lorry,2023,0
8624,Sabah,Lahad Datu,property,theft_vehicle_motorcar,2016,3
8625,Sabah,Lahad Datu,property,theft_vehicle_motorcar,2017,8
8626,Sabah,Lahad Datu,property,theft_vehicle_motorcar,2018,5
8627,Sabah,Lahad Datu,property,theft_vehicle_motorcar,2019,3
8628,Sabah,Lahad Datu,property,theft_vehicle_motorcar,2020,0
8629,Sabah,Lahad Datu,property,theft_vehicle_motorcar,2021,6
8630,Sabah,Lahad Datu,property,theft_vehicle_motorcar,2022,2
8631,Sabah,Lahad Datu,property,theft_vehicle_motorcar,2023,2
8632,Sabah,Lahad Datu,property,theft_vehicle_motorcycle,2016,59
8633,Sabah,Lahad Datu,property,theft_vehicle_motorcycle,2017,37
8634,Sabah,Lahad Datu,property,theft_vehicle_motorcycle,2018,31
8635,Sabah,Lahad Datu,property,theft_vehicle_motorcycle,2019,35
8636,Sabah,Lahad Datu,property,theft_vehicle_motorcycle,2020,25
8637,Sabah,Lahad Datu,property,theft_vehicle_motorcycle,2021,16
8638,Sabah,Lahad Datu,property,theft_vehicle_motorcycle,2022,23
8639,Sabah,Lahad Datu,property,theft_vehicle_motorcycle,2023,19
8640,Sabah,Papar,assault,causing_injury,2016,13
8641,Sabah,Papar,assault,causing_injury,2017,10
8642,Sabah,Papar,assault,causing_injury,2018,16
8643,Sabah,Papar,assault,causing_injury,2019,12
8644,Sabah,Papar,assault,causing_injury,2020,18
8645,Sabah,Papar,assault,causing_injury,2021,12
8646,Sabah,Papar,assault,causing_injury,2022,4
8647,Sabah,Papar,assault,causing_injury,2023,11
8648,Sabah,Papar,assault,murder,2016,2
8649,Sabah,Papar,assault,murder,2017,1
8650,Sabah,Papar,assault,murder,2018,0
8651,Sabah,Papar,assault,murder,2019,0
8652,Sabah,Papar,assault,murder,2020,1
8653,Sabah,Papar,assault,murder,2021,0
8654,Sabah,Papar,assault,murder,2022,0
8655,Sabah,Papar,assault,murder,2023,0
8656,Sabah,Papar,assault,rape,2016,4
8657,Sabah,Papar,assault,rape,2017,2
8658,Sabah,Papar,assault,rape,2018,17
8659,Sabah,Papar,assault,rape,2019,15
8660,Sabah,Papar,assault,rape,2020,18
8661,Sabah,Papar,assault,rape,2021,8
8662,Sabah,Papar,assault,rape,2022,6
8663,Sabah,Papar,assault,rape,2023,13
8664,Sabah,Papar,assault,robbery_gang_armed,2016,0
8665,Sabah,Papar,assault,robbery_gang_armed,2017,0
8666,Sabah,Papar,assault,robbery_gang_armed,2018,0
8667,Sabah,Papar,assault,robbery_gang_armed,2019,0
8668,Sabah,Papar,assault,robbery_gang_armed,2020,0
8669,Sabah,Papar,assault,robbery_gang_armed,2021,0
8670,Sabah,Papar,assault,robbery_gang_armed,2022,0
8671,Sabah,Papar,assault,robbery_gang_armed,2023,0
8672,Sabah,Papar,assault,robbery_gang_unarmed,2016,1
8673,Sabah,Papar,assault,robbery_gang_unarmed,2017,6
8674,Sabah,Papar,assault,robbery_gang_unarmed,2018,7
8675,Sabah,Papar,assault,robbery_gang_unarmed,2019,5
8676,Sabah,Papar,assault,robbery_gang_unarmed,2020,3
8677,Sabah,Papar,assault,robbery_gang_unarmed,2021,3
8678,Sabah,Papar,assault,robbery_gang_unarmed,2022,2
8679,Sabah,Papar,assault,robbery_gang_unarmed,2023,1
8680,Sabah,Papar,assault,robbery_solo_armed,2016,0
8681,Sabah,Papar,assault,robbery_solo_armed,2017,0
8682,Sabah,Papar,assault,robbery_solo_armed,2018,0
8683,Sabah,Papar,assault,robbery_solo_armed,2019,0
8684,Sabah,Papar,assault,robbery_solo_armed,2020,0
8685,Sabah,Papar,assault,robbery_solo_armed,2021,0
8686,Sabah,Papar,assault,robbery_solo_armed,2022,0
8687,Sabah,Papar,assault,robbery_solo_armed,2023,0
8688,Sabah,Papar,assault,robbery_solo_unarmed,2016,0
8689,Sabah,Papar,assault,robbery_solo_unarmed,2017,6
8690,Sabah,Papar,assault,robbery_solo_unarmed,2018,2
8691,Sabah,Papar,assault,robbery_solo_unarmed,2019,9
8692,Sabah,Papar,assault,robbery_solo_unarmed,2020,1
8693,Sabah,Papar,assault,robbery_solo_unarmed,2021,2
8694,Sabah,Papar,assault,robbery_solo_unarmed,2022,1
8695,Sabah,Papar,assault,robbery_solo_unarmed,2023,2
8696,Sabah,Papar,property,break_in,2016,45
8697,Sabah,Papar,property,break_in,2017,101
8698,Sabah,Papar,property,break_in,2018,143
8699,Sabah,Papar,property,break_in,2019,111
8700,Sabah,Papar,property,break_in,2020,28
8701,Sabah,Papar,property,break_in,2021,31
8702,Sabah,Papar,property,break_in,2022,32
8703,Sabah,Papar,property,break_in,2023,41
8704,Sabah,Papar,property,theft_other,2016,18
8705,Sabah,Papar,property,theft_other,2017,130
8706,Sabah,Papar,property,theft_other,2018,130
8707,Sabah,Papar,property,theft_other,2019,171
8708,Sabah,Papar,property,theft_other,2020,74
8709,Sabah,Papar,property,theft_other,2021,40
8710,Sabah,Papar,property,theft_other,2022,42
8711,Sabah,Papar,property,theft_other,2023,66
8712,Sabah,Papar,property,theft_vehicle_lorry,2016,2
8713,Sabah,Papar,property,theft_vehicle_lorry,2017,1
8714,Sabah,Papar,property,theft_vehicle_lorry,2018,4
8715,Sabah,Papar,property,theft_vehicle_lorry,2019,0
8716,Sabah,Papar,property,theft_vehicle_lorry,2020,1
8717,Sabah,Papar,property,theft_vehicle_lorry,2021,0
8718,Sabah,Papar,property,theft_vehicle_lorry,2022,0
8719,Sabah,Papar,property,theft_vehicle_lorry,2023,1
8720,Sabah,Papar,property,theft_vehicle_motorcar,2016,6
8721,Sabah,Papar,property,theft_vehicle_motorcar,2017,11
8722,Sabah,Papar,property,theft_vehicle_motorcar,2018,8
8723,Sabah,Papar,property,theft_vehicle_motorcar,2019,3
8724,Sabah,Papar,property,theft_vehicle_motorcar,2020,3
8725,Sabah,Papar,property,theft_vehicle_motorcar,2021,1
8726,Sabah,Papar,property,theft_vehicle_motorcar,2022,4
8727,Sabah,Papar,property,theft_vehicle_motorcar,2023,2
8728,Sabah,Papar,property,theft_vehicle_motorcycle,2016,41
8729,Sabah,Papar,property,theft_vehicle_motorcycle,2017,19
8730,Sabah,Papar,property,theft_vehicle_motorcycle,2018,9
8731,Sabah,Papar,property,theft_vehicle_motorcycle,2019,16
8732,Sabah,Papar,property,theft_vehicle_motorcycle,2020,8
8733,Sabah,Papar,property,theft_vehicle_motorcycle,2021,6
8734,Sabah,Papar,property,theft_vehicle_motorcycle,2022,12
8735,Sabah,Papar,property,theft_vehicle_motorcycle,2023,14
8736,Sabah,Penampang,assault,causing_injury,2016,19
8737,Sabah,Penampang,assault,causing_injury,2017,27
8738,Sabah,Penampang,assault,causing_injury,2018,31
8739,Sabah,Penampang,assault,causing_injury,2019,17
8740,Sabah,Penampang,assault,causing_injury,2020,9
8741,Sabah,Penampang,assault,causing_injury,2021,8
8742,Sabah,Penampang,assault,causing_injury,2022,9
8743,Sabah,Penampang,assault,causing_injury,2023,13
8744,Sabah,Penampang,assault,murder,2016,1
8745,Sabah,Penampang,assault,murder,2017,1
8746,Sabah,Penampang,assault,murder,2018,1
8747,Sabah,Penampang,assault,murder,2019,1
8748,Sabah,Penampang,assault,murder,2020,0
8749,Sabah,Penampang,assault,murder,2021,1
8750,Sabah,Penampang,assault,murder,2022,1
8751,Sabah,Penampang,assault,murder,2023,2
8752,Sabah,Penampang,assault,rape,2016,15
8753,Sabah,Penampang,assault,rape,2017,21
8754,Sabah,Penampang,assault,rape,2018,26
8755,Sabah,Penampang,assault,rape,2019,24
8756,Sabah,Penampang,assault,rape,2020,14
8757,Sabah,Penampang,assault,rape,2021,15
8758,Sabah,Penampang,assault,rape,2022,15
8759,Sabah,Penampang,assault,rape,2023,25
8760,Sabah,Penampang,assault,robbery_gang_armed,2016,1
8761,Sabah,Penampang,assault,robbery_gang_armed,2017,0
8762,Sabah,Penampang,assault,robbery_gang_armed,2018,0
8763,Sabah,Penampang,assault,robbery_gang_armed,2019,0
8764,Sabah,Penampang,assault,robbery_gang_armed,2020,1
8765,Sabah,Penampang,assault,robbery_gang_armed,2021,0
8766,Sabah,Penampang,assault,robbery_gang_armed,2022,0
8767,Sabah,Penampang,assault,robbery_gang_armed,2023,0
8768,Sabah,Penampang,assault,robbery_gang_unarmed,2016,4
8769,Sabah,Penampang,assault,robbery_gang_unarmed,2017,16
8770,Sabah,Penampang,assault,robbery_gang_unarmed,2018,10
8771,Sabah,Penampang,assault,robbery_gang_unarmed,2019,11
8772,Sabah,Penampang,assault,robbery_gang_unarmed,2020,2
8773,Sabah,Penampang,assault,robbery_gang_unarmed,2021,3
8774,Sabah,Penampang,assault,robbery_gang_unarmed,2022,4
8775,Sabah,Penampang,assault,robbery_gang_unarmed,2023,2
8776,Sabah,Penampang,assault,robbery_solo_armed,2016,0
8777,Sabah,Penampang,assault,robbery_solo_armed,2017,0
8778,Sabah,Penampang,assault,robbery_solo_armed,2018,0
8779,Sabah,Penampang,assault,robbery_solo_armed,2019,0
8780,Sabah,Penampang,assault,robbery_solo_armed,2020,0
8781,Sabah,Penampang,assault,robbery_solo_armed,2021,0
8782,Sabah,Penampang,assault,robbery_solo_armed,2022,0
8783,Sabah,Penampang,assault,robbery_solo_armed,2023,0
8784,Sabah,Penampang,assault,robbery_solo_unarmed,2016,8
8785,Sabah,Penampang,assault,robbery_solo_unarmed,2017,10
8786,Sabah,Penampang,assault,robbery_solo_unarmed,2018,10
8787,Sabah,Penampang,assault,robbery_solo_unarmed,2019,14
8788,Sabah,Penampang,assault,robbery_solo_unarmed,2020,2
8789,Sabah,Penampang,assault,robbery_solo_unarmed,2021,1
8790,Sabah,Penampang,assault,robbery_solo_unarmed,2022,6
8791,Sabah,Penampang,assault,robbery_solo_unarmed,2023,2
8792,Sabah,Penampang,property,break_in,2016,147
8793,Sabah,Penampang,property,break_in,2017,187
8794,Sabah,Penampang,property,break_in,2018,201
8795,Sabah,Penampang,property,break_in,2019,185
8796,Sabah,Penampang,property,break_in,2020,104
8797,Sabah,Penampang,property,break_in,2021,80
8798,Sabah,Penampang,property,break_in,2022,94
8799,Sabah,Penampang,property,break_in,2023,92
8800,Sabah,Penampang,property,theft_other,2016,97
8801,Sabah,Penampang,property,theft_other,2017,229
8802,Sabah,Penampang,property,theft_other,2018,231
8803,Sabah,Penampang,property,theft_other,2019,231
8804,Sabah,Penampang,property,theft_other,2020,104
8805,Sabah,Penampang,property,theft_other,2021,89
8806,Sabah,Penampang,property,theft_other,2022,74
8807,Sabah,Penampang,property,theft_other,2023,75
8808,Sabah,Penampang,property,theft_vehicle_lorry,2016,29
8809,Sabah,Penampang,property,theft_vehicle_lorry,2017,30
8810,Sabah,Penampang,property,theft_vehicle_lorry,2018,14
8811,Sabah,Penampang,property,theft_vehicle_lorry,2019,15
8812,Sabah,Penampang,property,theft_vehicle_lorry,2020,8
8813,Sabah,Penampang,property,theft_vehicle_lorry,2021,4
8814,Sabah,Penampang,property,theft_vehicle_lorry,2022,3
8815,Sabah,Penampang,property,theft_vehicle_lorry,2023,4
8816,Sabah,Penampang,property,theft_vehicle_motorcar,2016,25
8817,Sabah,Penampang,property,theft_vehicle_motorcar,2017,32
8818,Sabah,Penampang,property,theft_vehicle_motorcar,2018,15
8819,Sabah,Penampang,property,theft_vehicle_motorcar,2019,21
8820,Sabah,Penampang,property,theft_vehicle_motorcar,2020,11
8821,Sabah,Penampang,property,theft_vehicle_motorcar,2021,10
8822,Sabah,Penampang,property,theft_vehicle_motorcar,2022,10
8823,Sabah,Penampang,property,theft_vehicle_motorcar,2023,7
8824,Sabah,Penampang,property,theft_vehicle_motorcycle,2016,85
8825,Sabah,Penampang,property,theft_vehicle_motorcycle,2017,60
8826,Sabah,Penampang,property,theft_vehicle_motorcycle,2018,65
8827,Sabah,Penampang,property,theft_vehicle_motorcycle,2019,44
8828,Sabah,Penampang,property,theft_vehicle_motorcycle,2020,34
8829,Sabah,Penampang,property,theft_vehicle_motorcycle,2021,30
8830,Sabah,Penampang,property,theft_vehicle_motorcycle,2022,50
8831,Sabah,Penampang,property,theft_vehicle_motorcycle,2023,38
8832,Sabah,Ranau,assault,causing_injury,2016,9
8833,Sabah,Ranau,assault,causing_injury,2017,5
8834,Sabah,Ranau,assault,causing_injury,2018,4
8835,Sabah,Ranau,assault,causing_injury,2019,6
8836,Sabah,Ranau,assault,causing_injury,2020,7
8837,Sabah,Ranau,assault,causing_injury,2021,5
8838,Sabah,Ranau,assault,causing_injury,2022,6
8839,Sabah,Ranau,assault,causing_injury,2023,3
8840,Sabah,Ranau,assault,murder,2016,1
8841,Sabah,Ranau,assault,murder,2017,3
8842,Sabah,Ranau,assault,murder,2018,2
8843,Sabah,Ranau,assault,murder,2019,3
8844,Sabah,Ranau,assault,murder,2020,0
8845,Sabah,Ranau,assault,murder,2021,1
8846,Sabah,Ranau,assault,murder,2022,0
8847,Sabah,Ranau,assault,murder,2023,1
8848,Sabah,Ranau,assault,rape,2016,10
8849,Sabah,Ranau,assault,rape,2017,7
8850,Sabah,Ranau,assault,rape,2018,4
8851,Sabah,Ranau,assault,rape,2019,7
8852,Sabah,Ranau,assault,rape,2020,4
8853,Sabah,Ranau,assault,rape,2021,0
8854,Sabah,Ranau,assault,rape,2022,2
8855,Sabah,Ranau,assault,rape,2023,4
8856,Sabah,Ranau,assault,robbery_gang_armed,2016,0
8857,Sabah,Ranau,assault,robbery_gang_armed,2017,0
8858,Sabah,Ranau,assault,robbery_gang_armed,2018,0
8859,Sabah,Ranau,assault,robbery_gang_armed,2019,0
8860,Sabah,Ranau,assault,robbery_gang_armed,2020,0
8861,Sabah,Ranau,assault,robbery_gang_armed,2021,0
8862,Sabah,Ranau,assault,robbery_gang_armed,2022,0
8863,Sabah,Ranau,assault,robbery_gang_armed,2023,0
8864,Sabah,Ranau,assault,robbery_gang_unarmed,2016,0
8865,Sabah,Ranau,assault,robbery_gang_unarmed,2017,1
8866,Sabah,Ranau,assault,robbery_gang_unarmed,2018,0
8867,Sabah,Ranau,assault,robbery_gang_unarmed,2019,0
8868,Sabah,Ranau,assault,robbery_gang_unarmed,2020,0
8869,Sabah,Ranau,assault,robbery_gang_unarmed,2021,2
8870,Sabah,Ranau,assault,robbery_gang_unarmed,2022,0
8871,Sabah,Ranau,assault,robbery_gang_unarmed,2023,1
8872,Sabah,Ranau,assault,robbery_solo_armed,2016,0
8873,Sabah,Ranau,assault,robbery_solo_armed,2017,0
8874,Sabah,Ranau,assault,robbery_solo_armed,2018,0
8875,Sabah,Ranau,assault,robbery_solo_armed,2019,0
8876,Sabah,Ranau,assault,robbery_solo_armed,2020,0
8877,Sabah,Ranau,assault,robbery_solo_armed,2021,0
8878,Sabah,Ranau,assault,robbery_solo_armed,2022,0
8879,Sabah,Ranau,assault,robbery_solo_armed,2023,0
8880,Sabah,Ranau,assault,robbery_solo_unarmed,2016,0
8881,Sabah,Ranau,assault,robbery_solo_unarmed,2017,0
8882,Sabah,Ranau,assault,robbery_solo_unarmed,2018,0
8883,Sabah,Ranau,assault,robbery_solo_unarmed,2019,2
8884,Sabah,Ranau,assault,robbery_solo_unarmed,2020,0
8885,Sabah,Ranau,assault,robbery_solo_unarmed,2021,2
8886,Sabah,Ranau,assault,robbery_solo_unarmed,2022,0
8887,Sabah,Ranau,assault,robbery_solo_unarmed,2023,0
8888,Sabah,Ranau,property,break_in,2016,26
8889,Sabah,Ranau,property,break_in,2017,21
8890,Sabah,Ranau,property,break_in,2018,26
8891,Sabah,Ranau,property,break_in,2019,33
8892,Sabah,Ranau,property,break_in,2020,21
8893,Sabah,Ranau,property,break_in,2021,20
8894,Sabah,Ranau,property,break_in,2022,25
8895,Sabah,Ranau,property,break_in,2023,25
8896,Sabah,Ranau,property,theft_other,2016,32
8897,Sabah,Ranau,property,theft_other,2017,26
8898,Sabah,Ranau,property,theft_other,2018,21
8899,Sabah,Ranau,property,theft_other,2019,33
8900,Sabah,Ranau,property,theft_other,2020,19
8901,Sabah,Ranau,property,theft_other,2021,24
8902,Sabah,Ranau,property,theft_other,2022,32
8903,Sabah,Ranau,property,theft_other,2023,34
8904,Sabah,Ranau,property,theft_vehicle_lorry,2016,1
8905,Sabah,Ranau,property,theft_vehicle_lorry,2017,1
8906,Sabah,Ranau,property,theft_vehicle_lorry,2018,0
8907,Sabah,Ranau,property,theft_vehicle_lorry,2019,2
8908,Sabah,Ranau,property,theft_vehicle_lorry,2020,1
8909,Sabah,Ranau,property,theft_vehicle_lorry,2021,0
8910,Sabah,Ranau,property,theft_vehicle_lorry,2022,2
8911,Sabah,Ranau,property,theft_vehicle_lorry,2023,0
8912,Sabah,Ranau,property,theft_vehicle_motorcar,2016,4
8913,Sabah,Ranau,property,theft_vehicle_motorcar,2017,5
8914,Sabah,Ranau,property,theft_vehicle_motorcar,2018,3
8915,Sabah,Ranau,property,theft_vehicle_motorcar,2019,5
8916,Sabah,Ranau,property,theft_vehicle_motorcar,2020,1
8917,Sabah,Ranau,property,theft_vehicle_motorcar,2021,0
8918,Sabah,Ranau,property,theft_vehicle_motorcar,2022,3
8919,Sabah,Ranau,property,theft_vehicle_motorcar,2023,2
8920,Sabah,Ranau,property,theft_vehicle_motorcycle,2016,14
8921,Sabah,Ranau,property,theft_vehicle_motorcycle,2017,4
8922,Sabah,Ranau,property,theft_vehicle_motorcycle,2018,6
8923,Sabah,Ranau,property,theft_vehicle_motorcycle,2019,6
8924,Sabah,Ranau,property,theft_vehicle_motorcycle,2020,4
8925,Sabah,Ranau,property,theft_vehicle_motorcycle,2021,5
8926,Sabah,Ranau,property,theft_vehicle_motorcycle,2022,4
8927,Sabah,Ranau,property,theft_vehicle_motorcycle,2023,9
8928,Sabah,Sandakan,assault,causing_injury,2016,10
8929,Sabah,Sandakan,assault,causing_injury,2017,17
8930,Sabah,Sandakan,assault,causing_injury,2018,12
8931,Sabah,Sandakan,assault,causing_injury,2019,30
8932,Sabah,Sandakan,assault,causing_injury,2020,18
8933,Sabah,Sandakan,assault,causing_injury,2021,18
8934,Sabah,Sandakan,assault,causing_injury,2022,10
8935,Sabah,Sandakan,assault,causing_injury,2023,12
8936,Sabah,Sandakan,assault,murder,2016,4
8937,Sabah,Sandakan,assault,murder,2017,3
8938,Sabah,Sandakan,assault,murder,2018,1
8939,Sabah,Sandakan,assault,murder,2019,1
8940,Sabah,Sandakan,assault,murder,2020,0
8941,Sabah,Sandakan,assault,murder,2021,1
8942,Sabah,Sandakan,assault,murder,2022,5
8943,Sabah,Sandakan,assault,murder,2023,1
8944,Sabah,Sandakan,assault,rape,2016,1
8945,Sabah,Sandakan,assault,rape,2017,11
8946,Sabah,Sandakan,assault,rape,2018,12
8947,Sabah,Sandakan,assault,rape,2019,19
8948,Sabah,Sandakan,assault,rape,2020,10
8949,Sabah,Sandakan,assault,rape,2021,13
8950,Sabah,Sandakan,assault,rape,2022,19
8951,Sabah,Sandakan,assault,rape,2023,19
8952,Sabah,Sandakan,assault,robbery_gang_armed,2016,0
8953,Sabah,Sandakan,assault,robbery_gang_armed,2017,0
8954,Sabah,Sandakan,assault,robbery_gang_armed,2018,0
8955,Sabah,Sandakan,assault,robbery_gang_armed,2019,1
8956,Sabah,Sandakan,assault,robbery_gang_armed,2020,0
8957,Sabah,Sandakan,assault,robbery_gang_armed,2021,0
8958,Sabah,Sandakan,assault,robbery_gang_armed,2022,0
8959,Sabah,Sandakan,assault,robbery_gang_armed,2023,0
8960,Sabah,Sandakan,assault,robbery_gang_unarmed,2016,23
8961,Sabah,Sandakan,assault,robbery_gang_unarmed,2017,29
8962,Sabah,Sandakan,assault,robbery_gang_unarmed,2018,10
8963,Sabah,Sandakan,assault,robbery_gang_unarmed,2019,7
8964,Sabah,Sandakan,assault,robbery_gang_unarmed,2020,12
8965,Sabah,Sandakan,assault,robbery_gang_unarmed,2021,6
8966,Sabah,Sandakan,assault,robbery_gang_unarmed,2022,5
8967,Sabah,Sandakan,assault,robbery_gang_unarmed,2023,5
8968,Sabah,Sandakan,assault,robbery_solo_armed,2016,0
8969,Sabah,Sandakan,assault,robbery_solo_armed,2017,0
8970,Sabah,Sandakan,assault,robbery_solo_armed,2018,0
8971,Sabah,Sandakan,assault,robbery_solo_armed,2019,0
8972,Sabah,Sandakan,assault,robbery_solo_armed,2020,0
8973,Sabah,Sandakan,assault,robbery_solo_armed,2021,0
8974,Sabah,Sandakan,assault,robbery_solo_armed,2022,0
8975,Sabah,Sandakan,assault,robbery_solo_armed,2023,0
8976,Sabah,Sandakan,assault,robbery_solo_unarmed,2016,8
8977,Sabah,Sandakan,assault,robbery_solo_unarmed,2017,26
8978,Sabah,Sandakan,assault,robbery_solo_unarmed,2018,14
8979,Sabah,Sandakan,assault,robbery_solo_unarmed,2019,16
8980,Sabah,Sandakan,assault,robbery_solo_unarmed,2020,9
8981,Sabah,Sandakan,assault,robbery_solo_unarmed,2021,13
8982,Sabah,Sandakan,assault,robbery_solo_unarmed,2022,8
8983,Sabah,Sandakan,assault,robbery_solo_unarmed,2023,10
8984,Sabah,Sandakan,property,break_in,2016,230
8985,Sabah,Sandakan,property,break_in,2017,238
8986,Sabah,Sandakan,property,break_in,2018,285
8987,Sabah,Sandakan,property,break_in,2019,215
8988,Sabah,Sandakan,property,break_in,2020,220
8989,Sabah,Sandakan,property,break_in,2021,149
8990,Sabah,Sandakan,property,break_in,2022,179
8991,Sabah,Sandakan,property,break_in,2023,208
8992,Sabah,Sandakan,property,theft_other,2016,80
8993,Sabah,Sandakan,property,theft_other,2017,206
8994,Sabah,Sandakan,property,theft_other,2018,243
8995,Sabah,Sandakan,property,theft_other,2019,276
8996,Sabah,Sandakan,property,theft_other,2020,228
8997,Sabah,Sandakan,property,theft_other,2021,249
8998,Sabah,Sandakan,property,theft_other,2022,283
8999,Sabah,Sandakan,property,theft_other,2023,258
9000,Sabah,Sandakan,property,theft_vehicle_lorry,2016,15
9001,Sabah,Sandakan,property,theft_vehicle_lorry,2017,9
9002,Sabah,Sandakan,property,theft_vehicle_lorry,2018,6
9003,Sabah,Sandakan,property,theft_vehicle_lorry,2019,6
9004,Sabah,Sandakan,property,theft_vehicle_lorry,2020,3
9005,Sabah,Sandakan,property,theft_vehicle_lorry,2021,4
9006,Sabah,Sandakan,property,theft_vehicle_lorry,2022,6
9007,Sabah,Sandakan,property,theft_vehicle_lorry,2023,2
9008,Sabah,Sandakan,property,theft_vehicle_motorcar,2016,26
9009,Sabah,Sandakan,property,theft_vehicle_motorcar,2017,27
9010,Sabah,Sandakan,property,theft_vehicle_motorcar,2018,21
9011,Sabah,Sandakan,property,theft_vehicle_motorcar,2019,16
9012,Sabah,Sandakan,property,theft_vehicle_motorcar,2020,15
9013,Sabah,Sandakan,property,theft_vehicle_motorcar,2021,10
9014,Sabah,Sandakan,property,theft_vehicle_motorcar,2022,19
9015,Sabah,Sandakan,property,theft_vehicle_motorcar,2023,10
9016,Sabah,Sandakan,property,theft_vehicle_motorcycle,2016,79
9017,Sabah,Sandakan,property,theft_vehicle_motorcycle,2017,67
9018,Sabah,Sandakan,property,theft_vehicle_motorcycle,2018,32
9019,Sabah,Sandakan,property,theft_vehicle_motorcycle,2019,20
9020,Sabah,Sandakan,property,theft_vehicle_motorcycle,2020,15
9021,Sabah,Sandakan,property,theft_vehicle_motorcycle,2021,24
9022,Sabah,Sandakan,property,theft_vehicle_motorcycle,2022,34
9023,Sabah,Sandakan,property,theft_vehicle_motorcycle,2023,16
9024,Sabah,Semporna,assault,causing_injury,2016,13
9025,Sabah,Semporna,assault,causing_injury,2017,21
9026,Sabah,Semporna,assault,causing_injury,2018,15
9027,Sabah,Semporna,assault,causing_injury,2019,21
9028,Sabah,Semporna,assault,causing_injury,2020,15
9029,Sabah,Semporna,assault,causing_injury,2021,13
9030,Sabah,Semporna,assault,causing_injury,2022,15
9031,Sabah,Semporna,assault,causing_injury,2023,11
9032,Sabah,Semporna,assault,murder,2016,1
9033,Sabah,Semporna,assault,murder,2017,1
9034,Sabah,Semporna,assault,murder,2018,6
9035,Sabah,Semporna,assault,murder,2019,4
9036,Sabah,Semporna,assault,murder,2020,1
9037,Sabah,Semporna,assault,murder,2021,2
9038,Sabah,Semporna,assault,murder,2022,2
9039,Sabah,Semporna,assault,murder,2023,2
9040,Sabah,Semporna,assault,rape,2016,6
9041,Sabah,Semporna,assault,rape,2017,10
9042,Sabah,Semporna,assault,rape,2018,8
9043,Sabah,Semporna,assault,rape,2019,7
9044,Sabah,Semporna,assault,rape,2020,8
9045,Sabah,Semporna,assault,rape,2021,8
9046,Sabah,Semporna,assault,rape,2022,12
9047,Sabah,Semporna,assault,rape,2023,11
9048,Sabah,Semporna,assault,robbery_gang_armed,2016,0
9049,Sabah,Semporna,assault,robbery_gang_armed,2017,0
9050,Sabah,Semporna,assault,robbery_gang_armed,2018,0
9051,Sabah,Semporna,assault,robbery_gang_armed,2019,1
9052,Sabah,Semporna,assault,robbery_gang_armed,2020,0
9053,Sabah,Semporna,assault,robbery_gang_armed,2021,0
9054,Sabah,Semporna,assault,robbery_gang_armed,2022,0
9055,Sabah,Semporna,assault,robbery_gang_armed,2023,0
9056,Sabah,Semporna,assault,robbery_gang_unarmed,2016,6
9057,Sabah,Semporna,assault,robbery_gang_unarmed,2017,1
9058,Sabah,Semporna,assault,robbery_gang_unarmed,2018,2
9059,Sabah,Semporna,assault,robbery_gang_unarmed,2019,5
9060,Sabah,Semporna,assault,robbery_gang_unarmed,2020,1
9061,Sabah,Semporna,assault,robbery_gang_unarmed,2021,4
9062,Sabah,Semporna,assault,robbery_gang_unarmed,2022,7
9063,Sabah,Semporna,assault,robbery_gang_unarmed,2023,3
9064,Sabah,Semporna,assault,robbery_solo_armed,2016,0
9065,Sabah,Semporna,assault,robbery_solo_armed,2017,0
9066,Sabah,Semporna,assault,robbery_solo_armed,2018,0
9067,Sabah,Semporna,assault,robbery_solo_armed,2019,0
9068,Sabah,Semporna,assault,robbery_solo_armed,2020,0
9069,Sabah,Semporna,assault,robbery_solo_armed,2021,0
9070,Sabah,Semporna,assault,robbery_solo_armed,2022,0
9071,Sabah,Semporna,assault,robbery_solo_armed,2023,0
9072,Sabah,Semporna,assault,robbery_solo_unarmed,2016,1
9073,Sabah,Semporna,assault,robbery_solo_unarmed,2017,5
9074,Sabah,Semporna,assault,robbery_solo_unarmed,2018,0
9075,Sabah,Semporna,assault,robbery_solo_unarmed,2019,1
9076,Sabah,Semporna,assault,robbery_solo_unarmed,2020,3
9077,Sabah,Semporna,assault,robbery_solo_unarmed,2021,7
9078,Sabah,Semporna,assault,robbery_solo_unarmed,2022,0
9079,Sabah,Semporna,assault,robbery_solo_unarmed,2023,9
9080,Sabah,Semporna,property,break_in,2016,53
9081,Sabah,Semporna,property,break_in,2017,91
9082,Sabah,Semporna,property,break_in,2018,101
9083,Sabah,Semporna,property,break_in,2019,94
9084,Sabah,Semporna,property,break_in,2020,65
9085,Sabah,Semporna,property,break_in,2021,88
9086,Sabah,Semporna,property,break_in,2022,45
9087,Sabah,Semporna,property,break_in,2023,72
9088,Sabah,Semporna,property,theft_other,2016,118
9089,Sabah,Semporna,property,theft_other,2017,193
9090,Sabah,Semporna,property,theft_other,2018,246
9091,Sabah,Semporna,property,theft_other,2019,193
9092,Sabah,Semporna,property,theft_other,2020,136
9093,Sabah,Semporna,property,theft_other,2021,128
9094,Sabah,Semporna,property,theft_other,2022,77
9095,Sabah,Semporna,property,theft_other,2023,94
9096,Sabah,Semporna,property,theft_vehicle_lorry,2016,0
9097,Sabah,Semporna,property,theft_vehicle_lorry,2017,0
9098,Sabah,Semporna,property,theft_vehicle_lorry,2018,1
9099,Sabah,Semporna,property,theft_vehicle_lorry,2019,1
9100,Sabah,Semporna,property,theft_vehicle_lorry,2020,0
9101,Sabah,Semporna,property,theft_vehicle_lorry,2021,0
9102,Sabah,Semporna,property,theft_vehicle_lorry,2022,0
9103,Sabah,Semporna,property,theft_vehicle_lorry,2023,0
9104,Sabah,Semporna,property,theft_vehicle_motorcar,2016,10
9105,Sabah,Semporna,property,theft_vehicle_motorcar,2017,11
9106,Sabah,Semporna,property,theft_vehicle_motorcar,2018,11
9107,Sabah,Semporna,property,theft_vehicle_motorcar,2019,7
9108,Sabah,Semporna,property,theft_vehicle_motorcar,2020,3
9109,Sabah,Semporna,property,theft_vehicle_motorcar,2021,7
9110,Sabah,Semporna,property,theft_vehicle_motorcar,2022,3
9111,Sabah,Semporna,property,theft_vehicle_motorcar,2023,6
9112,Sabah,Semporna,property,theft_vehicle_motorcycle,2016,27
9113,Sabah,Semporna,property,theft_vehicle_motorcycle,2017,26
9114,Sabah,Semporna,property,theft_vehicle_motorcycle,2018,19
9115,Sabah,Semporna,property,theft_vehicle_motorcycle,2019,17
9116,Sabah,Semporna,property,theft_vehicle_motorcycle,2020,10
9117,Sabah,Semporna,property,theft_vehicle_motorcycle,2021,12
9118,Sabah,Semporna,property,theft_vehicle_motorcycle,2022,8
9119,Sabah,Semporna,property,theft_vehicle_motorcycle,2023,12
9120,Sabah,Sipitang,assault,causing_injury,2016,8
9121,Sabah,Sipitang,assault,causing_injury,2017,1
9122,Sabah,Sipitang,assault,causing_injury,2018,5
9123,Sabah,Sipitang,assault,causing_injury,2019,2
9124,Sabah,Sipitang,assault,causing_injury,2020,1
9125,Sabah,Sipitang,assault,causing_injury,2021,1
9126,Sabah,Sipitang,assault,causing_injury,2022,2
9127,Sabah,Sipitang,assault,causing_injury,2023,1
9128,Sabah,Sipitang,assault,murder,2016,1
9129,Sabah,Sipitang,assault,murder,2017,1
9130,Sabah,Sipitang,assault,murder,2018,0
9131,Sabah,Sipitang,assault,murder,2019,0
9132,Sabah,Sipitang,assault,murder,2020,0
9133,Sabah,Sipitang,assault,murder,2021,0
9134,Sabah,Sipitang,assault,murder,2022,0
9135,Sabah,Sipitang,assault,murder,2023,0
9136,Sabah,Sipitang,assault,rape,2016,6
9137,Sabah,Sipitang,assault,rape,2017,4
9138,Sabah,Sipitang,assault,rape,2018,3
9139,Sabah,Sipitang,assault,rape,2019,5
9140,Sabah,Sipitang,assault,rape,2020,2
9141,Sabah,Sipitang,assault,rape,2021,1
9142,Sabah,Sipitang,assault,rape,2022,1
9143,Sabah,Sipitang,assault,rape,2023,3
9144,Sabah,Sipitang,assault,robbery_gang_armed,2016,0
9145,Sabah,Sipitang,assault,robbery_gang_armed,2017,0
9146,Sabah,Sipitang,assault,robbery_gang_armed,2018,0
9147,Sabah,Sipitang,assault,robbery_gang_armed,2019,0
9148,Sabah,Sipitang,assault,robbery_gang_armed,2020,0
9149,Sabah,Sipitang,assault,robbery_gang_armed,2021,0
9150,Sabah,Sipitang,assault,robbery_gang_armed,2022,0
9151,Sabah,Sipitang,assault,robbery_gang_armed,2023,0
9152,Sabah,Sipitang,assault,robbery_gang_unarmed,2016,0
9153,Sabah,Sipitang,assault,robbery_gang_unarmed,2017,0
9154,Sabah,Sipitang,assault,robbery_gang_unarmed,2018,0
9155,Sabah,Sipitang,assault,robbery_gang_unarmed,2019,0
9156,Sabah,Sipitang,assault,robbery_gang_unarmed,2020,1
9157,Sabah,Sipitang,assault,robbery_gang_unarmed,2021,0
9158,Sabah,Sipitang,assault,robbery_gang_unarmed,2022,0
9159,Sabah,Sipitang,assault,robbery_gang_unarmed,2023,0
9160,Sabah,Sipitang,assault,robbery_solo_armed,2016,0
9161,Sabah,Sipitang,assault,robbery_solo_armed,2017,0
9162,Sabah,Sipitang,assault,robbery_solo_armed,2018,0
9163,Sabah,Sipitang,assault,robbery_solo_armed,2019,0
9164,Sabah,Sipitang,assault,robbery_solo_armed,2020,0
9165,Sabah,Sipitang,assault,robbery_solo_armed,2021,0
9166,Sabah,Sipitang,assault,robbery_solo_armed,2022,0
9167,Sabah,Sipitang,assault,robbery_solo_armed,2023,0
9168,Sabah,Sipitang,assault,robbery_solo_unarmed,2016,1
9169,Sabah,Sipitang,assault,robbery_solo_unarmed,2017,0
9170,Sabah,Sipitang,assault,robbery_solo_unarmed,2018,0
9171,Sabah,Sipitang,assault,robbery_solo_unarmed,2019,0
9172,Sabah,Sipitang,assault,robbery_solo_unarmed,2020,0
9173,Sabah,Sipitang,assault,robbery_solo_unarmed,2021,0
9174,Sabah,Sipitang,assault,robbery_solo_unarmed,2022,2
9175,Sabah,Sipitang,assault,robbery_solo_unarmed,2023,0
9176,Sabah,Sipitang,property,break_in,2016,47
9177,Sabah,Sipitang,property,break_in,2017,26
9178,Sabah,Sipitang,property,break_in,2018,35
9179,Sabah,Sipitang,property,break_in,2019,30
9180,Sabah,Sipitang,property,break_in,2020,13
9181,Sabah,Sipitang,property,break_in,2021,25
9182,Sabah,Sipitang,property,break_in,2022,4
9183,Sabah,Sipitang,property,break_in,2023,7
9184,Sabah,Sipitang,property,theft_other,2016,32
9185,Sabah,Sipitang,property,theft_other,2017,52
9186,Sabah,Sipitang,property,theft_other,2018,52
9187,Sabah,Sipitang,property,theft_other,2019,52
9188,Sabah,Sipitang,property,theft_other,2020,13
9189,Sabah,Sipitang,property,theft_other,2021,22
9190,Sabah,Sipitang,property,theft_other,2022,19
9191,Sabah,Sipitang,property,theft_other,2023,10
9192,Sabah,Sipitang,property,theft_vehicle_lorry,2016,0
9193,Sabah,Sipitang,property,theft_vehicle_lorry,2017,2
9194,Sabah,Sipitang,property,theft_vehicle_lorry,2018,0
9195,Sabah,Sipitang,property,theft_vehicle_lorry,2019,0
9196,Sabah,Sipitang,property,theft_vehicle_lorry,2020,0
9197,Sabah,Sipitang,property,theft_vehicle_lorry,2021,1
9198,Sabah,Sipitang,property,theft_vehicle_lorry,2022,0
9199,Sabah,Sipitang,property,theft_vehicle_lorry,2023,0
9200,Sabah,Sipitang,property,theft_vehicle_motorcar,2016,3
9201,Sabah,Sipitang,property,theft_vehicle_motorcar,2017,5
9202,Sabah,Sipitang,property,theft_vehicle_motorcar,2018,2
9203,Sabah,Sipitang,property,theft_vehicle_motorcar,2019,0
9204,Sabah,Sipitang,property,theft_vehicle_motorcar,2020,0
9205,Sabah,Sipitang,property,theft_vehicle_motorcar,2021,0
9206,Sabah,Sipitang,property,theft_vehicle_motorcar,2022,0
9207,Sabah,Sipitang,property,theft_vehicle_motorcar,2023,0
9208,Sabah,Sipitang,property,theft_vehicle_motorcycle,2016,20
9209,Sabah,Sipitang,property,theft_vehicle_motorcycle,2017,11
9210,Sabah,Sipitang,property,theft_vehicle_motorcycle,2018,2
9211,Sabah,Sipitang,property,theft_vehicle_motorcycle,2019,10
9212,Sabah,Sipitang,property,theft_vehicle_motorcycle,2020,14
9213,Sabah,Sipitang,property,theft_vehicle_motorcycle,2021,4
9214,Sabah,Sipitang,property,theft_vehicle_motorcycle,2022,3
9215,Sabah,Sipitang,property,theft_vehicle_motorcycle,2023,1
9216,Sabah,Tawau,assault,causing_injury,2016,27
9217,Sabah,Tawau,assault,causing_injury,2017,23
9218,Sabah,Tawau,assault,causing_injury,2018,8
9219,Sabah,Tawau,assault,causing_injury,2019,10
9220,Sabah,Tawau,assault,causing_injury,2020,12
9221,Sabah,Tawau,assault,causing_injury,2021,10
9222,Sabah,Tawau,assault,causing_injury,2022,23
9223,Sabah,Tawau,assault,causing_injury,2023,27
9224,Sabah,Tawau,assault,murder,2016,6
9225,Sabah,Tawau,assault,murder,2017,9
9226,Sabah,Tawau,assault,murder,2018,2
9227,Sabah,Tawau,assault,murder,2019,4
9228,Sabah,Tawau,assault,murder,2020,2
9229,Sabah,Tawau,assault,murder,2021,2
9230,Sabah,Tawau,assault,murder,2022,2
9231,Sabah,Tawau,assault,murder,2023,3
9232,Sabah,Tawau,assault,rape,2016,17
9233,Sabah,Tawau,assault,rape,2017,21
9234,Sabah,Tawau,assault,rape,2018,6
9235,Sabah,Tawau,assault,rape,2019,14
9236,Sabah,Tawau,assault,rape,2020,7
9237,Sabah,Tawau,assault,rape,2021,9
9238,Sabah,Tawau,assault,rape,2022,15
9239,Sabah,Tawau,assault,rape,2023,23
9240,Sabah,Tawau,assault,robbery_gang_armed,2016,0
9241,Sabah,Tawau,assault,robbery_gang_armed,2017,0
9242,Sabah,Tawau,assault,robbery_gang_armed,2018,0
9243,Sabah,Tawau,assault,robbery_gang_armed,2019,0
9244,Sabah,Tawau,assault,robbery_gang_armed,2020,0
9245,Sabah,Tawau,assault,robbery_gang_armed,2021,0
9246,Sabah,Tawau,assault,robbery_gang_armed,2022,0
9247,Sabah,Tawau,assault,robbery_gang_armed,2023,0
9248,Sabah,Tawau,assault,robbery_gang_unarmed,2016,24
9249,Sabah,Tawau,assault,robbery_gang_unarmed,2017,29
9250,Sabah,Tawau,assault,robbery_gang_unarmed,2018,5
9251,Sabah,Tawau,assault,robbery_gang_unarmed,2019,6
9252,Sabah,Tawau,assault,robbery_gang_unarmed,2020,16
9253,Sabah,Tawau,assault,robbery_gang_unarmed,2021,7
9254,Sabah,Tawau,assault,robbery_gang_unarmed,2022,12
9255,Sabah,Tawau,assault,robbery_gang_unarmed,2023,10
9256,Sabah,Tawau,assault,robbery_solo_armed,2016,0
9257,Sabah,Tawau,assault,robbery_solo_armed,2017,0
9258,Sabah,Tawau,assault,robbery_solo_armed,2018,0
9259,Sabah,Tawau,assault,robbery_solo_armed,2019,0
9260,Sabah,Tawau,assault,robbery_solo_armed,2020,0
9261,Sabah,Tawau,assault,robbery_solo_armed,2021,0
9262,Sabah,Tawau,assault,robbery_solo_armed,2022,0
9263,Sabah,Tawau,assault,robbery_solo_armed,2023,0
9264,Sabah,Tawau,assault,robbery_solo_unarmed,2016,11
9265,Sabah,Tawau,assault,robbery_solo_unarmed,2017,15
9266,Sabah,Tawau,assault,robbery_solo_unarmed,2018,8
9267,Sabah,Tawau,assault,robbery_solo_unarmed,2019,16
9268,Sabah,Tawau,assault,robbery_solo_unarmed,2020,6
9269,Sabah,Tawau,assault,robbery_solo_unarmed,2021,10
9270,Sabah,Tawau,assault,robbery_solo_unarmed,2022,15
9271,Sabah,Tawau,assault,robbery_solo_unarmed,2023,12
9272,Sabah,Tawau,property,break_in,2016,371
9273,Sabah,Tawau,property,break_in,2017,328
9274,Sabah,Tawau,property,break_in,2018,280
9275,Sabah,Tawau,property,break_in,2019,295
9276,Sabah,Tawau,property,break_in,2020,219
9277,Sabah,Tawau,property,break_in,2021,136
9278,Sabah,Tawau,property,break_in,2022,263
9279,Sabah,Tawau,property,break_in,2023,288
9280,Sabah,Tawau,property,theft_other,2016,337
9281,Sabah,Tawau,property,theft_other,2017,436
9282,Sabah,Tawau,property,theft_other,2018,508
9283,Sabah,Tawau,property,theft_other,2019,469
9284,Sabah,Tawau,property,theft_other,2020,112
9285,Sabah,Tawau,property,theft_other,2021,125
9286,Sabah,Tawau,property,theft_other,2022,344
9287,Sabah,Tawau,property,theft_other,2023,382
9288,Sabah,Tawau,property,theft_vehicle_lorry,2016,13
9289,Sabah,Tawau,property,theft_vehicle_lorry,2017,14
9290,Sabah,Tawau,property,theft_vehicle_lorry,2018,1
9291,Sabah,Tawau,property,theft_vehicle_lorry,2019,3
9292,Sabah,Tawau,property,theft_vehicle_lorry,2020,5
9293,Sabah,Tawau,property,theft_vehicle_lorry,2021,5
9294,Sabah,Tawau,property,theft_vehicle_lorry,2022,4
9295,Sabah,Tawau,property,theft_vehicle_lorry,2023,5
9296,Sabah,Tawau,property,theft_vehicle_motorcar,2016,43
9297,Sabah,Tawau,property,theft_vehicle_motorcar,2017,39
9298,Sabah,Tawau,property,theft_vehicle_motorcar,2018,25
9299,Sabah,Tawau,property,theft_vehicle_motorcar,2019,21
9300,Sabah,Tawau,property,theft_vehicle_motorcar,2020,7
9301,Sabah,Tawau,property,theft_vehicle_motorcar,2021,7
9302,Sabah,Tawau,property,theft_vehicle_motorcar,2022,7
9303,Sabah,Tawau,property,theft_vehicle_motorcar,2023,4
9304,Sabah,Tawau,property,theft_vehicle_motorcycle,2016,132
9305,Sabah,Tawau,property,theft_vehicle_motorcycle,2017,93
9306,Sabah,Tawau,property,theft_vehicle_motorcycle,2018,57
9307,Sabah,Tawau,property,theft_vehicle_motorcycle,2019,52
9308,Sabah,Tawau,property,theft_vehicle_motorcycle,2020,46
9309,Sabah,Tawau,property,theft_vehicle_motorcycle,2021,42
9310,Sabah,Tawau,property,theft_vehicle_motorcycle,2022,72
9311,Sabah,Tawau,property,theft_vehicle_motorcycle,2023,41
9312,Sabah,Tenom,assault,causing_injury,2016,2
9313,Sabah,Tenom,assault,causing_injury,2017,4
9314,Sabah,Tenom,assault,causing_injury,2018,4
9315,Sabah,Tenom,assault,causing_injury,2019,3
9316,Sabah,Tenom,assault,causing_injury,2020,1
9317,Sabah,Tenom,assault,causing_injury,2021,4
9318,Sabah,Tenom,assault,causing_injury,2022,4
9319,Sabah,Tenom,assault,causing_injury,2023,6
9320,Sabah,Tenom,assault,murder,2016,0
9321,Sabah,Tenom,assault,murder,2017,0
9322,Sabah,Tenom,assault,murder,2018,2
9323,Sabah,Tenom,assault,murder,2019,0
9324,Sabah,Tenom,assault,murder,2020,1
9325,Sabah,Tenom,assault,murder,2021,0
9326,Sabah,Tenom,assault,murder,2022,0
9327,Sabah,Tenom,assault,murder,2023,0
9328,Sabah,Tenom,assault,rape,2016,9
9329,Sabah,Tenom,assault,rape,2017,7
9330,Sabah,Tenom,assault,rape,2018,8
9331,Sabah,Tenom,assault,rape,2019,5
9332,Sabah,Tenom,assault,rape,2020,2
9333,Sabah,Tenom,assault,rape,2021,2
9334,Sabah,Tenom,assault,rape,2022,1
9335,Sabah,Tenom,assault,rape,2023,9
9336,Sabah,Tenom,assault,robbery_gang_armed,2016,0
9337,Sabah,Tenom,assault,robbery_gang_armed,2017,0
9338,Sabah,Tenom,assault,robbery_gang_armed,2018,0
9339,Sabah,Tenom,assault,robbery_gang_armed,2019,0
9340,Sabah,Tenom,assault,robbery_gang_armed,2020,0
9341,Sabah,Tenom,assault,robbery_gang_armed,2021,0
9342,Sabah,Tenom,assault,robbery_gang_armed,2022,0
9343,Sabah,Tenom,assault,robbery_gang_armed,2023,0
9344,Sabah,Tenom,assault,robbery_gang_unarmed,2016,0
9345,Sabah,Tenom,assault,robbery_gang_unarmed,2017,0
9346,Sabah,Tenom,assault,robbery_gang_unarmed,2018,0
9347,Sabah,Tenom,assault,robbery_gang_unarmed,2019,0
9348,Sabah,Tenom,assault,robbery_gang_unarmed,2020,0
9349,Sabah,Tenom,assault,robbery_gang_unarmed,2021,0
9350,Sabah,Tenom,assault,robbery_gang_unarmed,2022,0
9351,Sabah,Tenom,assault,robbery_gang_unarmed,2023,2
9352,Sabah,Tenom,assault,robbery_solo_armed,2016,0
9353,Sabah,Tenom,assault,robbery_solo_armed,2017,0
9354,Sabah,Tenom,assault,robbery_solo_armed,2018,0
9355,Sabah,Tenom,assault,robbery_solo_armed,2019,0
9356,Sabah,Tenom,assault,robbery_solo_armed,2020,0
9357,Sabah,Tenom,assault,robbery_solo_armed,2021,0
9358,Sabah,Tenom,assault,robbery_solo_armed,2022,0
9359,Sabah,Tenom,assault,robbery_solo_armed,2023,0
9360,Sabah,Tenom,assault,robbery_solo_unarmed,2016,0
9361,Sabah,Tenom,assault,robbery_solo_unarmed,2017,0
9362,Sabah,Tenom,assault,robbery_solo_unarmed,2018,1
9363,Sabah,Tenom,assault,robbery_solo_unarmed,2019,0
9364,Sabah,Tenom,assault,robbery_solo_unarmed,2020,0
9365,Sabah,Tenom,assault,robbery_solo_unarmed,2021,0
9366,Sabah,Tenom,assault,robbery_solo_unarmed,2022,0
9367,Sabah,Tenom,assault,robbery_solo_unarmed,2023,0
9368,Sabah,Tenom,property,break_in,2016,18
9369,Sabah,Tenom,property,break_in,2017,19
9370,Sabah,Tenom,property,break_in,2018,20
9371,Sabah,Tenom,property,break_in,2019,10
9372,Sabah,Tenom,property,break_in,2020,10
9373,Sabah,Tenom,property,break_in,2021,8
9374,Sabah,Tenom,property,break_in,2022,14
9375,Sabah,Tenom,property,break_in,2023,3
9376,Sabah,Tenom,property,theft_other,2016,13
9377,Sabah,Tenom,property,theft_other,2017,10
9378,Sabah,Tenom,property,theft_other,2018,11
9379,Sabah,Tenom,property,theft_other,2019,10
9380,Sabah,Tenom,property,theft_other,2020,8
9381,Sabah,Tenom,property,theft_other,2021,14
9382,Sabah,Tenom,property,theft_other,2022,20
9383,Sabah,Tenom,property,theft_other,2023,31
9384,Sabah,Tenom,property,theft_vehicle_lorry,2016,1
9385,Sabah,Tenom,property,theft_vehicle_lorry,2017,1
9386,Sabah,Tenom,property,theft_vehicle_lorry,2018,1
9387,Sabah,Tenom,property,theft_vehicle_lorry,2019,0
9388,Sabah,Tenom,property,theft_vehicle_lorry,2020,0
9389,Sabah,Tenom,property,theft_vehicle_lorry,2021,0
9390,Sabah,Tenom,property,theft_vehicle_lorry,2022,0
9391,Sabah,Tenom,property,theft_vehicle_lorry,2023,0
9392,Sabah,Tenom,property,theft_vehicle_motorcar,2016,6
9393,Sabah,Tenom,property,theft_vehicle_motorcar,2017,1
9394,Sabah,Tenom,property,theft_vehicle_motorcar,2018,1
9395,Sabah,Tenom,property,theft_vehicle_motorcar,2019,1
9396,Sabah,Tenom,property,theft_vehicle_motorcar,2020,0
9397,Sabah,Tenom,property,theft_vehicle_motorcar,2021,0
9398,Sabah,Tenom,property,theft_vehicle_motorcar,2022,1
9399,Sabah,Tenom,property,theft_vehicle_motorcar,2023,2
9400,Sabah,Tenom,property,theft_vehicle_motorcycle,2016,3
9401,Sabah,Tenom,property,theft_vehicle_motorcycle,2017,4
9402,Sabah,Tenom,property,theft_vehicle_motorcycle,2018,3
9403,Sabah,Tenom,property,theft_vehicle_motorcycle,2019,9
9404,Sabah,Tenom,property,theft_vehicle_motorcycle,2020,1
9405,Sabah,Tenom,property,theft_vehicle_motorcycle,2021,8
9406,Sabah,Tenom,property,theft_vehicle_motorcycle,2022,0
9407,Sabah,Tenom,property,theft_vehicle_motorcycle,2023,2
9408,Sabah,Tuaran,assault,causing_injury,2016,10
9409,Sabah,Tuaran,assault,causing_injury,2017,4
9410,Sabah,Tuaran,assault,causing_injury,2018,8
9411,Sabah,Tuaran,assault,causing_injury,2019,4
9412,Sabah,Tuaran,assault,causing_injury,2020,3
9413,Sabah,Tuaran,assault,causing_injury,2021,1
9414,Sabah,Tuaran,assault,causing_injury,2022,2
9415,Sabah,Tuaran,assault,causing_injury,2023,3
9416,Sabah,Tuaran,assault,murder,2016,2
9417,Sabah,Tuaran,assault,murder,2017,2
9418,Sabah,Tuaran,assault,murder,2018,1
9419,Sabah,Tuaran,assault,murder,2019,1
9420,Sabah,Tuaran,assault,murder,2020,1
9421,Sabah,Tuaran,assault,murder,2021,0
9422,Sabah,Tuaran,assault,murder,2022,0
9423,Sabah,Tuaran,assault,murder,2023,0
9424,Sabah,Tuaran,assault,rape,2016,12
9425,Sabah,Tuaran,assault,rape,2017,11
9426,Sabah,Tuaran,assault,rape,2018,7
9427,Sabah,Tuaran,assault,rape,2019,11
9428,Sabah,Tuaran,assault,rape,2020,8
9429,Sabah,Tuaran,assault,rape,2021,6
9430,Sabah,Tuaran,assault,rape,2022,5
9431,Sabah,Tuaran,assault,rape,2023,5
9432,Sabah,Tuaran,assault,robbery_gang_armed,2016,0
9433,Sabah,Tuaran,assault,robbery_gang_armed,2017,0
9434,Sabah,Tuaran,assault,robbery_gang_armed,2018,0
9435,Sabah,Tuaran,assault,robbery_gang_armed,2019,0
9436,Sabah,Tuaran,assault,robbery_gang_armed,2020,0
9437,Sabah,Tuaran,assault,robbery_gang_armed,2021,0
9438,Sabah,Tuaran,assault,robbery_gang_armed,2022,0
9439,Sabah,Tuaran,assault,robbery_gang_armed,2023,0
9440,Sabah,Tuaran,assault,robbery_gang_unarmed,2016,2
9441,Sabah,Tuaran,assault,robbery_gang_unarmed,2017,4
9442,Sabah,Tuaran,assault,robbery_gang_unarmed,2018,0
9443,Sabah,Tuaran,assault,robbery_gang_unarmed,2019,0
9444,Sabah,Tuaran,assault,robbery_gang_unarmed,2020,1
9445,Sabah,Tuaran,assault,robbery_gang_unarmed,2021,0
9446,Sabah,Tuaran,assault,robbery_gang_unarmed,2022,0
9447,Sabah,Tuaran,assault,robbery_gang_unarmed,2023,0
9448,Sabah,Tuaran,assault,robbery_solo_armed,2016,0
9449,Sabah,Tuaran,assault,robbery_solo_armed,2017,0
9450,Sabah,Tuaran,assault,robbery_solo_armed,2018,0
9451,Sabah,Tuaran,assault,robbery_solo_armed,2019,0
9452,Sabah,Tuaran,assault,robbery_solo_armed,2020,0
9453,Sabah,Tuaran,assault,robbery_solo_armed,2021,0
9454,Sabah,Tuaran,assault,robbery_solo_armed,2022,0
9455,Sabah,Tuaran,assault,robbery_solo_armed,2023,0
9456,Sabah,Tuaran,assault,robbery_solo_unarmed,2016,0
9457,Sabah,Tuaran,assault,robbery_solo_unarmed,2017,0
9458,Sabah,Tuaran,assault,robbery_solo_unarmed,2018,0
9459,Sabah,Tuaran,assault,robbery_solo_unarmed,2019,2
9460,Sabah,Tuaran,assault,robbery_solo_unarmed,2020,1
9461,Sabah,Tuaran,assault,robbery_solo_unarmed,2021,1
9462,Sabah,Tuaran,assault,robbery_solo_unarmed,2022,0
9463,Sabah,Tuaran,assault,robbery_solo_unarmed,2023,0
9464,Sabah,Tuaran,property,break_in,2016,30
9465,Sabah,Tuaran,property,break_in,2017,38
9466,Sabah,Tuaran,property,break_in,2018,43
9467,Sabah,Tuaran,property,break_in,2019,33
9468,Sabah,Tuaran,property,break_in,2020,36
9469,Sabah,Tuaran,property,break_in,2021,22
9470,Sabah,Tuaran,property,break_in,2022,16
9471,Sabah,Tuaran,property,break_in,2023,20
9472,Sabah,Tuaran,property,theft_other,2016,26
9473,Sabah,Tuaran,property,theft_other,2017,31
9474,Sabah,Tuaran,property,theft_other,2018,41
9475,Sabah,Tuaran,property,theft_other,2019,26
9476,Sabah,Tuaran,property,theft_other,2020,13
9477,Sabah,Tuaran,property,theft_other,2021,15
9478,Sabah,Tuaran,property,theft_other,2022,18
9479,Sabah,Tuaran,property,theft_other,2023,17
9480,Sabah,Tuaran,property,theft_vehicle_lorry,2016,2
9481,Sabah,Tuaran,property,theft_vehicle_lorry,2017,0
9482,Sabah,Tuaran,property,theft_vehicle_lorry,2018,0
9483,Sabah,Tuaran,property,theft_vehicle_lorry,2019,3
9484,Sabah,Tuaran,property,theft_vehicle_lorry,2020,0
9485,Sabah,Tuaran,property,theft_vehicle_lorry,2021,0
9486,Sabah,Tuaran,property,theft_vehicle_lorry,2022,1
9487,Sabah,Tuaran,property,theft_vehicle_lorry,2023,3
9488,Sabah,Tuaran,property,theft_vehicle_motorcar,2016,4
9489,Sabah,Tuaran,property,theft_vehicle_motorcar,2017,5
9490,Sabah,Tuaran,property,theft_vehicle_motorcar,2018,7
9491,Sabah,Tuaran,property,theft_vehicle_motorcar,2019,9
9492,Sabah,Tuaran,property,theft_vehicle_motorcar,2020,2
9493,Sabah,Tuaran,property,theft_vehicle_motorcar,2021,4
9494,Sabah,Tuaran,property,theft_vehicle_motorcar,2022,6
9495,Sabah,Tuaran,property,theft_vehicle_motorcar,2023,3
9496,Sabah,Tuaran,property,theft_vehicle_motorcycle,2016,37
9497,Sabah,Tuaran,property,theft_vehicle_motorcycle,2017,29
9498,Sabah,Tuaran,property,theft_vehicle_motorcycle,2018,17
9499,Sabah,Tuaran,property,theft_vehicle_motorcycle,2019,13
9500,Sabah,Tuaran,property,theft_vehicle_motorcycle,2020,6
9501,Sabah,Tuaran,property,theft_vehicle_motorcycle,2021,8
9502,Sabah,Tuaran,property,theft_vehicle_motorcycle,2022,12
9503,Sabah,Tuaran,property,theft_vehicle_motorcycle,2023,18
9504,Sabah,W.P. Labuan,assault,causing_injury,2016,13
9505,Sabah,W.P. Labuan,assault,causing_injury,2017,6
9506,Sabah,W.P. Labuan,assault,causing_injury,2018,12
9507,Sabah,W.P. Labuan,assault,causing_injury,2019,9
9508,Sabah,W.P. Labuan,assault,causing_injury,2020,8
9509,Sabah,W.P. Labuan,assault,causing_injury,2021,5
9510,Sabah,W.P. Labuan,assault,causing_injury,2022,9
9511,Sabah,W.P. Labuan,assault,causing_injury,2023,9
9512,Sabah,W.P. Labuan,assault,murder,2016,2
9513,Sabah,W.P. Labuan,assault,murder,2017,1
9514,Sabah,W.P. Labuan,assault,murder,2018,3
9515,Sabah,W.P. Labuan,assault,murder,2019,0
9516,Sabah,W.P. Labuan,assault,murder,2020,0
9517,Sabah,W.P. Labuan,assault,murder,2021,0
9518,Sabah,W.P. Labuan,assault,murder,2022,0
9519,Sabah,W.P. Labuan,assault,murder,2023,0
9520,Sabah,W.P. Labuan,assault,rape,2016,6
9521,Sabah,W.P. Labuan,assault,rape,2017,5
9522,Sabah,W.P. Labuan,assault,rape,2018,4
9523,Sabah,W.P. Labuan,assault,rape,2019,6
9524,Sabah,W.P. Labuan,assault,rape,2020,7
9525,Sabah,W.P. Labuan,assault,rape,2021,9
9526,Sabah,W.P. Labuan,assault,rape,2022,14
9527,Sabah,W.P. Labuan,assault,rape,2023,10
9528,Sabah,W.P. Labuan,assault,robbery_gang_armed,2016,0
9529,Sabah,W.P. Labuan,assault,robbery_gang_armed,2017,0
9530,Sabah,W.P. Labuan,assault,robbery_gang_armed,2018,1
9531,Sabah,W.P. Labuan,assault,robbery_gang_armed,2019,0
9532,Sabah,W.P. Labuan,assault,robbery_gang_armed,2020,0
9533,Sabah,W.P. Labuan,assault,robbery_gang_armed,2021,0
9534,Sabah,W.P. Labuan,assault,robbery_gang_armed,2022,0
9535,Sabah,W.P. Labuan,assault,robbery_gang_armed,2023,0
9536,Sabah,W.P. Labuan,assault,robbery_gang_unarmed,2016,1
9537,Sabah,W.P. Labuan,assault,robbery_gang_unarmed,2017,5
9538,Sabah,W.P. Labuan,assault,robbery_gang_unarmed,2018,2
9539,Sabah,W.P. Labuan,assault,robbery_gang_unarmed,2019,3
9540,Sabah,W.P. Labuan,assault,robbery_gang_unarmed,2020,5
9541,Sabah,W.P. Labuan,assault,robbery_gang_unarmed,2021,1
9542,Sabah,W.P. Labuan,assault,robbery_gang_unarmed,2022,0
9543,Sabah,W.P. Labuan,assault,robbery_gang_unarmed,2023,0
9544,Sabah,W.P. Labuan,assault,robbery_solo_armed,2016,0
9545,Sabah,W.P. Labuan,assault,robbery_solo_armed,2017,0
9546,Sabah,W.P. Labuan,assault,robbery_solo_armed,2018,0
9547,Sabah,W.P. Labuan,assault,robbery_solo_armed,2019,0
9548,Sabah,W.P. Labuan,assault,robbery_solo_armed,2020,0
9549,Sabah,W.P. Labuan,assault,robbery_solo_armed,2021,0
9550,Sabah,W.P. Labuan,assault,robbery_solo_armed,2022,0
9551,Sabah,W.P. Labuan,assault,robbery_solo_armed,2023,0
9552,Sabah,W.P. Labuan,assault,robbery_solo_unarmed,2016,2
9553,Sabah,W.P. Labuan,assault,robbery_solo_unarmed,2017,3
9554,Sabah,W.P. Labuan,assault,robbery_solo_unarmed,2018,3
9555,Sabah,W.P. Labuan,assault,robbery_solo_unarmed,2019,2
9556,Sabah,W.P. Labuan,assault,robbery_solo_unarmed,2020,2
9557,Sabah,W.P. Labuan,assault,robbery_solo_unarmed,2021,2
9558,Sabah,W.P. Labuan,assault,robbery_solo_unarmed,2022,1
9559,Sabah,W.P. Labuan,assault,robbery_solo_unarmed,2023,0
9560,Sabah,W.P. Labuan,property,break_in,2016,64
9561,Sabah,W.P. Labuan,property,break_in,2017,52
9562,Sabah,W.P. Labuan,property,break_in,2018,77
9563,Sabah,W.P. Labuan,property,break_in,2019,56
9564,Sabah,W.P. Labuan,property,break_in,2020,59
9565,Sabah,W.P. Labuan,property,break_in,2021,37
9566,Sabah,W.P. Labuan,property,break_in,2022,13
9567,Sabah,W.P. Labuan,property,break_in,2023,26
9568,Sabah,W.P. Labuan,property,theft_other,2016,99
9569,Sabah,W.P. Labuan,property,theft_other,2017,115
9570,Sabah,W.P. Labuan,property,theft_other,2018,151
9571,Sabah,W.P. Labuan,property,theft_other,2019,166
9572,Sabah,W.P. Labuan,property,theft_other,2020,97
9573,Sabah,W.P. Labuan,property,theft_other,2021,81
9574,Sabah,W.P. Labuan,property,theft_other,2022,67
9575,Sabah,W.P. Labuan,property,theft_other,2023,75
9576,Sabah,W.P. Labuan,property,theft_vehicle_lorry,2016,0
9577,Sabah,W.P. Labuan,property,theft_vehicle_lorry,2017,0
9578,Sabah,W.P. Labuan,property,theft_vehicle_lorry,2018,0
9579,Sabah,W.P. Labuan,property,theft_vehicle_lorry,2019,0
9580,Sabah,W.P. Labuan,property,theft_vehicle_lorry,2020,1
9581,Sabah,W.P. Labuan,property,theft_vehicle_lorry,2021,0
9582,Sabah,W.P. Labuan,property,theft_vehicle_lorry,2022,0
9583,Sabah,W.P. Labuan,property,theft_vehicle_lorry,2023,0
9584,Sabah,W.P. Labuan,property,theft_vehicle_motorcar,2016,3
9585,Sabah,W.P. Labuan,property,theft_vehicle_motorcar,2017,2
9586,Sabah,W.P. Labuan,property,theft_vehicle_motorcar,2018,0
9587,Sabah,W.P. Labuan,property,theft_vehicle_motorcar,2019,1
9588,Sabah,W.P. Labuan,property,theft_vehicle_motorcar,2020,0
9589,Sabah,W.P. Labuan,property,theft_vehicle_motorcar,2021,0
9590,Sabah,W.P. Labuan,property,theft_vehicle_motorcar,2022,0
9591,Sabah,W.P. Labuan,property,theft_vehicle_motorcar,2023,0
9592,Sabah,W.P. Labuan,property,theft_vehicle_motorcycle,2016,26
9593,Sabah,W.P. Labuan,property,theft_vehicle_motorcycle,2017,15
9594,Sabah,W.P. Labuan,property,theft_vehicle_motorcycle,2018,13
9595,Sabah,W.P. Labuan,property,theft_vehicle_motorcycle,2019,9
9596,Sabah,W.P. Labuan,property,theft_vehicle_motorcycle,2020,6
9597,Sabah,W.P. Labuan,property,theft_vehicle_motorcycle,2021,6
9598,Sabah,W.P. Labuan,property,theft_vehicle_motorcycle,2022,7
9599,Sabah,W.P. Labuan,property,theft_vehicle_motorcycle,2023,8
9600,Sarawak,Bau,assault,causing_injury,2016,5
9601,Sarawak,Bau,assault,causing_injury,2017,4
9602,Sarawak,Bau,assault,causing_injury,2018,81
9603,Sarawak,Bau,assault,causing_injury,2019,1
9604,Sarawak,Bau,assault,causing_injury,2020,3
9605,Sarawak,Bau,assault,causing_injury,2021,4
9606,Sarawak,Bau,assault,causing_injury,2022,7
9607,Sarawak,Bau,assault,causing_injury,2023,5
9608,Sarawak,Bau,assault,murder,2016,2
9609,Sarawak,Bau,assault,murder,2017,0
9610,Sarawak,Bau,assault,murder,2018,0
9611,Sarawak,Bau,assault,murder,2019,1
9612,Sarawak,Bau,assault,murder,2020,0
9613,Sarawak,Bau,assault,murder,2021,0
9614,Sarawak,Bau,assault,murder,2022,1
9615,Sarawak,Bau,assault,murder,2023,1
9616,Sarawak,Bau,assault,rape,2016,1
9617,Sarawak,Bau,assault,rape,2017,2
9618,Sarawak,Bau,assault,rape,2018,3
9619,Sarawak,Bau,assault,rape,2019,3
9620,Sarawak,Bau,assault,rape,2020,4
9621,Sarawak,Bau,assault,rape,2021,2
9622,Sarawak,Bau,assault,rape,2022,5
9623,Sarawak,Bau,assault,rape,2023,4
9624,Sarawak,Bau,assault,robbery_gang_armed,2016,6
9625,Sarawak,Bau,assault,robbery_gang_armed,2017,0
9626,Sarawak,Bau,assault,robbery_gang_armed,2018,0
9627,Sarawak,Bau,assault,robbery_gang_armed,2019,0
9628,Sarawak,Bau,assault,robbery_gang_armed,2020,0
9629,Sarawak,Bau,assault,robbery_gang_armed,2021,0
9630,Sarawak,Bau,assault,robbery_gang_armed,2022,0
9631,Sarawak,Bau,assault,robbery_gang_armed,2023,0
9632,Sarawak,Bau,assault,robbery_gang_unarmed,2016,0
9633,Sarawak,Bau,assault,robbery_gang_unarmed,2017,3
9634,Sarawak,Bau,assault,robbery_gang_unarmed,2018,2
9635,Sarawak,Bau,assault,robbery_gang_unarmed,2019,4
9636,Sarawak,Bau,assault,robbery_gang_unarmed,2020,0
9637,Sarawak,Bau,assault,robbery_gang_unarmed,2021,0
9638,Sarawak,Bau,assault,robbery_gang_unarmed,2022,0
9639,Sarawak,Bau,assault,robbery_gang_unarmed,2023,2
9640,Sarawak,Bau,assault,robbery_solo_armed,2016,0
9641,Sarawak,Bau,assault,robbery_solo_armed,2017,0
9642,Sarawak,Bau,assault,robbery_solo_armed,2018,0
9643,Sarawak,Bau,assault,robbery_solo_armed,2019,0
9644,Sarawak,Bau,assault,robbery_solo_armed,2020,0
9645,Sarawak,Bau,assault,robbery_solo_armed,2021,0
9646,Sarawak,Bau,assault,robbery_solo_armed,2022,0
9647,Sarawak,Bau,assault,robbery_solo_armed,2023,1
9648,Sarawak,Bau,assault,robbery_solo_unarmed,2016,0
9649,Sarawak,Bau,assault,robbery_solo_unarmed,2017,0
9650,Sarawak,Bau,assault,robbery_solo_unarmed,2018,0
9651,Sarawak,Bau,assault,robbery_solo_unarmed,2019,0
9652,Sarawak,Bau,assault,robbery_solo_unarmed,2020,1
9653,Sarawak,Bau,assault,robbery_solo_unarmed,2021,0
9654,Sarawak,Bau,assault,robbery_solo_unarmed,2022,0
9655,Sarawak,Bau,assault,robbery_solo_unarmed,2023,1
9656,Sarawak,Bau,property,break_in,2016,9
9657,Sarawak,Bau,property,break_in,2017,9
9658,Sarawak,Bau,property,break_in,2018,11
9659,Sarawak,Bau,property,break_in,2019,12
9660,Sarawak,Bau,property,break_in,2020,10
9661,Sarawak,Bau,property,break_in,2021,3
9662,Sarawak,Bau,property,break_in,2022,7
9663,Sarawak,Bau,property,break_in,2023,21
9664,Sarawak,Bau,property,theft_other,2016,2
9665,Sarawak,Bau,property,theft_other,2017,4
9666,Sarawak,Bau,property,theft_other,2018,13
9667,Sarawak,Bau,property,theft_other,2019,7
9668,Sarawak,Bau,property,theft_other,2020,9
9669,Sarawak,Bau,property,theft_other,2021,23
9670,Sarawak,Bau,property,theft_other,2022,25
9671,Sarawak,Bau,property,theft_other,2023,17
9672,Sarawak,Bau,property,theft_vehicle_lorry,2016,3
9673,Sarawak,Bau,property,theft_vehicle_lorry,2017,2
9674,Sarawak,Bau,property,theft_vehicle_lorry,2018,0
9675,Sarawak,Bau,property,theft_vehicle_lorry,2019,0
9676,Sarawak,Bau,property,theft_vehicle_lorry,2020,0
9677,Sarawak,Bau,property,theft_vehicle_lorry,2021,0
9678,Sarawak,Bau,property,theft_vehicle_lorry,2022,0
9679,Sarawak,Bau,property,theft_vehicle_lorry,2023,0
9680,Sarawak,Bau,property,theft_vehicle_motorcar,2016,2
9681,Sarawak,Bau,property,theft_vehicle_motorcar,2017,1
9682,Sarawak,Bau,property,theft_vehicle_motorcar,2018,2
9683,Sarawak,Bau,property,theft_vehicle_motorcar,2019,3
9684,Sarawak,Bau,property,theft_vehicle_motorcar,2020,1
9685,Sarawak,Bau,property,theft_vehicle_motorcar,2021,0
9686,Sarawak,Bau,property,theft_vehicle_motorcar,2022,3
9687,Sarawak,Bau,property,theft_vehicle_motorcar,2023,5
9688,Sarawak,Bau,property,theft_vehicle_motorcycle,2016,25
9689,Sarawak,Bau,property,theft_vehicle_motorcycle,2017,23
9690,Sarawak,Bau,property,theft_vehicle_motorcycle,2018,16
9691,Sarawak,Bau,property,theft_vehicle_motorcycle,2019,16
9692,Sarawak,Bau,property,theft_vehicle_motorcycle,2020,7
9693,Sarawak,Bau,property,theft_vehicle_motorcycle,2021,1
9694,Sarawak,Bau,property,theft_vehicle_motorcycle,2022,10
9695,Sarawak,Bau,property,theft_vehicle_motorcycle,2023,19
9696,Sarawak,Belaga,assault,causing_injury,2016,6
9697,Sarawak,Belaga,assault,causing_injury,2017,4
9698,Sarawak,Belaga,assault,causing_injury,2018,7
9699,Sarawak,Belaga,assault,causing_injury,2019,3
9700,Sarawak,Belaga,assault,causing_injury,2020,6
9701,Sarawak,Belaga,assault,causing_injury,2021,4
9702,Sarawak,Belaga,assault,causing_injury,2022,2
9703,Sarawak,Belaga,assault,causing_injury,2023,1
9704,Sarawak,Belaga,assault,murder,2016,2
9705,Sarawak,Belaga,assault,murder,2017,0
9706,Sarawak,Belaga,assault,murder,2018,3
9707,Sarawak,Belaga,assault,murder,2019,0
9708,Sarawak,Belaga,assault,murder,2020,0
9709,Sarawak,Belaga,assault,murder,2021,0
9710,Sarawak,Belaga,assault,murder,2022,0
9711,Sarawak,Belaga,assault,murder,2023,0
9712,Sarawak,Belaga,assault,rape,2016,9
9713,Sarawak,Belaga,assault,rape,2017,2
9714,Sarawak,Belaga,assault,rape,2018,0
9715,Sarawak,Belaga,assault,rape,2019,1
9716,Sarawak,Belaga,assault,rape,2020,0
9717,Sarawak,Belaga,assault,rape,2021,3
9718,Sarawak,Belaga,assault,rape,2022,0
9719,Sarawak,Belaga,assault,rape,2023,1
9720,Sarawak,Belaga,assault,robbery_gang_armed,2016,0
9721,Sarawak,Belaga,assault,robbery_gang_armed,2017,0
9722,Sarawak,Belaga,assault,robbery_gang_armed,2018,0
9723,Sarawak,Belaga,assault,robbery_gang_armed,2019,0
9724,Sarawak,Belaga,assault,robbery_gang_armed,2020,0
9725,Sarawak,Belaga,assault,robbery_gang_armed,2021,0
9726,Sarawak,Belaga,assault,robbery_gang_armed,2022,1
9727,Sarawak,Belaga,assault,robbery_gang_armed,2023,0
9728,Sarawak,Belaga,assault,robbery_gang_unarmed,2016,0
9729,Sarawak,Belaga,assault,robbery_gang_unarmed,2017,0
9730,Sarawak,Belaga,assault,robbery_gang_unarmed,2018,0
9731,Sarawak,Belaga,assault,robbery_gang_unarmed,2019,2
9732,Sarawak,Belaga,assault,robbery_gang_unarmed,2020,0
9733,Sarawak,Belaga,assault,robbery_gang_unarmed,2021,0
9734,Sarawak,Belaga,assault,robbery_gang_unarmed,2022,0
9735,Sarawak,Belaga,assault,robbery_gang_unarmed,2023,0
9736,Sarawak,Belaga,assault,robbery_solo_armed,2016,0
9737,Sarawak,Belaga,assault,robbery_solo_armed,2017,0
9738,Sarawak,Belaga,assault,robbery_solo_armed,2018,0
9739,Sarawak,Belaga,assault,robbery_solo_armed,2019,0
9740,Sarawak,Belaga,assault,robbery_solo_armed,2020,0
9741,Sarawak,Belaga,assault,robbery_solo_armed,2021,0
9742,Sarawak,Belaga,assault,robbery_solo_armed,2022,0
9743,Sarawak,Belaga,assault,robbery_solo_armed,2023,0
9744,Sarawak,Belaga,assault,robbery_solo_unarmed,2016,0
9745,Sarawak,Belaga,assault,robbery_solo_unarmed,2017,0
9746,Sarawak,Belaga,assault,robbery_solo_unarmed,2018,0
9747,Sarawak,Belaga,assault,robbery_solo_unarmed,2019,0
9748,Sarawak,Belaga,assault,robbery_solo_unarmed,2020,0
9749,Sarawak,Belaga,assault,robbery_solo_unarmed,2021,0
9750,Sarawak,Belaga,assault,robbery_solo_unarmed,2022,0
9751,Sarawak,Belaga,assault,robbery_solo_unarmed,2023,0
9752,Sarawak,Belaga,property,break_in,2016,9
9753,Sarawak,Belaga,property,break_in,2017,20
9754,Sarawak,Belaga,property,break_in,2018,9
9755,Sarawak,Belaga,property,break_in,2019,5
9756,Sarawak,Belaga,property,break_in,2020,7
9757,Sarawak,Belaga,property,break_in,2021,4
9758,Sarawak,Belaga,property,break_in,2022,7
9759,Sarawak,Belaga,property,break_in,2023,8
9760,Sarawak,Belaga,property,theft_other,2016,44
9761,Sarawak,Belaga,property,theft_other,2017,44
9762,Sarawak,Belaga,property,theft_other,2018,25
9763,Sarawak,Belaga,property,theft_other,2019,16
9764,Sarawak,Belaga,property,theft_other,2020,9
9765,Sarawak,Belaga,property,theft_other,2021,14
9766,Sarawak,Belaga,property,theft_other,2022,8
9767,Sarawak,Belaga,property,theft_other,2023,23
9768,Sarawak,Belaga,property,theft_vehicle_lorry,2016,0
9769,Sarawak,Belaga,property,theft_vehicle_lorry,2017,1
9770,Sarawak,Belaga,property,theft_vehicle_lorry,2018,0
9771,Sarawak,Belaga,property,theft_vehicle_lorry,2019,0
9772,Sarawak,Belaga,property,theft_vehicle_lorry,2020,0
9773,Sarawak,Belaga,property,theft_vehicle_lorry,2021,0
9774,Sarawak,Belaga,property,theft_vehicle_lorry,2022,0
9775,Sarawak,Belaga,property,theft_vehicle_lorry,2023,1
9776,Sarawak,Belaga,property,theft_vehicle_motorcar,2016,0
9777,Sarawak,Belaga,property,theft_vehicle_motorcar,2017,0
9778,Sarawak,Belaga,property,theft_vehicle_motorcar,2018,1
9779,Sarawak,Belaga,property,theft_vehicle_motorcar,2019,0
9780,Sarawak,Belaga,property,theft_vehicle_motorcar,2020,0
9781,Sarawak,Belaga,property,theft_vehicle_motorcar,2021,0
9782,Sarawak,Belaga,property,theft_vehicle_motorcar,2022,0
9783,Sarawak,Belaga,property,theft_vehicle_motorcar,2023,0
9784,Sarawak,Belaga,property,theft_vehicle_motorcycle,2016,2
9785,Sarawak,Belaga,property,theft_vehicle_motorcycle,2017,2
9786,Sarawak,Belaga,property,theft_vehicle_motorcycle,2018,3
9787,Sarawak,Belaga,property,theft_vehicle_motorcycle,2019,5
9788,Sarawak,Belaga,property,theft_vehicle_motorcycle,2020,2
9789,Sarawak,Belaga,property,theft_vehicle_motorcycle,2021,1
9790,Sarawak,Belaga,property,theft_vehicle_motorcycle,2022,0
9791,Sarawak,Belaga,property,theft_vehicle_motorcycle,2023,0
9792,Sarawak,Betong,assault,causing_injury,2016,3
9793,Sarawak,Betong,assault,causing_injury,2017,7
9794,Sarawak,Betong,assault,causing_injury,2018,0
9795,Sarawak,Betong,assault,causing_injury,2019,5
9796,Sarawak,Betong,assault,causing_injury,2020,6
9797,Sarawak,Betong,assault,causing_injury,2021,3
9798,Sarawak,Betong,assault,causing_injury,2022,5
9799,Sarawak,Betong,assault,causing_injury,2023,8
9800,Sarawak,Betong,assault,murder,2016,0
9801,Sarawak,Betong,assault,murder,2017,0
9802,Sarawak,Betong,assault,murder,2018,0
9803,Sarawak,Betong,assault,murder,2019,1
9804,Sarawak,Betong,assault,murder,2020,1
9805,Sarawak,Betong,assault,murder,2021,2
9806,Sarawak,Betong,assault,murder,2022,0
9807,Sarawak,Betong,assault,murder,2023,0
9808,Sarawak,Betong,assault,rape,2016,2
9809,Sarawak,Betong,assault,rape,2017,7
9810,Sarawak,Betong,assault,rape,2018,3
9811,Sarawak,Betong,assault,rape,2019,4
9812,Sarawak,Betong,assault,rape,2020,1
9813,Sarawak,Betong,assault,rape,2021,5
9814,Sarawak,Betong,assault,rape,2022,0
9815,Sarawak,Betong,assault,rape,2023,3
9816,Sarawak,Betong,assault,robbery_gang_armed,2016,1
9817,Sarawak,Betong,assault,robbery_gang_armed,2017,0
9818,Sarawak,Betong,assault,robbery_gang_armed,2018,0
9819,Sarawak,Betong,assault,robbery_gang_armed,2019,0
9820,Sarawak,Betong,assault,robbery_gang_armed,2020,0
9821,Sarawak,Betong,assault,robbery_gang_armed,2021,0
9822,Sarawak,Betong,assault,robbery_gang_armed,2022,0
9823,Sarawak,Betong,assault,robbery_gang_armed,2023,0
9824,Sarawak,Betong,assault,robbery_gang_unarmed,2016,1
9825,Sarawak,Betong,assault,robbery_gang_unarmed,2017,4
9826,Sarawak,Betong,assault,robbery_gang_unarmed,2018,2
9827,Sarawak,Betong,assault,robbery_gang_unarmed,2019,1
9828,Sarawak,Betong,assault,robbery_gang_unarmed,2020,1
9829,Sarawak,Betong,assault,robbery_gang_unarmed,2021,1
9830,Sarawak,Betong,assault,robbery_gang_unarmed,2022,1
9831,Sarawak,Betong,assault,robbery_gang_unarmed,2023,1
9832,Sarawak,Betong,assault,robbery_solo_armed,2016,0
9833,Sarawak,Betong,assault,robbery_solo_armed,2017,0
9834,Sarawak,Betong,assault,robbery_solo_armed,2018,0
9835,Sarawak,Betong,assault,robbery_solo_armed,2019,0
9836,Sarawak,Betong,assault,robbery_solo_armed,2020,0
9837,Sarawak,Betong,assault,robbery_solo_armed,2021,0
9838,Sarawak,Betong,assault,robbery_solo_armed,2022,0
9839,Sarawak,Betong,assault,robbery_solo_armed,2023,0
9840,Sarawak,Betong,assault,robbery_solo_unarmed,2016,0
9841,Sarawak,Betong,assault,robbery_solo_unarmed,2017,0
9842,Sarawak,Betong,assault,robbery_solo_unarmed,2018,1
9843,Sarawak,Betong,assault,robbery_solo_unarmed,2019,0
9844,Sarawak,Betong,assault,robbery_solo_unarmed,2020,2
9845,Sarawak,Betong,assault,robbery_solo_unarmed,2021,0
9846,Sarawak,Betong,assault,robbery_solo_unarmed,2022,0
9847,Sarawak,Betong,assault,robbery_solo_unarmed,2023,1
9848,Sarawak,Betong,property,break_in,2016,14
9849,Sarawak,Betong,property,break_in,2017,16
9850,Sarawak,Betong,property,break_in,2018,24
9851,Sarawak,Betong,property,break_in,2019,28
9852,Sarawak,Betong,property,break_in,2020,33
9853,Sarawak,Betong,property,break_in,2021,24
9854,Sarawak,Betong,property,break_in,2022,30
9855,Sarawak,Betong,property,break_in,2023,18
9856,Sarawak,Betong,property,theft_other,2016,14
9857,Sarawak,Betong,property,theft_other,2017,7
9858,Sarawak,Betong,property,theft_other,2018,21
9859,Sarawak,Betong,property,theft_other,2019,20
9860,Sarawak,Betong,property,theft_other,2020,23
9861,Sarawak,Betong,property,theft_other,2021,40
9862,Sarawak,Betong,property,theft_other,2022,30
9863,Sarawak,Betong,property,theft_other,2023,32
9864,Sarawak,Betong,property,theft_vehicle_lorry,2016,0
9865,Sarawak,Betong,property,theft_vehicle_lorry,2017,1
9866,Sarawak,Betong,property,theft_vehicle_lorry,2018,0
9867,Sarawak,Betong,property,theft_vehicle_lorry,2019,0
9868,Sarawak,Betong,property,theft_vehicle_lorry,2020,0
9869,Sarawak,Betong,property,theft_vehicle_lorry,2021,0
9870,Sarawak,Betong,property,theft_vehicle_lorry,2022,0
9871,Sarawak,Betong,property,theft_vehicle_lorry,2023,1
9872,Sarawak,Betong,property,theft_vehicle_motorcar,2016,4
9873,Sarawak,Betong,property,theft_vehicle_motorcar,2017,4
9874,Sarawak,Betong,property,theft_vehicle_motorcar,2018,1
9875,Sarawak,Betong,property,theft_vehicle_motorcar,2019,1
9876,Sarawak,Betong,property,theft_vehicle_motorcar,2020,1
9877,Sarawak,Betong,property,theft_vehicle_motorcar,2021,1
9878,Sarawak,Betong,property,theft_vehicle_motorcar,2022,8
9879,Sarawak,Betong,property,theft_vehicle_motorcar,2023,3
9880,Sarawak,Betong,property,theft_vehicle_motorcycle,2016,37
9881,Sarawak,Betong,property,theft_vehicle_motorcycle,2017,17
9882,Sarawak,Betong,property,theft_vehicle_motorcycle,2018,16
9883,Sarawak,Betong,property,theft_vehicle_motorcycle,2019,7
9884,Sarawak,Betong,property,theft_vehicle_motorcycle,2020,4
9885,Sarawak,Betong,property,theft_vehicle_motorcycle,2021,8
9886,Sarawak,Betong,property,theft_vehicle_motorcycle,2022,8
9887,Sarawak,Betong,property,theft_vehicle_motorcycle,2023,10
9888,Sarawak,Bintulu,assault,causing_injury,2016,32
9889,Sarawak,Bintulu,assault,causing_injury,2017,21
9890,Sarawak,Bintulu,assault,causing_injury,2018,3
9891,Sarawak,Bintulu,assault,causing_injury,2019,17
9892,Sarawak,Bintulu,assault,causing_injury,2020,23
9893,Sarawak,Bintulu,assault,causing_injury,2021,21
9894,Sarawak,Bintulu,assault,causing_injury,2022,25
9895,Sarawak,Bintulu,assault,causing_injury,2023,14
9896,Sarawak,Bintulu,assault,murder,2016,3
9897,Sarawak,Bintulu,assault,murder,2017,2
9898,Sarawak,Bintulu,assault,murder,2018,0
9899,Sarawak,Bintulu,assault,murder,2019,4
9900,Sarawak,Bintulu,assault,murder,2020,1
9901,Sarawak,Bintulu,assault,murder,2021,3
9902,Sarawak,Bintulu,assault,murder,2022,2
9903,Sarawak,Bintulu,assault,murder,2023,2
9904,Sarawak,Bintulu,assault,rape,2016,19
9905,Sarawak,Bintulu,assault,rape,2017,12
9906,Sarawak,Bintulu,assault,rape,2018,5
9907,Sarawak,Bintulu,assault,rape,2019,7
9908,Sarawak,Bintulu,assault,rape,2020,4
9909,Sarawak,Bintulu,assault,rape,2021,3
9910,Sarawak,Bintulu,assault,rape,2022,12
9911,Sarawak,Bintulu,assault,rape,2023,12
9912,Sarawak,Bintulu,assault,robbery_gang_armed,2016,0
9913,Sarawak,Bintulu,assault,robbery_gang_armed,2017,0
9914,Sarawak,Bintulu,assault,robbery_gang_armed,2018,0
9915,Sarawak,Bintulu,assault,robbery_gang_armed,2019,0
9916,Sarawak,Bintulu,assault,robbery_gang_armed,2020,0
9917,Sarawak,Bintulu,assault,robbery_gang_armed,2021,0
9918,Sarawak,Bintulu,assault,robbery_gang_armed,2022,0
9919,Sarawak,Bintulu,assault,robbery_gang_armed,2023,1
9920,Sarawak,Bintulu,assault,robbery_gang_unarmed,2016,13
9921,Sarawak,Bintulu,assault,robbery_gang_unarmed,2017,20
9922,Sarawak,Bintulu,assault,robbery_gang_unarmed,2018,18
9923,Sarawak,Bintulu,assault,robbery_gang_unarmed,2019,22
9924,Sarawak,Bintulu,assault,robbery_gang_unarmed,2020,2
9925,Sarawak,Bintulu,assault,robbery_gang_unarmed,2021,1
9926,Sarawak,Bintulu,assault,robbery_gang_unarmed,2022,5
9927,Sarawak,Bintulu,assault,robbery_gang_unarmed,2023,5
9928,Sarawak,Bintulu,assault,robbery_solo_armed,2016,0
9929,Sarawak,Bintulu,assault,robbery_solo_armed,2017,0
9930,Sarawak,Bintulu,assault,robbery_solo_armed,2018,0
9931,Sarawak,Bintulu,assault,robbery_solo_armed,2019,0
9932,Sarawak,Bintulu,assault,robbery_solo_armed,2020,0
9933,Sarawak,Bintulu,assault,robbery_solo_armed,2021,0
9934,Sarawak,Bintulu,assault,robbery_solo_armed,2022,0
9935,Sarawak,Bintulu,assault,robbery_solo_armed,2023,0
9936,Sarawak,Bintulu,assault,robbery_solo_unarmed,2016,5
9937,Sarawak,Bintulu,assault,robbery_solo_unarmed,2017,8
9938,Sarawak,Bintulu,assault,robbery_solo_unarmed,2018,8
9939,Sarawak,Bintulu,assault,robbery_solo_unarmed,2019,3
9940,Sarawak,Bintulu,assault,robbery_solo_unarmed,2020,3
9941,Sarawak,Bintulu,assault,robbery_solo_unarmed,2021,3
9942,Sarawak,Bintulu,assault,robbery_solo_unarmed,2022,6
9943,Sarawak,Bintulu,assault,robbery_solo_unarmed,2023,3
9944,Sarawak,Bintulu,property,break_in,2016,157
9945,Sarawak,Bintulu,property,break_in,2017,145
9946,Sarawak,Bintulu,property,break_in,2018,104
9947,Sarawak,Bintulu,property,break_in,2019,113
9948,Sarawak,Bintulu,property,break_in,2020,94
9949,Sarawak,Bintulu,property,break_in,2021,63
9950,Sarawak,Bintulu,property,break_in,2022,108
9951,Sarawak,Bintulu,property,break_in,2023,109
9952,Sarawak,Bintulu,property,theft_other,2016,149
9953,Sarawak,Bintulu,property,theft_other,2017,144
9954,Sarawak,Bintulu,property,theft_other,2018,133
9955,Sarawak,Bintulu,property,theft_other,2019,147
9956,Sarawak,Bintulu,property,theft_other,2020,143
9957,Sarawak,Bintulu,property,theft_other,2021,179
9958,Sarawak,Bintulu,property,theft_other,2022,178
9959,Sarawak,Bintulu,property,theft_other,2023,149
9960,Sarawak,Bintulu,property,theft_vehicle_lorry,2016,23
9961,Sarawak,Bintulu,property,theft_vehicle_lorry,2017,13
9962,Sarawak,Bintulu,property,theft_vehicle_lorry,2018,6
9963,Sarawak,Bintulu,property,theft_vehicle_lorry,2019,10
9964,Sarawak,Bintulu,property,theft_vehicle_lorry,2020,5
9965,Sarawak,Bintulu,property,theft_vehicle_lorry,2021,1
9966,Sarawak,Bintulu,property,theft_vehicle_lorry,2022,1
9967,Sarawak,Bintulu,property,theft_vehicle_lorry,2023,3
9968,Sarawak,Bintulu,property,theft_vehicle_motorcar,2016,115
9969,Sarawak,Bintulu,property,theft_vehicle_motorcar,2017,68
9970,Sarawak,Bintulu,property,theft_vehicle_motorcar,2018,31
9971,Sarawak,Bintulu,property,theft_vehicle_motorcar,2019,28
9972,Sarawak,Bintulu,property,theft_vehicle_motorcar,2020,21
9973,Sarawak,Bintulu,property,theft_vehicle_motorcar,2021,10
9974,Sarawak,Bintulu,property,theft_vehicle_motorcar,2022,23
9975,Sarawak,Bintulu,property,theft_vehicle_motorcar,2023,17
9976,Sarawak,Bintulu,property,theft_vehicle_motorcycle,2016,166
9977,Sarawak,Bintulu,property,theft_vehicle_motorcycle,2017,152
9978,Sarawak,Bintulu,property,theft_vehicle_motorcycle,2018,155
9979,Sarawak,Bintulu,property,theft_vehicle_motorcycle,2019,118
9980,Sarawak,Bintulu,property,theft_vehicle_motorcycle,2020,53
9981,Sarawak,Bintulu,property,theft_vehicle_motorcycle,2021,29
9982,Sarawak,Bintulu,property,theft_vehicle_motorcycle,2022,44
9983,Sarawak,Bintulu,property,theft_vehicle_motorcycle,2023,59
9984,Sarawak,Dalat,assault,causing_injury,2016,2
9985,Sarawak,Dalat,assault,causing_injury,2017,2
9986,Sarawak,Dalat,assault,causing_injury,2018,6
9987,Sarawak,Dalat,assault,causing_injury,2019,3
9988,Sarawak,Dalat,assault,causing_injury,2020,2
9989,Sarawak,Dalat,assault,causing_injury,2021,1
9990,Sarawak,Dalat,assault,causing_injury,2022,1
9991,Sarawak,Dalat,assault,causing_injury,2023,2
9992,Sarawak,Dalat,assault,murder,2016,0
9993,Sarawak,Dalat,assault,murder,2017,0
9994,Sarawak,Dalat,assault,murder,2018,0
9995,Sarawak,Dalat,assault,murder,2019,0
9996,Sarawak,Dalat,assault,murder,2020,0
9997,Sarawak,Dalat,assault,murder,2021,0
9998,Sarawak,Dalat,assault,murder,2022,0
9999,Sarawak,Dalat,assault,murder,2023,1
10000,Sarawak,Dalat,assault,rape,2016,0
10001,Sarawak,Dalat,assault,rape,2017,4
10002,Sarawak,Dalat,assault,rape,2018,1
10003,Sarawak,Dalat,assault,rape,2019,2
10004,Sarawak,Dalat,assault,rape,2020,1
10005,Sarawak,Dalat,assault,rape,2021,3
10006,Sarawak,Dalat,assault,rape,2022,0
10007,Sarawak,Dalat,assault,rape,2023,0
10008,Sarawak,Dalat,assault,robbery_gang_armed,2016,0
10009,Sarawak,Dalat,assault,robbery_gang_armed,2017,0
10010,Sarawak,Dalat,assault,robbery_gang_armed,2018,1
10011,Sarawak,Dalat,assault,robbery_gang_armed,2019,0
10012,Sarawak,Dalat,assault,robbery_gang_armed,2020,0
10013,Sarawak,Dalat,assault,robbery_gang_armed,2021,0
10014,Sarawak,Dalat,assault,robbery_gang_armed,2022,0
10015,Sarawak,Dalat,assault,robbery_gang_armed,2023,0
10016,Sarawak,Dalat,assault,robbery_gang_unarmed,2016,0
10017,Sarawak,Dalat,assault,robbery_gang_unarmed,2017,1
10018,Sarawak,Dalat,assault,robbery_gang_unarmed,2018,2
10019,Sarawak,Dalat,assault,robbery_gang_unarmed,2019,0
10020,Sarawak,Dalat,assault,robbery_gang_unarmed,2020,0
10021,Sarawak,Dalat,assault,robbery_gang_unarmed,2021,0
10022,Sarawak,Dalat,assault,robbery_gang_unarmed,2022,0
10023,Sarawak,Dalat,assault,robbery_gang_unarmed,2023,0
10024,Sarawak,Dalat,assault,robbery_solo_armed,2016,0
10025,Sarawak,Dalat,assault,robbery_solo_armed,2017,0
10026,Sarawak,Dalat,assault,robbery_solo_armed,2018,0
10027,Sarawak,Dalat,assault,robbery_solo_armed,2019,0
10028,Sarawak,Dalat,assault,robbery_solo_armed,2020,0
10029,Sarawak,Dalat,assault,robbery_solo_armed,2021,0
10030,Sarawak,Dalat,assault,robbery_solo_armed,2022,0
10031,Sarawak,Dalat,assault,robbery_solo_armed,2023,0
10032,Sarawak,Dalat,assault,robbery_solo_unarmed,2016,1
10033,Sarawak,Dalat,assault,robbery_solo_unarmed,2017,0
10034,Sarawak,Dalat,assault,robbery_solo_unarmed,2018,0
10035,Sarawak,Dalat,assault,robbery_solo_unarmed,2019,0
10036,Sarawak,Dalat,assault,robbery_solo_unarmed,2020,0
10037,Sarawak,Dalat,assault,robbery_solo_unarmed,2021,0
10038,Sarawak,Dalat,assault,robbery_solo_unarmed,2022,0
10039,Sarawak,Dalat,assault,robbery_solo_unarmed,2023,0
10040,Sarawak,Dalat,property,break_in,2016,13
10041,Sarawak,Dalat,property,break_in,2017,8
10042,Sarawak,Dalat,property,break_in,2018,4
10043,Sarawak,Dalat,property,break_in,2019,4
10044,Sarawak,Dalat,property,break_in,2020,3
10045,Sarawak,Dalat,property,break_in,2021,1
10046,Sarawak,Dalat,property,break_in,2022,1
10047,Sarawak,Dalat,property,break_in,2023,4
10048,Sarawak,Dalat,property,theft_other,2016,11
10049,Sarawak,Dalat,property,theft_other,2017,7
10050,Sarawak,Dalat,property,theft_other,2018,11
10051,Sarawak,Dalat,property,theft_other,2019,10
10052,Sarawak,Dalat,property,theft_other,2020,8
10053,Sarawak,Dalat,property,theft_other,2021,4
10054,Sarawak,Dalat,property,theft_other,2022,5
10055,Sarawak,Dalat,property,theft_other,2023,3
10056,Sarawak,Dalat,property,theft_vehicle_lorry,2016,4
10057,Sarawak,Dalat,property,theft_vehicle_lorry,2017,0
10058,Sarawak,Dalat,property,theft_vehicle_lorry,2018,0
10059,Sarawak,Dalat,property,theft_vehicle_lorry,2019,0
10060,Sarawak,Dalat,property,theft_vehicle_lorry,2020,0
10061,Sarawak,Dalat,property,theft_vehicle_lorry,2021,0
10062,Sarawak,Dalat,property,theft_vehicle_lorry,2022,1
10063,Sarawak,Dalat,property,theft_vehicle_lorry,2023,1
10064,Sarawak,Dalat,property,theft_vehicle_motorcar,2016,1
10065,Sarawak,Dalat,property,theft_vehicle_motorcar,2017,1
10066,Sarawak,Dalat,property,theft_vehicle_motorcar,2018,0
10067,Sarawak,Dalat,property,theft_vehicle_motorcar,2019,0
10068,Sarawak,Dalat,property,theft_vehicle_motorcar,2020,0
10069,Sarawak,Dalat,property,theft_vehicle_motorcar,2021,0
10070,Sarawak,Dalat,property,theft_vehicle_motorcar,2022,0
10071,Sarawak,Dalat,property,theft_vehicle_motorcar,2023,0
10072,Sarawak,Dalat,property,theft_vehicle_motorcycle,2016,2
10073,Sarawak,Dalat,property,theft_vehicle_motorcycle,2017,10
10074,Sarawak,Dalat,property,theft_vehicle_motorcycle,2018,1
10075,Sarawak,Dalat,property,theft_vehicle_motorcycle,2019,0
10076,Sarawak,Dalat,property,theft_vehicle_motorcycle,2020,0
10077,Sarawak,Dalat,property,theft_vehicle_motorcycle,2021,0
10078,Sarawak,Dalat,property,theft_vehicle_motorcycle,2022,0
10079,Sarawak,Dalat,property,theft_vehicle_motorcycle,2023,0
10080,Sarawak,Julau,assault,causing_injury,2016,2
10081,Sarawak,Julau,assault,causing_injury,2017,3
10082,Sarawak,Julau,assault,causing_injury,2018,1
10083,Sarawak,Julau,assault,causing_injury,2019,1
10084,Sarawak,Julau,assault,causing_injury,2020,2
10085,Sarawak,Julau,assault,causing_injury,2021,2
10086,Sarawak,Julau,assault,causing_injury,2022,2
10087,Sarawak,Julau,assault,causing_injury,2023,2
10088,Sarawak,Julau,assault,murder,2016,0
10089,Sarawak,Julau,assault,murder,2017,0
10090,Sarawak,Julau,assault,murder,2018,0
10091,Sarawak,Julau,assault,murder,2019,0
10092,Sarawak,Julau,assault,murder,2020,0
10093,Sarawak,Julau,assault,murder,2021,0
10094,Sarawak,Julau,assault,murder,2022,0
10095,Sarawak,Julau,assault,murder,2023,0
10096,Sarawak,Julau,assault,rape,2016,1
10097,Sarawak,Julau,assault,rape,2017,1
10098,Sarawak,Julau,assault,rape,2018,2
10099,Sarawak,Julau,assault,rape,2019,0
10100,Sarawak,Julau,assault,rape,2020,2
10101,Sarawak,Julau,assault,rape,2021,1
10102,Sarawak,Julau,assault,rape,2022,3
10103,Sarawak,Julau,assault,rape,2023,2
10104,Sarawak,Julau,assault,robbery_gang_armed,2016,0
10105,Sarawak,Julau,assault,robbery_gang_armed,2017,0
10106,Sarawak,Julau,assault,robbery_gang_armed,2018,0
10107,Sarawak,Julau,assault,robbery_gang_armed,2019,0
10108,Sarawak,Julau,assault,robbery_gang_armed,2020,0
10109,Sarawak,Julau,assault,robbery_gang_armed,2021,0
10110,Sarawak,Julau,assault,robbery_gang_armed,2022,0
10111,Sarawak,Julau,assault,robbery_gang_armed,2023,0
10112,Sarawak,Julau,assault,robbery_gang_unarmed,2016,0
10113,Sarawak,Julau,assault,robbery_gang_unarmed,2017,1
10114,Sarawak,Julau,assault,robbery_gang_unarmed,2018,0
10115,Sarawak,Julau,assault,robbery_gang_unarmed,2019,1
10116,Sarawak,Julau,assault,robbery_gang_unarmed,2020,0
10117,Sarawak,Julau,assault,robbery_gang_unarmed,2021,0
10118,Sarawak,Julau,assault,robbery_gang_unarmed,2022,0
10119,Sarawak,Julau,assault,robbery_gang_unarmed,2023,0
10120,Sarawak,Julau,assault,robbery_solo_armed,2016,0
10121,Sarawak,Julau,assault,robbery_solo_armed,2017,0
10122,Sarawak,Julau,assault,robbery_solo_armed,2018,0
10123,Sarawak,Julau,assault,robbery_solo_armed,2019,0
10124,Sarawak,Julau,assault,robbery_solo_armed,2020,0
10125,Sarawak,Julau,assault,robbery_solo_armed,2021,0
10126,Sarawak,Julau,assault,robbery_solo_armed,2022,0
10127,Sarawak,Julau,assault,robbery_solo_armed,2023,0
10128,Sarawak,Julau,assault,robbery_solo_unarmed,2016,0
10129,Sarawak,Julau,assault,robbery_solo_unarmed,2017,0
10130,Sarawak,Julau,assault,robbery_solo_unarmed,2018,0
10131,Sarawak,Julau,assault,robbery_solo_unarmed,2019,0
10132,Sarawak,Julau,assault,robbery_solo_unarmed,2020,0
10133,Sarawak,Julau,assault,robbery_solo_unarmed,2021,0
10134,Sarawak,Julau,assault,robbery_solo_unarmed,2022,0
10135,Sarawak,Julau,assault,robbery_solo_unarmed,2023,0
10136,Sarawak,Julau,property,break_in,2016,1
10137,Sarawak,Julau,property,break_in,2017,1
10138,Sarawak,Julau,property,break_in,2018,1
10139,Sarawak,Julau,property,break_in,2019,3
10140,Sarawak,Julau,property,break_in,2020,2
10141,Sarawak,Julau,property,break_in,2021,0
10142,Sarawak,Julau,property,break_in,2022,1
10143,Sarawak,Julau,property,break_in,2023,2
10144,Sarawak,Julau,property,theft_other,2016,4
10145,Sarawak,Julau,property,theft_other,2017,2
10146,Sarawak,Julau,property,theft_other,2018,2
10147,Sarawak,Julau,property,theft_other,2019,2
10148,Sarawak,Julau,property,theft_other,2020,4
10149,Sarawak,Julau,property,theft_other,2021,1
10150,Sarawak,Julau,property,theft_other,2022,5
10151,Sarawak,Julau,property,theft_other,2023,12
10152,Sarawak,Julau,property,theft_vehicle_lorry,2016,1
10153,Sarawak,Julau,property,theft_vehicle_lorry,2017,0
10154,Sarawak,Julau,property,theft_vehicle_lorry,2018,0
10155,Sarawak,Julau,property,theft_vehicle_lorry,2019,0
10156,Sarawak,Julau,property,theft_vehicle_lorry,2020,0
10157,Sarawak,Julau,property,theft_vehicle_lorry,2021,0
10158,Sarawak,Julau,property,theft_vehicle_lorry,2022,0
10159,Sarawak,Julau,property,theft_vehicle_lorry,2023,0
10160,Sarawak,Julau,property,theft_vehicle_motorcar,2016,2
10161,Sarawak,Julau,property,theft_vehicle_motorcar,2017,1
10162,Sarawak,Julau,property,theft_vehicle_motorcar,2018,1
10163,Sarawak,Julau,property,theft_vehicle_motorcar,2019,0
10164,Sarawak,Julau,property,theft_vehicle_motorcar,2020,0
10165,Sarawak,Julau,property,theft_vehicle_motorcar,2021,0
10166,Sarawak,Julau,property,theft_vehicle_motorcar,2022,3
10167,Sarawak,Julau,property,theft_vehicle_motorcar,2023,0
10168,Sarawak,Julau,property,theft_vehicle_motorcycle,2016,2
10169,Sarawak,Julau,property,theft_vehicle_motorcycle,2017,2
10170,Sarawak,Julau,property,theft_vehicle_motorcycle,2018,1
10171,Sarawak,Julau,property,theft_vehicle_motorcycle,2019,0
10172,Sarawak,Julau,property,theft_vehicle_motorcycle,2020,0
10173,Sarawak,Julau,property,theft_vehicle_motorcycle,2021,0
10174,Sarawak,Julau,property,theft_vehicle_motorcycle,2022,1
10175,Sarawak,Julau,property,theft_vehicle_motorcycle,2023,1
10176,Sarawak,Kanowit,assault,causing_injury,2016,1
10177,Sarawak,Kanowit,assault,causing_injury,2017,1
10178,Sarawak,Kanowit,assault,causing_injury,2018,6
10179,Sarawak,Kanowit,assault,causing_injury,2019,2
10180,Sarawak,Kanowit,assault,causing_injury,2020,2
10181,Sarawak,Kanowit,assault,causing_injury,2021,1
10182,Sarawak,Kanowit,assault,causing_injury,2022,0
10183,Sarawak,Kanowit,assault,causing_injury,2023,1
10184,Sarawak,Kanowit,assault,murder,2016,0
10185,Sarawak,Kanowit,assault,murder,2017,0
10186,Sarawak,Kanowit,assault,murder,2018,0
10187,Sarawak,Kanowit,assault,murder,2019,0
10188,Sarawak,Kanowit,assault,murder,2020,0
10189,Sarawak,Kanowit,assault,murder,2021,0
10190,Sarawak,Kanowit,assault,murder,2022,0
10191,Sarawak,Kanowit,assault,murder,2023,0
10192,Sarawak,Kanowit,assault,rape,2016,1
10193,Sarawak,Kanowit,assault,rape,2017,4
10194,Sarawak,Kanowit,assault,rape,2018,2
10195,Sarawak,Kanowit,assault,rape,2019,1
10196,Sarawak,Kanowit,assault,rape,2020,3
10197,Sarawak,Kanowit,assault,rape,2021,0
10198,Sarawak,Kanowit,assault,rape,2022,1
10199,Sarawak,Kanowit,assault,rape,2023,0
10200,Sarawak,Kanowit,assault,robbery_gang_armed,2016,0
10201,Sarawak,Kanowit,assault,robbery_gang_armed,2017,0
10202,Sarawak,Kanowit,assault,robbery_gang_armed,2018,0
10203,Sarawak,Kanowit,assault,robbery_gang_armed,2019,0
10204,Sarawak,Kanowit,assault,robbery_gang_armed,2020,0
10205,Sarawak,Kanowit,assault,robbery_gang_armed,2021,0
10206,Sarawak,Kanowit,assault,robbery_gang_armed,2022,0
10207,Sarawak,Kanowit,assault,robbery_gang_armed,2023,0
10208,Sarawak,Kanowit,assault,robbery_gang_unarmed,2016,0
10209,Sarawak,Kanowit,assault,robbery_gang_unarmed,2017,0
10210,Sarawak,Kanowit,assault,robbery_gang_unarmed,2018,0
10211,Sarawak,Kanowit,assault,robbery_gang_unarmed,2019,0
10212,Sarawak,Kanowit,assault,robbery_gang_unarmed,2020,0
10213,Sarawak,Kanowit,assault,robbery_gang_unarmed,2021,0
10214,Sarawak,Kanowit,assault,robbery_gang_unarmed,2022,1
10215,Sarawak,Kanowit,assault,robbery_gang_unarmed,2023,0
10216,Sarawak,Kanowit,assault,robbery_solo_armed,2016,0
10217,Sarawak,Kanowit,assault,robbery_solo_armed,2017,0
10218,Sarawak,Kanowit,assault,robbery_solo_armed,2018,0
10219,Sarawak,Kanowit,assault,robbery_solo_armed,2019,0
10220,Sarawak,Kanowit,assault,robbery_solo_armed,2020,0
10221,Sarawak,Kanowit,assault,robbery_solo_armed,2021,0
10222,Sarawak,Kanowit,assault,robbery_solo_armed,2022,0
10223,Sarawak,Kanowit,assault,robbery_solo_armed,2023,0
10224,Sarawak,Kanowit,assault,robbery_solo_unarmed,2016,0
10225,Sarawak,Kanowit,assault,robbery_solo_unarmed,2017,0
10226,Sarawak,Kanowit,assault,robbery_solo_unarmed,2018,0
10227,Sarawak,Kanowit,assault,robbery_solo_unarmed,2019,0
10228,Sarawak,Kanowit,assault,robbery_solo_unarmed,2020,1
10229,Sarawak,Kanowit,assault,robbery_solo_unarmed,2021,0
10230,Sarawak,Kanowit,assault,robbery_solo_unarmed,2022,2
10231,Sarawak,Kanowit,assault,robbery_solo_unarmed,2023,0
10232,Sarawak,Kanowit,property,break_in,2016,2
10233,Sarawak,Kanowit,property,break_in,2017,1
10234,Sarawak,Kanowit,property,break_in,2018,3
10235,Sarawak,Kanowit,property,break_in,2019,5
10236,Sarawak,Kanowit,property,break_in,2020,6
10237,Sarawak,Kanowit,property,break_in,2021,0
10238,Sarawak,Kanowit,property,break_in,2022,0
10239,Sarawak,Kanowit,property,break_in,2023,2
10240,Sarawak,Kanowit,property,theft_other,2016,11
10241,Sarawak,Kanowit,property,theft_other,2017,6
10242,Sarawak,Kanowit,property,theft_other,2018,4
10243,Sarawak,Kanowit,property,theft_other,2019,4
10244,Sarawak,Kanowit,property,theft_other,2020,5
10245,Sarawak,Kanowit,property,theft_other,2021,2
10246,Sarawak,Kanowit,property,theft_other,2022,0
10247,Sarawak,Kanowit,property,theft_other,2023,2
10248,Sarawak,Kanowit,property,theft_vehicle_lorry,2016,0
10249,Sarawak,Kanowit,property,theft_vehicle_lorry,2017,1
10250,Sarawak,Kanowit,property,theft_vehicle_lorry,2018,0
10251,Sarawak,Kanowit,property,theft_vehicle_lorry,2019,0
10252,Sarawak,Kanowit,property,theft_vehicle_lorry,2020,0
10253,Sarawak,Kanowit,property,theft_vehicle_lorry,2021,0
10254,Sarawak,Kanowit,property,theft_vehicle_lorry,2022,0
10255,Sarawak,Kanowit,property,theft_vehicle_lorry,2023,1
10256,Sarawak,Kanowit,property,theft_vehicle_motorcar,2016,3
10257,Sarawak,Kanowit,property,theft_vehicle_motorcar,2017,5
10258,Sarawak,Kanowit,property,theft_vehicle_motorcar,2018,0
10259,Sarawak,Kanowit,property,theft_vehicle_motorcar,2019,1
10260,Sarawak,Kanowit,property,theft_vehicle_motorcar,2020,0
10261,Sarawak,Kanowit,property,theft_vehicle_motorcar,2021,0
10262,Sarawak,Kanowit,property,theft_vehicle_motorcar,2022,4
10263,Sarawak,Kanowit,property,theft_vehicle_motorcar,2023,1
10264,Sarawak,Kanowit,property,theft_vehicle_motorcycle,2016,6
10265,Sarawak,Kanowit,property,theft_vehicle_motorcycle,2017,10
10266,Sarawak,Kanowit,property,theft_vehicle_motorcycle,2018,0
10267,Sarawak,Kanowit,property,theft_vehicle_motorcycle,2019,7
10268,Sarawak,Kanowit,property,theft_vehicle_motorcycle,2020,2
10269,Sarawak,Kanowit,property,theft_vehicle_motorcycle,2021,2
10270,Sarawak,Kanowit,property,theft_vehicle_motorcycle,2022,0
10271,Sarawak,Kanowit,property,theft_vehicle_motorcycle,2023,1
10272,Sarawak,Kapit,assault,causing_injury,2016,8
10273,Sarawak,Kapit,assault,causing_injury,2017,6
10274,Sarawak,Kapit,assault,causing_injury,2018,6
10275,Sarawak,Kapit,assault,causing_injury,2019,3
10276,Sarawak,Kapit,assault,causing_injury,2020,6
10277,Sarawak,Kapit,assault,causing_injury,2021,2
10278,Sarawak,Kapit,assault,causing_injury,2022,4
10279,Sarawak,Kapit,assault,causing_injury,2023,3
10280,Sarawak,Kapit,assault,murder,2016,0
10281,Sarawak,Kapit,assault,murder,2017,2
10282,Sarawak,Kapit,assault,murder,2018,0
10283,Sarawak,Kapit,assault,murder,2019,0
10284,Sarawak,Kapit,assault,murder,2020,0
10285,Sarawak,Kapit,assault,murder,2021,1
10286,Sarawak,Kapit,assault,murder,2022,0
10287,Sarawak,Kapit,assault,murder,2023,0
10288,Sarawak,Kapit,assault,rape,2016,8
10289,Sarawak,Kapit,assault,rape,2017,3
10290,Sarawak,Kapit,assault,rape,2018,1
10291,Sarawak,Kapit,assault,rape,2019,4
10292,Sarawak,Kapit,assault,rape,2020,1
10293,Sarawak,Kapit,assault,rape,2021,0
10294,Sarawak,Kapit,assault,rape,2022,3
10295,Sarawak,Kapit,assault,rape,2023,2
10296,Sarawak,Kapit,assault,robbery_gang_armed,2016,0
10297,Sarawak,Kapit,assault,robbery_gang_armed,2017,0
10298,Sarawak,Kapit,assault,robbery_gang_armed,2018,0
10299,Sarawak,Kapit,assault,robbery_gang_armed,2019,0
10300,Sarawak,Kapit,assault,robbery_gang_armed,2020,0
10301,Sarawak,Kapit,assault,robbery_gang_armed,2021,0
10302,Sarawak,Kapit,assault,robbery_gang_armed,2022,0
10303,Sarawak,Kapit,assault,robbery_gang_armed,2023,0
10304,Sarawak,Kapit,assault,robbery_gang_unarmed,2016,0
10305,Sarawak,Kapit,assault,robbery_gang_unarmed,2017,0
10306,Sarawak,Kapit,assault,robbery_gang_unarmed,2018,0
10307,Sarawak,Kapit,assault,robbery_gang_unarmed,2019,0
10308,Sarawak,Kapit,assault,robbery_gang_unarmed,2020,0
10309,Sarawak,Kapit,assault,robbery_gang_unarmed,2021,0
10310,Sarawak,Kapit,assault,robbery_gang_unarmed,2022,0
10311,Sarawak,Kapit,assault,robbery_gang_unarmed,2023,0
10312,Sarawak,Kapit,assault,robbery_solo_armed,2016,0
10313,Sarawak,Kapit,assault,robbery_solo_armed,2017,0
10314,Sarawak,Kapit,assault,robbery_solo_armed,2018,0
10315,Sarawak,Kapit,assault,robbery_solo_armed,2019,0
10316,Sarawak,Kapit,assault,robbery_solo_armed,2020,0
10317,Sarawak,Kapit,assault,robbery_solo_armed,2021,0
10318,Sarawak,Kapit,assault,robbery_solo_armed,2022,0
10319,Sarawak,Kapit,assault,robbery_solo_armed,2023,0
10320,Sarawak,Kapit,assault,robbery_solo_unarmed,2016,0
10321,Sarawak,Kapit,assault,robbery_solo_unarmed,2017,0
10322,Sarawak,Kapit,assault,robbery_solo_unarmed,2018,1
10323,Sarawak,Kapit,assault,robbery_solo_unarmed,2019,0
10324,Sarawak,Kapit,assault,robbery_solo_unarmed,2020,0
10325,Sarawak,Kapit,assault,robbery_solo_unarmed,2021,1
10326,Sarawak,Kapit,assault,robbery_solo_unarmed,2022,0
10327,Sarawak,Kapit,assault,robbery_solo_unarmed,2023,0
10328,Sarawak,Kapit,property,break_in,2016,7
10329,Sarawak,Kapit,property,break_in,2017,21
10330,Sarawak,Kapit,property,break_in,2018,10
10331,Sarawak,Kapit,property,break_in,2019,15
10332,Sarawak,Kapit,property,break_in,2020,8
10333,Sarawak,Kapit,property,break_in,2021,5
10334,Sarawak,Kapit,property,break_in,2022,4
10335,Sarawak,Kapit,property,break_in,2023,3
10336,Sarawak,Kapit,property,theft_other,2016,21
10337,Sarawak,Kapit,property,theft_other,2017,32
10338,Sarawak,Kapit,property,theft_other,2018,23
10339,Sarawak,Kapit,property,theft_other,2019,17
10340,Sarawak,Kapit,property,theft_other,2020,14
10341,Sarawak,Kapit,property,theft_other,2021,10
10342,Sarawak,Kapit,property,theft_other,2022,9
10343,Sarawak,Kapit,property,theft_other,2023,21
10344,Sarawak,Kapit,property,theft_vehicle_lorry,2016,1
10345,Sarawak,Kapit,property,theft_vehicle_lorry,2017,0
10346,Sarawak,Kapit,property,theft_vehicle_lorry,2018,1
10347,Sarawak,Kapit,property,theft_vehicle_lorry,2019,0
10348,Sarawak,Kapit,property,theft_vehicle_lorry,2020,0
10349,Sarawak,Kapit,property,theft_vehicle_lorry,2021,0
10350,Sarawak,Kapit,property,theft_vehicle_lorry,2022,1
10351,Sarawak,Kapit,property,theft_vehicle_lorry,2023,0
10352,Sarawak,Kapit,property,theft_vehicle_motorcar,2016,0
10353,Sarawak,Kapit,property,theft_vehicle_motorcar,2017,0
10354,Sarawak,Kapit,property,theft_vehicle_motorcar,2018,1
10355,Sarawak,Kapit,property,theft_vehicle_motorcar,2019,0
10356,Sarawak,Kapit,property,theft_vehicle_motorcar,2020,0
10357,Sarawak,Kapit,property,theft_vehicle_motorcar,2021,0
10358,Sarawak,Kapit,property,theft_vehicle_motorcar,2022,2
10359,Sarawak,Kapit,property,theft_vehicle_motorcar,2023,2
10360,Sarawak,Kapit,property,theft_vehicle_motorcycle,2016,27
10361,Sarawak,Kapit,property,theft_vehicle_motorcycle,2017,4
10362,Sarawak,Kapit,property,theft_vehicle_motorcycle,2018,5
10363,Sarawak,Kapit,property,theft_vehicle_motorcycle,2019,8
10364,Sarawak,Kapit,property,theft_vehicle_motorcycle,2020,5
10365,Sarawak,Kapit,property,theft_vehicle_motorcycle,2021,5
10366,Sarawak,Kapit,property,theft_vehicle_motorcycle,2022,6
10367,Sarawak,Kapit,property,theft_vehicle_motorcycle,2023,2
10368,Sarawak,Kota Samarahan,assault,causing_injury,2016,16
10369,Sarawak,Kota Samarahan,assault,causing_injury,2017,19
10370,Sarawak,Kota Samarahan,assault,causing_injury,2018,6
10371,Sarawak,Kota Samarahan,assault,causing_injury,2019,19
10372,Sarawak,Kota Samarahan,assault,causing_injury,2020,25
10373,Sarawak,Kota Samarahan,assault,causing_injury,2021,23
10374,Sarawak,Kota Samarahan,assault,causing_injury,2022,15
10375,Sarawak,Kota Samarahan,assault,causing_injury,2023,14
10376,Sarawak,Kota Samarahan,assault,murder,2016,3
10377,Sarawak,Kota Samarahan,assault,murder,2017,1
10378,Sarawak,Kota Samarahan,assault,murder,2018,0
10379,Sarawak,Kota Samarahan,assault,murder,2019,3
10380,Sarawak,Kota Samarahan,assault,murder,2020,0
10381,Sarawak,Kota Samarahan,assault,murder,2021,2
10382,Sarawak,Kota Samarahan,assault,murder,2022,1
10383,Sarawak,Kota Samarahan,assault,murder,2023,0
10384,Sarawak,Kota Samarahan,assault,rape,2016,3
10385,Sarawak,Kota Samarahan,assault,rape,2017,4
10386,Sarawak,Kota Samarahan,assault,rape,2018,6
10387,Sarawak,Kota Samarahan,assault,rape,2019,16
10388,Sarawak,Kota Samarahan,assault,rape,2020,19
10389,Sarawak,Kota Samarahan,assault,rape,2021,9
10390,Sarawak,Kota Samarahan,assault,rape,2022,7
10391,Sarawak,Kota Samarahan,assault,rape,2023,8
10392,Sarawak,Kota Samarahan,assault,robbery_gang_armed,2016,1
10393,Sarawak,Kota Samarahan,assault,robbery_gang_armed,2017,0
10394,Sarawak,Kota Samarahan,assault,robbery_gang_armed,2018,1
10395,Sarawak,Kota Samarahan,assault,robbery_gang_armed,2019,1
10396,Sarawak,Kota Samarahan,assault,robbery_gang_armed,2020,0
10397,Sarawak,Kota Samarahan,assault,robbery_gang_armed,2021,0
10398,Sarawak,Kota Samarahan,assault,robbery_gang_armed,2022,0
10399,Sarawak,Kota Samarahan,assault,robbery_gang_armed,2023,1
10400,Sarawak,Kota Samarahan,assault,robbery_gang_unarmed,2016,22
10401,Sarawak,Kota Samarahan,assault,robbery_gang_unarmed,2017,13
10402,Sarawak,Kota Samarahan,assault,robbery_gang_unarmed,2018,15
10403,Sarawak,Kota Samarahan,assault,robbery_gang_unarmed,2019,19
10404,Sarawak,Kota Samarahan,assault,robbery_gang_unarmed,2020,6
10405,Sarawak,Kota Samarahan,assault,robbery_gang_unarmed,2021,3
10406,Sarawak,Kota Samarahan,assault,robbery_gang_unarmed,2022,1
10407,Sarawak,Kota Samarahan,assault,robbery_gang_unarmed,2023,7
10408,Sarawak,Kota Samarahan,assault,robbery_solo_armed,2016,0
10409,Sarawak,Kota Samarahan,assault,robbery_solo_armed,2017,1
10410,Sarawak,Kota Samarahan,assault,robbery_solo_armed,2018,0
10411,Sarawak,Kota Samarahan,assault,robbery_solo_armed,2019,0
10412,Sarawak,Kota Samarahan,assault,robbery_solo_armed,2020,0
10413,Sarawak,Kota Samarahan,assault,robbery_solo_armed,2021,0
10414,Sarawak,Kota Samarahan,assault,robbery_solo_armed,2022,0
10415,Sarawak,Kota Samarahan,assault,robbery_solo_armed,2023,0
10416,Sarawak,Kota Samarahan,assault,robbery_solo_unarmed,2016,0
10417,Sarawak,Kota Samarahan,assault,robbery_solo_unarmed,2017,7
10418,Sarawak,Kota Samarahan,assault,robbery_solo_unarmed,2018,3
10419,Sarawak,Kota Samarahan,assault,robbery_solo_unarmed,2019,3
10420,Sarawak,Kota Samarahan,assault,robbery_solo_unarmed,2020,13
10421,Sarawak,Kota Samarahan,assault,robbery_solo_unarmed,2021,1
10422,Sarawak,Kota Samarahan,assault,robbery_solo_unarmed,2022,8
10423,Sarawak,Kota Samarahan,assault,robbery_solo_unarmed,2023,5
10424,Sarawak,Kota Samarahan,property,break_in,2016,92
10425,Sarawak,Kota Samarahan,property,break_in,2017,85
10426,Sarawak,Kota Samarahan,property,break_in,2018,67
10427,Sarawak,Kota Samarahan,property,break_in,2019,109
10428,Sarawak,Kota Samarahan,property,break_in,2020,210
10429,Sarawak,Kota Samarahan,property,break_in,2021,100
10430,Sarawak,Kota Samarahan,property,break_in,2022,72
10431,Sarawak,Kota Samarahan,property,break_in,2023,70
10432,Sarawak,Kota Samarahan,property,theft_other,2016,33
10433,Sarawak,Kota Samarahan,property,theft_other,2017,42
10434,Sarawak,Kota Samarahan,property,theft_other,2018,48
10435,Sarawak,Kota Samarahan,property,theft_other,2019,67
10436,Sarawak,Kota Samarahan,property,theft_other,2020,96
10437,Sarawak,Kota Samarahan,property,theft_other,2021,158
10438,Sarawak,Kota Samarahan,property,theft_other,2022,155
10439,Sarawak,Kota Samarahan,property,theft_other,2023,102
10440,Sarawak,Kota Samarahan,property,theft_vehicle_lorry,2016,5
10441,Sarawak,Kota Samarahan,property,theft_vehicle_lorry,2017,1
10442,Sarawak,Kota Samarahan,property,theft_vehicle_lorry,2018,2
10443,Sarawak,Kota Samarahan,property,theft_vehicle_lorry,2019,3
10444,Sarawak,Kota Samarahan,property,theft_vehicle_lorry,2020,0
10445,Sarawak,Kota Samarahan,property,theft_vehicle_lorry,2021,1
10446,Sarawak,Kota Samarahan,property,theft_vehicle_lorry,2022,0
10447,Sarawak,Kota Samarahan,property,theft_vehicle_lorry,2023,5
10448,Sarawak,Kota Samarahan,property,theft_vehicle_motorcar,2016,39
10449,Sarawak,Kota Samarahan,property,theft_vehicle_motorcar,2017,23
10450,Sarawak,Kota Samarahan,property,theft_vehicle_motorcar,2018,22
10451,Sarawak,Kota Samarahan,property,theft_vehicle_motorcar,2019,28
10452,Sarawak,Kota Samarahan,property,theft_vehicle_motorcar,2020,14
10453,Sarawak,Kota Samarahan,property,theft_vehicle_motorcar,2021,12
10454,Sarawak,Kota Samarahan,property,theft_vehicle_motorcar,2022,5
10455,Sarawak,Kota Samarahan,property,theft_vehicle_motorcar,2023,11
10456,Sarawak,Kota Samarahan,property,theft_vehicle_motorcycle,2016,89
10457,Sarawak,Kota Samarahan,property,theft_vehicle_motorcycle,2017,134
10458,Sarawak,Kota Samarahan,property,theft_vehicle_motorcycle,2018,177
10459,Sarawak,Kota Samarahan,property,theft_vehicle_motorcycle,2019,113
10460,Sarawak,Kota Samarahan,property,theft_vehicle_motorcycle,2020,62
10461,Sarawak,Kota Samarahan,property,theft_vehicle_motorcycle,2021,26
10462,Sarawak,Kota Samarahan,property,theft_vehicle_motorcycle,2022,46
10463,Sarawak,Kota Samarahan,property,theft_vehicle_motorcycle,2023,44
10464,Sarawak,Kuching,assault,causing_injury,2016,75
10465,Sarawak,Kuching,assault,causing_injury,2017,80
10466,Sarawak,Kuching,assault,causing_injury,2018,6
10467,Sarawak,Kuching,assault,causing_injury,2019,68
10468,Sarawak,Kuching,assault,causing_injury,2020,76
10469,Sarawak,Kuching,assault,causing_injury,2021,54
10470,Sarawak,Kuching,assault,causing_injury,2022,69
10471,Sarawak,Kuching,assault,causing_injury,2023,46
10472,Sarawak,Kuching,assault,murder,2016,1
10473,Sarawak,Kuching,assault,murder,2017,2
10474,Sarawak,Kuching,assault,murder,2018,1
10475,Sarawak,Kuching,assault,murder,2019,2
10476,Sarawak,Kuching,assault,murder,2020,1
10477,Sarawak,Kuching,assault,murder,2021,2
10478,Sarawak,Kuching,assault,murder,2022,2
10479,Sarawak,Kuching,assault,murder,2023,0
10480,Sarawak,Kuching,assault,rape,2016,12
10481,Sarawak,Kuching,assault,rape,2017,15
10482,Sarawak,Kuching,assault,rape,2018,10
10483,Sarawak,Kuching,assault,rape,2019,18
10484,Sarawak,Kuching,assault,rape,2020,16
10485,Sarawak,Kuching,assault,rape,2021,10
10486,Sarawak,Kuching,assault,rape,2022,19
10487,Sarawak,Kuching,assault,rape,2023,13
10488,Sarawak,Kuching,assault,robbery_gang_armed,2016,1
10489,Sarawak,Kuching,assault,robbery_gang_armed,2017,0
10490,Sarawak,Kuching,assault,robbery_gang_armed,2018,0
10491,Sarawak,Kuching,assault,robbery_gang_armed,2019,0
10492,Sarawak,Kuching,assault,robbery_gang_armed,2020,0
10493,Sarawak,Kuching,assault,robbery_gang_armed,2021,0
10494,Sarawak,Kuching,assault,robbery_gang_armed,2022,0
10495,Sarawak,Kuching,assault,robbery_gang_armed,2023,0
10496,Sarawak,Kuching,assault,robbery_gang_unarmed,2016,91
10497,Sarawak,Kuching,assault,robbery_gang_unarmed,2017,59
10498,Sarawak,Kuching,assault,robbery_gang_unarmed,2018,54
10499,Sarawak,Kuching,assault,robbery_gang_unarmed,2019,77
10500,Sarawak,Kuching,assault,robbery_gang_unarmed,2020,40
10501,Sarawak,Kuching,assault,robbery_gang_unarmed,2021,31
10502,Sarawak,Kuching,assault,robbery_gang_unarmed,2022,33
10503,Sarawak,Kuching,assault,robbery_gang_unarmed,2023,40
10504,Sarawak,Kuching,assault,robbery_solo_armed,2016,0
10505,Sarawak,Kuching,assault,robbery_solo_armed,2017,0
10506,Sarawak,Kuching,assault,robbery_solo_armed,2018,0
10507,Sarawak,Kuching,assault,robbery_solo_armed,2019,0
10508,Sarawak,Kuching,assault,robbery_solo_armed,2020,0
10509,Sarawak,Kuching,assault,robbery_solo_armed,2021,0
10510,Sarawak,Kuching,assault,robbery_solo_armed,2022,0
10511,Sarawak,Kuching,assault,robbery_solo_armed,2023,0
10512,Sarawak,Kuching,assault,robbery_solo_unarmed,2016,23
10513,Sarawak,Kuching,assault,robbery_solo_unarmed,2017,24
10514,Sarawak,Kuching,assault,robbery_solo_unarmed,2018,30
10515,Sarawak,Kuching,assault,robbery_solo_unarmed,2019,50
10516,Sarawak,Kuching,assault,robbery_solo_unarmed,2020,53
10517,Sarawak,Kuching,assault,robbery_solo_unarmed,2021,22
10518,Sarawak,Kuching,assault,robbery_solo_unarmed,2022,18
10519,Sarawak,Kuching,assault,robbery_solo_unarmed,2023,10
10520,Sarawak,Kuching,property,break_in,2016,306
10521,Sarawak,Kuching,property,break_in,2017,293
10522,Sarawak,Kuching,property,break_in,2018,273
10523,Sarawak,Kuching,property,break_in,2019,292
10524,Sarawak,Kuching,property,break_in,2020,398
10525,Sarawak,Kuching,property,break_in,2021,229
10526,Sarawak,Kuching,property,break_in,2022,130
10527,Sarawak,Kuching,property,break_in,2023,108
10528,Sarawak,Kuching,property,theft_other,2016,337
10529,Sarawak,Kuching,property,theft_other,2017,245
10530,Sarawak,Kuching,property,theft_other,2018,274
10531,Sarawak,Kuching,property,theft_other,2019,363
10532,Sarawak,Kuching,property,theft_other,2020,466
10533,Sarawak,Kuching,property,theft_other,2021,390
10534,Sarawak,Kuching,property,theft_other,2022,260
10535,Sarawak,Kuching,property,theft_other,2023,263
10536,Sarawak,Kuching,property,theft_vehicle_lorry,2016,18
10537,Sarawak,Kuching,property,theft_vehicle_lorry,2017,11
10538,Sarawak,Kuching,property,theft_vehicle_lorry,2018,12
10539,Sarawak,Kuching,property,theft_vehicle_lorry,2019,8
10540,Sarawak,Kuching,property,theft_vehicle_lorry,2020,1
10541,Sarawak,Kuching,property,theft_vehicle_lorry,2021,2
10542,Sarawak,Kuching,property,theft_vehicle_lorry,2022,2
10543,Sarawak,Kuching,property,theft_vehicle_lorry,2023,15
10544,Sarawak,Kuching,property,theft_vehicle_motorcar,2016,210
10545,Sarawak,Kuching,property,theft_vehicle_motorcar,2017,184
10546,Sarawak,Kuching,property,theft_vehicle_motorcar,2018,98
10547,Sarawak,Kuching,property,theft_vehicle_motorcar,2019,127
10548,Sarawak,Kuching,property,theft_vehicle_motorcar,2020,49
10549,Sarawak,Kuching,property,theft_vehicle_motorcar,2021,34
10550,Sarawak,Kuching,property,theft_vehicle_motorcar,2022,82
10551,Sarawak,Kuching,property,theft_vehicle_motorcar,2023,84
10552,Sarawak,Kuching,property,theft_vehicle_motorcycle,2016,521
10553,Sarawak,Kuching,property,theft_vehicle_motorcycle,2017,641
10554,Sarawak,Kuching,property,theft_vehicle_motorcycle,2018,504
10555,Sarawak,Kuching,property,theft_vehicle_motorcycle,2019,367
10556,Sarawak,Kuching,property,theft_vehicle_motorcycle,2020,261
10557,Sarawak,Kuching,property,theft_vehicle_motorcycle,2021,158
10558,Sarawak,Kuching,property,theft_vehicle_motorcycle,2022,215
10559,Sarawak,Kuching,property,theft_vehicle_motorcycle,2023,267
10560,Sarawak,Lawas,assault,causing_injury,2016,3
10561,Sarawak,Lawas,assault,causing_injury,2017,2
10562,Sarawak,Lawas,assault,causing_injury,2018,21
10563,Sarawak,Lawas,assault,causing_injury,2019,6
10564,Sarawak,Lawas,assault,causing_injury,2020,2
10565,Sarawak,Lawas,assault,causing_injury,2021,1
10566,Sarawak,Lawas,assault,causing_injury,2022,4
10567,Sarawak,Lawas,assault,causing_injury,2023,9
10568,Sarawak,Lawas,assault,murder,2016,0
10569,Sarawak,Lawas,assault,murder,2017,0
10570,Sarawak,Lawas,assault,murder,2018,0
10571,Sarawak,Lawas,assault,murder,2019,0
10572,Sarawak,Lawas,assault,murder,2020,0
10573,Sarawak,Lawas,assault,murder,2021,1
10574,Sarawak,Lawas,assault,murder,2022,0
10575,Sarawak,Lawas,assault,murder,2023,0
10576,Sarawak,Lawas,assault,rape,2016,2
10577,Sarawak,Lawas,assault,rape,2017,1
10578,Sarawak,Lawas,assault,rape,2018,4
10579,Sarawak,Lawas,assault,rape,2019,1
10580,Sarawak,Lawas,assault,rape,2020,3
10581,Sarawak,Lawas,assault,rape,2021,0
10582,Sarawak,Lawas,assault,rape,2022,2
10583,Sarawak,Lawas,assault,rape,2023,1
10584,Sarawak,Lawas,assault,robbery_gang_armed,2016,0
10585,Sarawak,Lawas,assault,robbery_gang_armed,2017,0
10586,Sarawak,Lawas,assault,robbery_gang_armed,2018,0
10587,Sarawak,Lawas,assault,robbery_gang_armed,2019,0
10588,Sarawak,Lawas,assault,robbery_gang_armed,2020,0
10589,Sarawak,Lawas,assault,robbery_gang_armed,2021,0
10590,Sarawak,Lawas,assault,robbery_gang_armed,2022,0
10591,Sarawak,Lawas,assault,robbery_gang_armed,2023,0
10592,Sarawak,Lawas,assault,robbery_gang_unarmed,2016,2
10593,Sarawak,Lawas,assault,robbery_gang_unarmed,2017,0
10594,Sarawak,Lawas,assault,robbery_gang_unarmed,2018,1
10595,Sarawak,Lawas,assault,robbery_gang_unarmed,2019,0
10596,Sarawak,Lawas,assault,robbery_gang_unarmed,2020,1
10597,Sarawak,Lawas,assault,robbery_gang_unarmed,2021,0
10598,Sarawak,Lawas,assault,robbery_gang_unarmed,2022,0
10599,Sarawak,Lawas,assault,robbery_gang_unarmed,2023,1
10600,Sarawak,Lawas,assault,robbery_solo_armed,2016,0
10601,Sarawak,Lawas,assault,robbery_solo_armed,2017,0
10602,Sarawak,Lawas,assault,robbery_solo_armed,2018,0
10603,Sarawak,Lawas,assault,robbery_solo_armed,2019,0
10604,Sarawak,Lawas,assault,robbery_solo_armed,2020,0
10605,Sarawak,Lawas,assault,robbery_solo_armed,2021,0
10606,Sarawak,Lawas,assault,robbery_solo_armed,2022,0
10607,Sarawak,Lawas,assault,robbery_solo_armed,2023,0
10608,Sarawak,Lawas,assault,robbery_solo_unarmed,2016,1
10609,Sarawak,Lawas,assault,robbery_solo_unarmed,2017,1
10610,Sarawak,Lawas,assault,robbery_solo_unarmed,2018,0
10611,Sarawak,Lawas,assault,robbery_solo_unarmed,2019,0
10612,Sarawak,Lawas,assault,robbery_solo_unarmed,2020,0
10613,Sarawak,Lawas,assault,robbery_solo_unarmed,2021,0
10614,Sarawak,Lawas,assault,robbery_solo_unarmed,2022,1
10615,Sarawak,Lawas,assault,robbery_solo_unarmed,2023,1
10616,Sarawak,Lawas,property,break_in,2016,14
10617,Sarawak,Lawas,property,break_in,2017,18
10618,Sarawak,Lawas,property,break_in,2018,16
10619,Sarawak,Lawas,property,break_in,2019,8
10620,Sarawak,Lawas,property,break_in,2020,9
10621,Sarawak,Lawas,property,break_in,2021,8
10622,Sarawak,Lawas,property,break_in,2022,6
10623,Sarawak,Lawas,property,break_in,2023,7
10624,Sarawak,Lawas,property,theft_other,2016,17
10625,Sarawak,Lawas,property,theft_other,2017,9
10626,Sarawak,Lawas,property,theft_other,2018,18
10627,Sarawak,Lawas,property,theft_other,2019,20
10628,Sarawak,Lawas,property,theft_other,2020,16
10629,Sarawak,Lawas,property,theft_other,2021,11
10630,Sarawak,Lawas,property,theft_other,2022,10
10631,Sarawak,Lawas,property,theft_other,2023,8
10632,Sarawak,Lawas,property,theft_vehicle_lorry,2016,0
10633,Sarawak,Lawas,property,theft_vehicle_lorry,2017,1
10634,Sarawak,Lawas,property,theft_vehicle_lorry,2018,0
10635,Sarawak,Lawas,property,theft_vehicle_lorry,2019,0
10636,Sarawak,Lawas,property,theft_vehicle_lorry,2020,0
10637,Sarawak,Lawas,property,theft_vehicle_lorry,2021,0
10638,Sarawak,Lawas,property,theft_vehicle_lorry,2022,0
10639,Sarawak,Lawas,property,theft_vehicle_lorry,2023,0
10640,Sarawak,Lawas,property,theft_vehicle_motorcar,2016,1
10641,Sarawak,Lawas,property,theft_vehicle_motorcar,2017,2
10642,Sarawak,Lawas,property,theft_vehicle_motorcar,2018,2
10643,Sarawak,Lawas,property,theft_vehicle_motorcar,2019,0
10644,Sarawak,Lawas,property,theft_vehicle_motorcar,2020,1
10645,Sarawak,Lawas,property,theft_vehicle_motorcar,2021,1
10646,Sarawak,Lawas,property,theft_vehicle_motorcar,2022,0
10647,Sarawak,Lawas,property,theft_vehicle_motorcar,2023,1
10648,Sarawak,Lawas,property,theft_vehicle_motorcycle,2016,14
10649,Sarawak,Lawas,property,theft_vehicle_motorcycle,2017,7
10650,Sarawak,Lawas,property,theft_vehicle_motorcycle,2018,5
10651,Sarawak,Lawas,property,theft_vehicle_motorcycle,2019,6
10652,Sarawak,Lawas,property,theft_vehicle_motorcycle,2020,0
10653,Sarawak,Lawas,property,theft_vehicle_motorcycle,2021,2
10654,Sarawak,Lawas,property,theft_vehicle_motorcycle,2022,6
10655,Sarawak,Lawas,property,theft_vehicle_motorcycle,2023,5
10656,Sarawak,Limbang,assault,causing_injury,2016,11
10657,Sarawak,Limbang,assault,causing_injury,2017,8
10658,Sarawak,Limbang,assault,causing_injury,2018,43
10659,Sarawak,Limbang,assault,causing_injury,2019,3
10660,Sarawak,Limbang,assault,causing_injury,2020,4
10661,Sarawak,Limbang,assault,causing_injury,2021,3
10662,Sarawak,Limbang,assault,causing_injury,2022,0
10663,Sarawak,Limbang,assault,causing_injury,2023,1
10664,Sarawak,Limbang,assault,murder,2016,0
10665,Sarawak,Limbang,assault,murder,2017,1
10666,Sarawak,Limbang,assault,murder,2018,1
10667,Sarawak,Limbang,assault,murder,2019,2
10668,Sarawak,Limbang,assault,murder,2020,0
10669,Sarawak,Limbang,assault,murder,2021,0
10670,Sarawak,Limbang,assault,murder,2022,0
10671,Sarawak,Limbang,assault,murder,2023,0
10672,Sarawak,Limbang,assault,rape,2016,5
10673,Sarawak,Limbang,assault,rape,2017,5
10674,Sarawak,Limbang,assault,rape,2018,3
10675,Sarawak,Limbang,assault,rape,2019,2
10676,Sarawak,Limbang,assault,rape,2020,2
10677,Sarawak,Limbang,assault,rape,2021,2
10678,Sarawak,Limbang,assault,rape,2022,3
10679,Sarawak,Limbang,assault,rape,2023,2
10680,Sarawak,Limbang,assault,robbery_gang_armed,2016,1
10681,Sarawak,Limbang,assault,robbery_gang_armed,2017,1
10682,Sarawak,Limbang,assault,robbery_gang_armed,2018,0
10683,Sarawak,Limbang,assault,robbery_gang_armed,2019,0
10684,Sarawak,Limbang,assault,robbery_gang_armed,2020,0
10685,Sarawak,Limbang,assault,robbery_gang_armed,2021,0
10686,Sarawak,Limbang,assault,robbery_gang_armed,2022,0
10687,Sarawak,Limbang,assault,robbery_gang_armed,2023,0
10688,Sarawak,Limbang,assault,robbery_gang_unarmed,2016,1
10689,Sarawak,Limbang,assault,robbery_gang_unarmed,2017,0
10690,Sarawak,Limbang,assault,robbery_gang_unarmed,2018,0
10691,Sarawak,Limbang,assault,robbery_gang_unarmed,2019,0
10692,Sarawak,Limbang,assault,robbery_gang_unarmed,2020,0
10693,Sarawak,Limbang,assault,robbery_gang_unarmed,2021,0
10694,Sarawak,Limbang,assault,robbery_gang_unarmed,2022,0
10695,Sarawak,Limbang,assault,robbery_gang_unarmed,2023,1
10696,Sarawak,Limbang,assault,robbery_solo_armed,2016,0
10697,Sarawak,Limbang,assault,robbery_solo_armed,2017,0
10698,Sarawak,Limbang,assault,robbery_solo_armed,2018,0
10699,Sarawak,Limbang,assault,robbery_solo_armed,2019,0
10700,Sarawak,Limbang,assault,robbery_solo_armed,2020,0
10701,Sarawak,Limbang,assault,robbery_solo_armed,2021,0
10702,Sarawak,Limbang,assault,robbery_solo_armed,2022,0
10703,Sarawak,Limbang,assault,robbery_solo_armed,2023,0
10704,Sarawak,Limbang,assault,robbery_solo_unarmed,2016,0
10705,Sarawak,Limbang,assault,robbery_solo_unarmed,2017,0
10706,Sarawak,Limbang,assault,robbery_solo_unarmed,2018,1
10707,Sarawak,Limbang,assault,robbery_solo_unarmed,2019,2
10708,Sarawak,Limbang,assault,robbery_solo_unarmed,2020,1
10709,Sarawak,Limbang,assault,robbery_solo_unarmed,2021,0
10710,Sarawak,Limbang,assault,robbery_solo_unarmed,2022,0
10711,Sarawak,Limbang,assault,robbery_solo_unarmed,2023,3
10712,Sarawak,Limbang,property,break_in,2016,20
10713,Sarawak,Limbang,property,break_in,2017,30
10714,Sarawak,Limbang,property,break_in,2018,22
10715,Sarawak,Limbang,property,break_in,2019,10
10716,Sarawak,Limbang,property,break_in,2020,14
10717,Sarawak,Limbang,property,break_in,2021,6
10718,Sarawak,Limbang,property,break_in,2022,6
10719,Sarawak,Limbang,property,break_in,2023,4
10720,Sarawak,Limbang,property,theft_other,2016,18
10721,Sarawak,Limbang,property,theft_other,2017,17
10722,Sarawak,Limbang,property,theft_other,2018,22
10723,Sarawak,Limbang,property,theft_other,2019,14
10724,Sarawak,Limbang,property,theft_other,2020,11
10725,Sarawak,Limbang,property,theft_other,2021,16
10726,Sarawak,Limbang,property,theft_other,2022,14
10727,Sarawak,Limbang,property,theft_other,2023,9
10728,Sarawak,Limbang,property,theft_vehicle_lorry,2016,0
10729,Sarawak,Limbang,property,theft_vehicle_lorry,2017,0
10730,Sarawak,Limbang,property,theft_vehicle_lorry,2018,0
10731,Sarawak,Limbang,property,theft_vehicle_lorry,2019,0
10732,Sarawak,Limbang,property,theft_vehicle_lorry,2020,0
10733,Sarawak,Limbang,property,theft_vehicle_lorry,2021,0
10734,Sarawak,Limbang,property,theft_vehicle_lorry,2022,0
10735,Sarawak,Limbang,property,theft_vehicle_lorry,2023,0
10736,Sarawak,Limbang,property,theft_vehicle_motorcar,2016,0
10737,Sarawak,Limbang,property,theft_vehicle_motorcar,2017,1
10738,Sarawak,Limbang,property,theft_vehicle_motorcar,2018,0
10739,Sarawak,Limbang,property,theft_vehicle_motorcar,2019,0
10740,Sarawak,Limbang,property,theft_vehicle_motorcar,2020,0
10741,Sarawak,Limbang,property,theft_vehicle_motorcar,2021,1
10742,Sarawak,Limbang,property,theft_vehicle_motorcar,2022,0
10743,Sarawak,Limbang,property,theft_vehicle_motorcar,2023,0
10744,Sarawak,Limbang,property,theft_vehicle_motorcycle,2016,16
10745,Sarawak,Limbang,property,theft_vehicle_motorcycle,2017,10
10746,Sarawak,Limbang,property,theft_vehicle_motorcycle,2018,2
10747,Sarawak,Limbang,property,theft_vehicle_motorcycle,2019,6
10748,Sarawak,Limbang,property,theft_vehicle_motorcycle,2020,2
10749,Sarawak,Limbang,property,theft_vehicle_motorcycle,2021,2
10750,Sarawak,Limbang,property,theft_vehicle_motorcycle,2022,3
10751,Sarawak,Limbang,property,theft_vehicle_motorcycle,2023,2
10752,Sarawak,Lubok Antu,assault,causing_injury,2016,5
10753,Sarawak,Lubok Antu,assault,causing_injury,2017,1
10754,Sarawak,Lubok Antu,assault,causing_injury,2018,2
10755,Sarawak,Lubok Antu,assault,causing_injury,2019,3
10756,Sarawak,Lubok Antu,assault,causing_injury,2020,6
10757,Sarawak,Lubok Antu,assault,causing_injury,2021,4
10758,Sarawak,Lubok Antu,assault,causing_injury,2022,6
10759,Sarawak,Lubok Antu,assault,causing_injury,2023,1
10760,Sarawak,Lubok Antu,assault,murder,2016,0
10761,Sarawak,Lubok Antu,assault,murder,2017,0
10762,Sarawak,Lubok Antu,assault,murder,2018,0
10763,Sarawak,Lubok Antu,assault,murder,2019,0
10764,Sarawak,Lubok Antu,assault,murder,2020,0
10765,Sarawak,Lubok Antu,assault,murder,2021,1
10766,Sarawak,Lubok Antu,assault,murder,2022,0
10767,Sarawak,Lubok Antu,assault,murder,2023,0
10768,Sarawak,Lubok Antu,assault,rape,2016,0
10769,Sarawak,Lubok Antu,assault,rape,2017,1
10770,Sarawak,Lubok Antu,assault,rape,2018,3
10771,Sarawak,Lubok Antu,assault,rape,2019,2
10772,Sarawak,Lubok Antu,assault,rape,2020,3
10773,Sarawak,Lubok Antu,assault,rape,2021,2
10774,Sarawak,Lubok Antu,assault,rape,2022,1
10775,Sarawak,Lubok Antu,assault,rape,2023,2
10776,Sarawak,Lubok Antu,assault,robbery_gang_armed,2016,0
10777,Sarawak,Lubok Antu,assault,robbery_gang_armed,2017,0
10778,Sarawak,Lubok Antu,assault,robbery_gang_armed,2018,0
10779,Sarawak,Lubok Antu,assault,robbery_gang_armed,2019,0
10780,Sarawak,Lubok Antu,assault,robbery_gang_armed,2020,0
10781,Sarawak,Lubok Antu,assault,robbery_gang_armed,2021,0
10782,Sarawak,Lubok Antu,assault,robbery_gang_armed,2022,0
10783,Sarawak,Lubok Antu,assault,robbery_gang_armed,2023,0
10784,Sarawak,Lubok Antu,assault,robbery_gang_unarmed,2016,1
10785,Sarawak,Lubok Antu,assault,robbery_gang_unarmed,2017,0
10786,Sarawak,Lubok Antu,assault,robbery_gang_unarmed,2018,0
10787,Sarawak,Lubok Antu,assault,robbery_gang_unarmed,2019,0
10788,Sarawak,Lubok Antu,assault,robbery_gang_unarmed,2020,0
10789,Sarawak,Lubok Antu,assault,robbery_gang_unarmed,2021,0
10790,Sarawak,Lubok Antu,assault,robbery_gang_unarmed,2022,0
10791,Sarawak,Lubok Antu,assault,robbery_gang_unarmed,2023,0
10792,Sarawak,Lubok Antu,assault,robbery_solo_armed,2016,0
10793,Sarawak,Lubok Antu,assault,robbery_solo_armed,2017,0
10794,Sarawak,Lubok Antu,assault,robbery_solo_armed,2018,0
10795,Sarawak,Lubok Antu,assault,robbery_solo_armed,2019,0
10796,Sarawak,Lubok Antu,assault,robbery_solo_armed,2020,0
10797,Sarawak,Lubok Antu,assault,robbery_solo_armed,2021,0
10798,Sarawak,Lubok Antu,assault,robbery_solo_armed,2022,0
10799,Sarawak,Lubok Antu,assault,robbery_solo_armed,2023,0
10800,Sarawak,Lubok Antu,assault,robbery_solo_unarmed,2016,0
10801,Sarawak,Lubok Antu,assault,robbery_solo_unarmed,2017,0
10802,Sarawak,Lubok Antu,assault,robbery_solo_unarmed,2018,0
10803,Sarawak,Lubok Antu,assault,robbery_solo_unarmed,2019,0
10804,Sarawak,Lubok Antu,assault,robbery_solo_unarmed,2020,1
10805,Sarawak,Lubok Antu,assault,robbery_solo_unarmed,2021,0
10806,Sarawak,Lubok Antu,assault,robbery_solo_unarmed,2022,0
10807,Sarawak,Lubok Antu,assault,robbery_solo_unarmed,2023,0
10808,Sarawak,Lubok Antu,property,break_in,2016,2
10809,Sarawak,Lubok Antu,property,break_in,2017,11
10810,Sarawak,Lubok Antu,property,break_in,2018,11
10811,Sarawak,Lubok Antu,property,break_in,2019,5
10812,Sarawak,Lubok Antu,property,break_in,2020,5
10813,Sarawak,Lubok Antu,property,break_in,2021,4
10814,Sarawak,Lubok Antu,property,break_in,2022,4
10815,Sarawak,Lubok Antu,property,break_in,2023,7
10816,Sarawak,Lubok Antu,property,theft_other,2016,5
10817,Sarawak,Lubok Antu,property,theft_other,2017,12
10818,Sarawak,Lubok Antu,property,theft_other,2018,14
10819,Sarawak,Lubok Antu,property,theft_other,2019,4
10820,Sarawak,Lubok Antu,property,theft_other,2020,10
10821,Sarawak,Lubok Antu,property,theft_other,2021,5
10822,Sarawak,Lubok Antu,property,theft_other,2022,5
10823,Sarawak,Lubok Antu,property,theft_other,2023,13
10824,Sarawak,Lubok Antu,property,theft_vehicle_lorry,2016,0
10825,Sarawak,Lubok Antu,property,theft_vehicle_lorry,2017,0
10826,Sarawak,Lubok Antu,property,theft_vehicle_lorry,2018,0
10827,Sarawak,Lubok Antu,property,theft_vehicle_lorry,2019,0
10828,Sarawak,Lubok Antu,property,theft_vehicle_lorry,2020,1
10829,Sarawak,Lubok Antu,property,theft_vehicle_lorry,2021,0
10830,Sarawak,Lubok Antu,property,theft_vehicle_lorry,2022,1
10831,Sarawak,Lubok Antu,property,theft_vehicle_lorry,2023,0
10832,Sarawak,Lubok Antu,property,theft_vehicle_motorcar,2016,0
10833,Sarawak,Lubok Antu,property,theft_vehicle_motorcar,2017,0
10834,Sarawak,Lubok Antu,property,theft_vehicle_motorcar,2018,0
10835,Sarawak,Lubok Antu,property,theft_vehicle_motorcar,2019,0
10836,Sarawak,Lubok Antu,property,theft_vehicle_motorcar,2020,0
10837,Sarawak,Lubok Antu,property,theft_vehicle_motorcar,2021,0
10838,Sarawak,Lubok Antu,property,theft_vehicle_motorcar,2022,2
10839,Sarawak,Lubok Antu,property,theft_vehicle_motorcar,2023,2
10840,Sarawak,Lubok Antu,property,theft_vehicle_motorcycle,2016,2
10841,Sarawak,Lubok Antu,property,theft_vehicle_motorcycle,2017,7
10842,Sarawak,Lubok Antu,property,theft_vehicle_motorcycle,2018,4
10843,Sarawak,Lubok Antu,property,theft_vehicle_motorcycle,2019,4
10844,Sarawak,Lubok Antu,property,theft_vehicle_motorcycle,2020,1
10845,Sarawak,Lubok Antu,property,theft_vehicle_motorcycle,2021,0
10846,Sarawak,Lubok Antu,property,theft_vehicle_motorcycle,2022,0
10847,Sarawak,Lubok Antu,property,theft_vehicle_motorcycle,2023,1
10848,Sarawak,Lundu,assault,causing_injury,2016,6
10849,Sarawak,Lundu,assault,causing_injury,2017,5
10850,Sarawak,Lundu,assault,causing_injury,2018,7
10851,Sarawak,Lundu,assault,causing_injury,2019,1
10852,Sarawak,Lundu,assault,causing_injury,2020,5
10853,Sarawak,Lundu,assault,causing_injury,2021,10
10854,Sarawak,Lundu,assault,causing_injury,2022,3
10855,Sarawak,Lundu,assault,causing_injury,2023,4
10856,Sarawak,Lundu,assault,murder,2016,0
10857,Sarawak,Lundu,assault,murder,2017,0
10858,Sarawak,Lundu,assault,murder,2018,0
10859,Sarawak,Lundu,assault,murder,2019,1
10860,Sarawak,Lundu,assault,murder,2020,0
10861,Sarawak,Lundu,assault,murder,2021,1
10862,Sarawak,Lundu,assault,murder,2022,0
10863,Sarawak,Lundu,assault,murder,2023,1
10864,Sarawak,Lundu,assault,rape,2016,1
10865,Sarawak,Lundu,assault,rape,2017,0
10866,Sarawak,Lundu,assault,rape,2018,2
10867,Sarawak,Lundu,assault,rape,2019,6
10868,Sarawak,Lundu,assault,rape,2020,2
10869,Sarawak,Lundu,assault,rape,2021,1
10870,Sarawak,Lundu,assault,rape,2022,1
10871,Sarawak,Lundu,assault,rape,2023,1
10872,Sarawak,Lundu,assault,robbery_gang_armed,2016,0
10873,Sarawak,Lundu,assault,robbery_gang_armed,2017,0
10874,Sarawak,Lundu,assault,robbery_gang_armed,2018,0
10875,Sarawak,Lundu,assault,robbery_gang_armed,2019,0
10876,Sarawak,Lundu,assault,robbery_gang_armed,2020,0
10877,Sarawak,Lundu,assault,robbery_gang_armed,2021,0
10878,Sarawak,Lundu,assault,robbery_gang_armed,2022,0
10879,Sarawak,Lundu,assault,robbery_gang_armed,2023,0
10880,Sarawak,Lundu,assault,robbery_gang_unarmed,2016,6
10881,Sarawak,Lundu,assault,robbery_gang_unarmed,2017,2
10882,Sarawak,Lundu,assault,robbery_gang_unarmed,2018,0
10883,Sarawak,Lundu,assault,robbery_gang_unarmed,2019,1
10884,Sarawak,Lundu,assault,robbery_gang_unarmed,2020,1
10885,Sarawak,Lundu,assault,robbery_gang_unarmed,2021,0
10886,Sarawak,Lundu,assault,robbery_gang_unarmed,2022,1
10887,Sarawak,Lundu,assault,robbery_gang_unarmed,2023,1
10888,Sarawak,Lundu,assault,robbery_solo_armed,2016,0
10889,Sarawak,Lundu,assault,robbery_solo_armed,2017,0
10890,Sarawak,Lundu,assault,robbery_solo_armed,2018,0
10891,Sarawak,Lundu,assault,robbery_solo_armed,2019,0
10892,Sarawak,Lundu,assault,robbery_solo_armed,2020,0
10893,Sarawak,Lundu,assault,robbery_solo_armed,2021,0
10894,Sarawak,Lundu,assault,robbery_solo_armed,2022,0
10895,Sarawak,Lundu,assault,robbery_solo_armed,2023,0
10896,Sarawak,Lundu,assault,robbery_solo_unarmed,2016,2
10897,Sarawak,Lundu,assault,robbery_solo_unarmed,2017,0
10898,Sarawak,Lundu,assault,robbery_solo_unarmed,2018,0
10899,Sarawak,Lundu,assault,robbery_solo_unarmed,2019,0
10900,Sarawak,Lundu,assault,robbery_solo_unarmed,2020,1
10901,Sarawak,Lundu,assault,robbery_solo_unarmed,2021,0
10902,Sarawak,Lundu,assault,robbery_solo_unarmed,2022,0
10903,Sarawak,Lundu,assault,robbery_solo_unarmed,2023,1
10904,Sarawak,Lundu,property,break_in,2016,24
10905,Sarawak,Lundu,property,break_in,2017,16
10906,Sarawak,Lundu,property,break_in,2018,15
10907,Sarawak,Lundu,property,break_in,2019,13
10908,Sarawak,Lundu,property,break_in,2020,14
10909,Sarawak,Lundu,property,break_in,2021,14
10910,Sarawak,Lundu,property,break_in,2022,9
10911,Sarawak,Lundu,property,break_in,2023,13
10912,Sarawak,Lundu,property,theft_other,2016,26
10913,Sarawak,Lundu,property,theft_other,2017,23
10914,Sarawak,Lundu,property,theft_other,2018,17
10915,Sarawak,Lundu,property,theft_other,2019,8
10916,Sarawak,Lundu,property,theft_other,2020,21
10917,Sarawak,Lundu,property,theft_other,2021,35
10918,Sarawak,Lundu,property,theft_other,2022,32
10919,Sarawak,Lundu,property,theft_other,2023,30
10920,Sarawak,Lundu,property,theft_vehicle_lorry,2016,2
10921,Sarawak,Lundu,property,theft_vehicle_lorry,2017,0
10922,Sarawak,Lundu,property,theft_vehicle_lorry,2018,0
10923,Sarawak,Lundu,property,theft_vehicle_lorry,2019,1
10924,Sarawak,Lundu,property,theft_vehicle_lorry,2020,1
10925,Sarawak,Lundu,property,theft_vehicle_lorry,2021,1
10926,Sarawak,Lundu,property,theft_vehicle_lorry,2022,0
10927,Sarawak,Lundu,property,theft_vehicle_lorry,2023,0
10928,Sarawak,Lundu,property,theft_vehicle_motorcar,2016,1
10929,Sarawak,Lundu,property,theft_vehicle_motorcar,2017,2
10930,Sarawak,Lundu,property,theft_vehicle_motorcar,2018,0
10931,Sarawak,Lundu,property,theft_vehicle_motorcar,2019,1
10932,Sarawak,Lundu,property,theft_vehicle_motorcar,2020,0
10933,Sarawak,Lundu,property,theft_vehicle_motorcar,2021,0
10934,Sarawak,Lundu,property,theft_vehicle_motorcar,2022,2
10935,Sarawak,Lundu,property,theft_vehicle_motorcar,2023,3
10936,Sarawak,Lundu,property,theft_vehicle_motorcycle,2016,25
10937,Sarawak,Lundu,property,theft_vehicle_motorcycle,2017,16
10938,Sarawak,Lundu,property,theft_vehicle_motorcycle,2018,7
10939,Sarawak,Lundu,property,theft_vehicle_motorcycle,2019,6
10940,Sarawak,Lundu,property,theft_vehicle_motorcycle,2020,4
10941,Sarawak,Lundu,property,theft_vehicle_motorcycle,2021,2
10942,Sarawak,Lundu,property,theft_vehicle_motorcycle,2022,4
10943,Sarawak,Lundu,property,theft_vehicle_motorcycle,2023,9
10944,Sarawak,Marudi,assault,causing_injury,2016,20
10945,Sarawak,Marudi,assault,causing_injury,2017,16
10946,Sarawak,Marudi,assault,causing_injury,2018,85
10947,Sarawak,Marudi,assault,causing_injury,2019,10
10948,Sarawak,Marudi,assault,causing_injury,2020,6
10949,Sarawak,Marudi,assault,causing_injury,2021,6
10950,Sarawak,Marudi,assault,causing_injury,2022,9
10951,Sarawak,Marudi,assault,causing_injury,2023,12
10952,Sarawak,Marudi,assault,murder,2016,1
10953,Sarawak,Marudi,assault,murder,2017,0
10954,Sarawak,Marudi,assault,murder,2018,1
10955,Sarawak,Marudi,assault,murder,2019,2
10956,Sarawak,Marudi,assault,murder,2020,0
10957,Sarawak,Marudi,assault,murder,2021,2
10958,Sarawak,Marudi,assault,murder,2022,2
10959,Sarawak,Marudi,assault,murder,2023,1
10960,Sarawak,Marudi,assault,rape,2016,4
10961,Sarawak,Marudi,assault,rape,2017,4
10962,Sarawak,Marudi,assault,rape,2018,2
10963,Sarawak,Marudi,assault,rape,2019,6
10964,Sarawak,Marudi,assault,rape,2020,3
10965,Sarawak,Marudi,assault,rape,2021,5
10966,Sarawak,Marudi,assault,rape,2022,3
10967,Sarawak,Marudi,assault,rape,2023,4
10968,Sarawak,Marudi,assault,robbery_gang_armed,2016,0
10969,Sarawak,Marudi,assault,robbery_gang_armed,2017,0
10970,Sarawak,Marudi,assault,robbery_gang_armed,2018,0
10971,Sarawak,Marudi,assault,robbery_gang_armed,2019,0
10972,Sarawak,Marudi,assault,robbery_gang_armed,2020,0
10973,Sarawak,Marudi,assault,robbery_gang_armed,2021,0
10974,Sarawak,Marudi,assault,robbery_gang_armed,2022,0
10975,Sarawak,Marudi,assault,robbery_gang_armed,2023,1
10976,Sarawak,Marudi,assault,robbery_gang_unarmed,2016,1
10977,Sarawak,Marudi,assault,robbery_gang_unarmed,2017,1
10978,Sarawak,Marudi,assault,robbery_gang_unarmed,2018,1
10979,Sarawak,Marudi,assault,robbery_gang_unarmed,2019,0
10980,Sarawak,Marudi,assault,robbery_gang_unarmed,2020,0
10981,Sarawak,Marudi,assault,robbery_gang_unarmed,2021,0
10982,Sarawak,Marudi,assault,robbery_gang_unarmed,2022,0
10983,Sarawak,Marudi,assault,robbery_gang_unarmed,2023,0
10984,Sarawak,Marudi,assault,robbery_solo_armed,2016,0
10985,Sarawak,Marudi,assault,robbery_solo_armed,2017,0
10986,Sarawak,Marudi,assault,robbery_solo_armed,2018,0
10987,Sarawak,Marudi,assault,robbery_solo_armed,2019,0
10988,Sarawak,Marudi,assault,robbery_solo_armed,2020,0
10989,Sarawak,Marudi,assault,robbery_solo_armed,2021,0
10990,Sarawak,Marudi,assault,robbery_solo_armed,2022,0
10991,Sarawak,Marudi,assault,robbery_solo_armed,2023,0
10992,Sarawak,Marudi,assault,robbery_solo_unarmed,2016,0
10993,Sarawak,Marudi,assault,robbery_solo_unarmed,2017,0
10994,Sarawak,Marudi,assault,robbery_solo_unarmed,2018,0
10995,Sarawak,Marudi,assault,robbery_solo_unarmed,2019,1
10996,Sarawak,Marudi,assault,robbery_solo_unarmed,2020,1
10997,Sarawak,Marudi,assault,robbery_solo_unarmed,2021,0
10998,Sarawak,Marudi,assault,robbery_solo_unarmed,2022,0
10999,Sarawak,Marudi,assault,robbery_solo_unarmed,2023,0
11000,Sarawak,Marudi,property,break_in,2016,7
11001,Sarawak,Marudi,property,break_in,2017,6
11002,Sarawak,Marudi,property,break_in,2018,9
11003,Sarawak,Marudi,property,break_in,2019,17
11004,Sarawak,Marudi,property,break_in,2020,18
11005,Sarawak,Marudi,property,break_in,2021,20
11006,Sarawak,Marudi,property,break_in,2022,9
11007,Sarawak,Marudi,property,break_in,2023,19
11008,Sarawak,Marudi,property,theft_other,2016,33
11009,Sarawak,Marudi,property,theft_other,2017,23
11010,Sarawak,Marudi,property,theft_other,2018,12
11011,Sarawak,Marudi,property,theft_other,2019,29
11012,Sarawak,Marudi,property,theft_other,2020,30
11013,Sarawak,Marudi,property,theft_other,2021,23
11014,Sarawak,Marudi,property,theft_other,2022,33
11015,Sarawak,Marudi,property,theft_other,2023,28
11016,Sarawak,Marudi,property,theft_vehicle_lorry,2016,0
11017,Sarawak,Marudi,property,theft_vehicle_lorry,2017,0
11018,Sarawak,Marudi,property,theft_vehicle_lorry,2018,0
11019,Sarawak,Marudi,property,theft_vehicle_lorry,2019,2
11020,Sarawak,Marudi,property,theft_vehicle_lorry,2020,1
11021,Sarawak,Marudi,property,theft_vehicle_lorry,2021,0
11022,Sarawak,Marudi,property,theft_vehicle_lorry,2022,2
11023,Sarawak,Marudi,property,theft_vehicle_lorry,2023,0
11024,Sarawak,Marudi,property,theft_vehicle_motorcar,2016,1
11025,Sarawak,Marudi,property,theft_vehicle_motorcar,2017,3
11026,Sarawak,Marudi,property,theft_vehicle_motorcar,2018,3
11027,Sarawak,Marudi,property,theft_vehicle_motorcar,2019,0
11028,Sarawak,Marudi,property,theft_vehicle_motorcar,2020,2
11029,Sarawak,Marudi,property,theft_vehicle_motorcar,2021,1
11030,Sarawak,Marudi,property,theft_vehicle_motorcar,2022,0
11031,Sarawak,Marudi,property,theft_vehicle_motorcar,2023,4
11032,Sarawak,Marudi,property,theft_vehicle_motorcycle,2016,9
11033,Sarawak,Marudi,property,theft_vehicle_motorcycle,2017,7
11034,Sarawak,Marudi,property,theft_vehicle_motorcycle,2018,9
11035,Sarawak,Marudi,property,theft_vehicle_motorcycle,2019,10
11036,Sarawak,Marudi,property,theft_vehicle_motorcycle,2020,9
11037,Sarawak,Marudi,property,theft_vehicle_motorcycle,2021,6
11038,Sarawak,Marudi,property,theft_vehicle_motorcycle,2022,8
11039,Sarawak,Marudi,property,theft_vehicle_motorcycle,2023,7
11040,Sarawak,Matu Daro,assault,causing_injury,2016,3
11041,Sarawak,Matu Daro,assault,causing_injury,2017,1
11042,Sarawak,Matu Daro,assault,causing_injury,2018,9
11043,Sarawak,Matu Daro,assault,causing_injury,2019,5
11044,Sarawak,Matu Daro,assault,causing_injury,2020,0
11045,Sarawak,Matu Daro,assault,causing_injury,2021,0
11046,Sarawak,Matu Daro,assault,causing_injury,2022,1
11047,Sarawak,Matu Daro,assault,causing_injury,2023,3
11048,Sarawak,Matu Daro,assault,murder,2016,1
11049,Sarawak,Matu Daro,assault,murder,2017,0
11050,Sarawak,Matu Daro,assault,murder,2018,0
11051,Sarawak,Matu Daro,assault,murder,2019,0
11052,Sarawak,Matu Daro,assault,murder,2020,0
11053,Sarawak,Matu Daro,assault,murder,2021,0
11054,Sarawak,Matu Daro,assault,murder,2022,1
11055,Sarawak,Matu Daro,assault,murder,2023,0
11056,Sarawak,Matu Daro,assault,rape,2016,3
11057,Sarawak,Matu Daro,assault,rape,2017,1
11058,Sarawak,Matu Daro,assault,rape,2018,0
11059,Sarawak,Matu Daro,assault,rape,2019,1
11060,Sarawak,Matu Daro,assault,rape,2020,1
11061,Sarawak,Matu Daro,assault,rape,2021,1
11062,Sarawak,Matu Daro,assault,rape,2022,2
11063,Sarawak,Matu Daro,assault,rape,2023,0
11064,Sarawak,Matu Daro,assault,robbery_gang_armed,2016,0
11065,Sarawak,Matu Daro,assault,robbery_gang_armed,2017,1
11066,Sarawak,Matu Daro,assault,robbery_gang_armed,2018,0
11067,Sarawak,Matu Daro,assault,robbery_gang_armed,2019,0
11068,Sarawak,Matu Daro,assault,robbery_gang_armed,2020,0
11069,Sarawak,Matu Daro,assault,robbery_gang_armed,2021,0
11070,Sarawak,Matu Daro,assault,robbery_gang_armed,2022,0
11071,Sarawak,Matu Daro,assault,robbery_gang_armed,2023,0
11072,Sarawak,Matu Daro,assault,robbery_gang_unarmed,2016,0
11073,Sarawak,Matu Daro,assault,robbery_gang_unarmed,2017,0
11074,Sarawak,Matu Daro,assault,robbery_gang_unarmed,2018,1
11075,Sarawak,Matu Daro,assault,robbery_gang_unarmed,2019,0
11076,Sarawak,Matu Daro,assault,robbery_gang_unarmed,2020,0
11077,Sarawak,Matu Daro,assault,robbery_gang_unarmed,2021,0
11078,Sarawak,Matu Daro,assault,robbery_gang_unarmed,2022,0
11079,Sarawak,Matu Daro,assault,robbery_gang_unarmed,2023,0
11080,Sarawak,Matu Daro,assault,robbery_solo_armed,2016,0
11081,Sarawak,Matu Daro,assault,robbery_solo_armed,2017,0
11082,Sarawak,Matu Daro,assault,robbery_solo_armed,2018,0
11083,Sarawak,Matu Daro,assault,robbery_solo_armed,2019,0
11084,Sarawak,Matu Daro,assault,robbery_solo_armed,2020,0
11085,Sarawak,Matu Daro,assault,robbery_solo_armed,2021,0
11086,Sarawak,Matu Daro,assault,robbery_solo_armed,2022,0
11087,Sarawak,Matu Daro,assault,robbery_solo_armed,2023,0
11088,Sarawak,Matu Daro,assault,robbery_solo_unarmed,2016,1
11089,Sarawak,Matu Daro,assault,robbery_solo_unarmed,2017,0
11090,Sarawak,Matu Daro,assault,robbery_solo_unarmed,2018,0
11091,Sarawak,Matu Daro,assault,robbery_solo_unarmed,2019,0
11092,Sarawak,Matu Daro,assault,robbery_solo_unarmed,2020,0
11093,Sarawak,Matu Daro,assault,robbery_solo_unarmed,2021,1
11094,Sarawak,Matu Daro,assault,robbery_solo_unarmed,2022,0
11095,Sarawak,Matu Daro,assault,robbery_solo_unarmed,2023,0
11096,Sarawak,Matu Daro,property,break_in,2016,13
11097,Sarawak,Matu Daro,property,break_in,2017,5
11098,Sarawak,Matu Daro,property,break_in,2018,7
11099,Sarawak,Matu Daro,property,break_in,2019,5
11100,Sarawak,Matu Daro,property,break_in,2020,9
11101,Sarawak,Matu Daro,property,break_in,2021,5
11102,Sarawak,Matu Daro,property,break_in,2022,4
11103,Sarawak,Matu Daro,property,break_in,2023,17
11104,Sarawak,Matu Daro,property,theft_other,2016,3
11105,Sarawak,Matu Daro,property,theft_other,2017,12
11106,Sarawak,Matu Daro,property,theft_other,2018,8
11107,Sarawak,Matu Daro,property,theft_other,2019,10
11108,Sarawak,Matu Daro,property,theft_other,2020,16
11109,Sarawak,Matu Daro,property,theft_other,2021,11
11110,Sarawak,Matu Daro,property,theft_other,2022,10
11111,Sarawak,Matu Daro,property,theft_other,2023,17
11112,Sarawak,Matu Daro,property,theft_vehicle_lorry,2016,1
11113,Sarawak,Matu Daro,property,theft_vehicle_lorry,2017,0
11114,Sarawak,Matu Daro,property,theft_vehicle_lorry,2018,0
11115,Sarawak,Matu Daro,property,theft_vehicle_lorry,2019,0
11116,Sarawak,Matu Daro,property,theft_vehicle_lorry,2020,0
11117,Sarawak,Matu Daro,property,theft_vehicle_lorry,2021,0
11118,Sarawak,Matu Daro,property,theft_vehicle_lorry,2022,0
11119,Sarawak,Matu Daro,property,theft_vehicle_lorry,2023,0
11120,Sarawak,Matu Daro,property,theft_vehicle_motorcar,2016,0
11121,Sarawak,Matu Daro,property,theft_vehicle_motorcar,2017,1
11122,Sarawak,Matu Daro,property,theft_vehicle_motorcar,2018,0
11123,Sarawak,Matu Daro,property,theft_vehicle_motorcar,2019,0
11124,Sarawak,Matu Daro,property,theft_vehicle_motorcar,2020,0
11125,Sarawak,Matu Daro,property,theft_vehicle_motorcar,2021,0
11126,Sarawak,Matu Daro,property,theft_vehicle_motorcar,2022,0
11127,Sarawak,Matu Daro,property,theft_vehicle_motorcar,2023,0
11128,Sarawak,Matu Daro,property,theft_vehicle_motorcycle,2016,2
11129,Sarawak,Matu Daro,property,theft_vehicle_motorcycle,2017,4
11130,Sarawak,Matu Daro,property,theft_vehicle_motorcycle,2018,9
11131,Sarawak,Matu Daro,property,theft_vehicle_motorcycle,2019,5
11132,Sarawak,Matu Daro,property,theft_vehicle_motorcycle,2020,0
11133,Sarawak,Matu Daro,property,theft_vehicle_motorcycle,2021,1
11134,Sarawak,Matu Daro,property,theft_vehicle_motorcycle,2022,3
11135,Sarawak,Matu Daro,property,theft_vehicle_motorcycle,2023,3
11136,Sarawak,Meradong,assault,causing_injury,2016,3
11137,Sarawak,Meradong,assault,causing_injury,2017,5
11138,Sarawak,Meradong,assault,causing_injury,2018,27
11139,Sarawak,Meradong,assault,causing_injury,2019,4
11140,Sarawak,Meradong,assault,causing_injury,2020,3
11141,Sarawak,Meradong,assault,causing_injury,2021,2
11142,Sarawak,Meradong,assault,causing_injury,2022,2
11143,Sarawak,Meradong,assault,causing_injury,2023,6
11144,Sarawak,Meradong,assault,murder,2016,0
11145,Sarawak,Meradong,assault,murder,2017,1
11146,Sarawak,Meradong,assault,murder,2018,0
11147,Sarawak,Meradong,assault,murder,2019,0
11148,Sarawak,Meradong,assault,murder,2020,0
11149,Sarawak,Meradong,assault,murder,2021,0
11150,Sarawak,Meradong,assault,murder,2022,0
11151,Sarawak,Meradong,assault,murder,2023,1
11152,Sarawak,Meradong,assault,rape,2016,1
11153,Sarawak,Meradong,assault,rape,2017,1
11154,Sarawak,Meradong,assault,rape,2018,1
11155,Sarawak,Meradong,assault,rape,2019,2
11156,Sarawak,Meradong,assault,rape,2020,3
11157,Sarawak,Meradong,assault,rape,2021,0
11158,Sarawak,Meradong,assault,rape,2022,0
11159,Sarawak,Meradong,assault,rape,2023,3
11160,Sarawak,Meradong,assault,robbery_gang_armed,2016,0
11161,Sarawak,Meradong,assault,robbery_gang_armed,2017,0
11162,Sarawak,Meradong,assault,robbery_gang_armed,2018,0
11163,Sarawak,Meradong,assault,robbery_gang_armed,2019,1
11164,Sarawak,Meradong,assault,robbery_gang_armed,2020,0
11165,Sarawak,Meradong,assault,robbery_gang_armed,2021,0
11166,Sarawak,Meradong,assault,robbery_gang_armed,2022,0
11167,Sarawak,Meradong,assault,robbery_gang_armed,2023,0
11168,Sarawak,Meradong,assault,robbery_gang_unarmed,2016,3
11169,Sarawak,Meradong,assault,robbery_gang_unarmed,2017,0
11170,Sarawak,Meradong,assault,robbery_gang_unarmed,2018,1
11171,Sarawak,Meradong,assault,robbery_gang_unarmed,2019,5
11172,Sarawak,Meradong,assault,robbery_gang_unarmed,2020,0
11173,Sarawak,Meradong,assault,robbery_gang_unarmed,2021,0
11174,Sarawak,Meradong,assault,robbery_gang_unarmed,2022,1
11175,Sarawak,Meradong,assault,robbery_gang_unarmed,2023,2
11176,Sarawak,Meradong,assault,robbery_solo_armed,2016,0
11177,Sarawak,Meradong,assault,robbery_solo_armed,2017,0
11178,Sarawak,Meradong,assault,robbery_solo_armed,2018,0
11179,Sarawak,Meradong,assault,robbery_solo_armed,2019,0
11180,Sarawak,Meradong,assault,robbery_solo_armed,2020,0
11181,Sarawak,Meradong,assault,robbery_solo_armed,2021,0
11182,Sarawak,Meradong,assault,robbery_solo_armed,2022,0
11183,Sarawak,Meradong,assault,robbery_solo_armed,2023,0
11184,Sarawak,Meradong,assault,robbery_solo_unarmed,2016,0
11185,Sarawak,Meradong,assault,robbery_solo_unarmed,2017,0
11186,Sarawak,Meradong,assault,robbery_solo_unarmed,2018,1
11187,Sarawak,Meradong,assault,robbery_solo_unarmed,2019,1
11188,Sarawak,Meradong,assault,robbery_solo_unarmed,2020,2
11189,Sarawak,Meradong,assault,robbery_solo_unarmed,2021,1
11190,Sarawak,Meradong,assault,robbery_solo_unarmed,2022,0
11191,Sarawak,Meradong,assault,robbery_solo_unarmed,2023,4
11192,Sarawak,Meradong,property,break_in,2016,6
11193,Sarawak,Meradong,property,break_in,2017,6
11194,Sarawak,Meradong,property,break_in,2018,13
11195,Sarawak,Meradong,property,break_in,2019,24
11196,Sarawak,Meradong,property,break_in,2020,11
11197,Sarawak,Meradong,property,break_in,2021,4
11198,Sarawak,Meradong,property,break_in,2022,8
11199,Sarawak,Meradong,property,break_in,2023,12
11200,Sarawak,Meradong,property,theft_other,2016,7
11201,Sarawak,Meradong,property,theft_other,2017,8
11202,Sarawak,Meradong,property,theft_other,2018,13
11203,Sarawak,Meradong,property,theft_other,2019,14
11204,Sarawak,Meradong,property,theft_other,2020,21
11205,Sarawak,Meradong,property,theft_other,2021,18
11206,Sarawak,Meradong,property,theft_other,2022,7
11207,Sarawak,Meradong,property,theft_other,2023,13
11208,Sarawak,Meradong,property,theft_vehicle_lorry,2016,1
11209,Sarawak,Meradong,property,theft_vehicle_lorry,2017,0
11210,Sarawak,Meradong,property,theft_vehicle_lorry,2018,2
11211,Sarawak,Meradong,property,theft_vehicle_lorry,2019,3
11212,Sarawak,Meradong,property,theft_vehicle_lorry,2020,0
11213,Sarawak,Meradong,property,theft_vehicle_lorry,2021,0
11214,Sarawak,Meradong,property,theft_vehicle_lorry,2022,1
11215,Sarawak,Meradong,property,theft_vehicle_lorry,2023,1
11216,Sarawak,Meradong,property,theft_vehicle_motorcar,2016,7
11217,Sarawak,Meradong,property,theft_vehicle_motorcar,2017,3
11218,Sarawak,Meradong,property,theft_vehicle_motorcar,2018,1
11219,Sarawak,Meradong,property,theft_vehicle_motorcar,2019,2
11220,Sarawak,Meradong,property,theft_vehicle_motorcar,2020,1
11221,Sarawak,Meradong,property,theft_vehicle_motorcar,2021,1
11222,Sarawak,Meradong,property,theft_vehicle_motorcar,2022,0
11223,Sarawak,Meradong,property,theft_vehicle_motorcar,2023,3
11224,Sarawak,Meradong,property,theft_vehicle_motorcycle,2016,7
11225,Sarawak,Meradong,property,theft_vehicle_motorcycle,2017,13
11226,Sarawak,Meradong,property,theft_vehicle_motorcycle,2018,8
11227,Sarawak,Meradong,property,theft_vehicle_motorcycle,2019,3
11228,Sarawak,Meradong,property,theft_vehicle_motorcycle,2020,9
11229,Sarawak,Meradong,property,theft_vehicle_motorcycle,2021,0
11230,Sarawak,Meradong,property,theft_vehicle_motorcycle,2022,3
11231,Sarawak,Meradong,property,theft_vehicle_motorcycle,2023,3
11232,Sarawak,Miri,assault,causing_injury,2016,84
11233,Sarawak,Miri,assault,causing_injury,2017,61
11234,Sarawak,Miri,assault,causing_injury,2018,1
11235,Sarawak,Miri,assault,causing_injury,2019,73
11236,Sarawak,Miri,assault,causing_injury,2020,56
11237,Sarawak,Miri,assault,causing_injury,2021,54
11238,Sarawak,Miri,assault,causing_injury,2022,34
11239,Sarawak,Miri,assault,causing_injury,2023,29
11240,Sarawak,Miri,assault,murder,2016,2
11241,Sarawak,Miri,assault,murder,2017,7
11242,Sarawak,Miri,assault,murder,2018,3
11243,Sarawak,Miri,assault,murder,2019,2
11244,Sarawak,Miri,assault,murder,2020,1
11245,Sarawak,Miri,assault,murder,2021,2
11246,Sarawak,Miri,assault,murder,2022,4
11247,Sarawak,Miri,assault,murder,2023,1
11248,Sarawak,Miri,assault,rape,2016,18
11249,Sarawak,Miri,assault,rape,2017,27
11250,Sarawak,Miri,assault,rape,2018,20
11251,Sarawak,Miri,assault,rape,2019,17
11252,Sarawak,Miri,assault,rape,2020,22
11253,Sarawak,Miri,assault,rape,2021,21
11254,Sarawak,Miri,assault,rape,2022,15
11255,Sarawak,Miri,assault,rape,2023,15
11256,Sarawak,Miri,assault,robbery_gang_armed,2016,2
11257,Sarawak,Miri,assault,robbery_gang_armed,2017,0
11258,Sarawak,Miri,assault,robbery_gang_armed,2018,0
11259,Sarawak,Miri,assault,robbery_gang_armed,2019,1
11260,Sarawak,Miri,assault,robbery_gang_armed,2020,0
11261,Sarawak,Miri,assault,robbery_gang_armed,2021,0
11262,Sarawak,Miri,assault,robbery_gang_armed,2022,0
11263,Sarawak,Miri,assault,robbery_gang_armed,2023,0
11264,Sarawak,Miri,assault,robbery_gang_unarmed,2016,51
11265,Sarawak,Miri,assault,robbery_gang_unarmed,2017,49
11266,Sarawak,Miri,assault,robbery_gang_unarmed,2018,33
11267,Sarawak,Miri,assault,robbery_gang_unarmed,2019,38
11268,Sarawak,Miri,assault,robbery_gang_unarmed,2020,15
11269,Sarawak,Miri,assault,robbery_gang_unarmed,2021,8
11270,Sarawak,Miri,assault,robbery_gang_unarmed,2022,7
11271,Sarawak,Miri,assault,robbery_gang_unarmed,2023,3
11272,Sarawak,Miri,assault,robbery_solo_armed,2016,2
11273,Sarawak,Miri,assault,robbery_solo_armed,2017,0
11274,Sarawak,Miri,assault,robbery_solo_armed,2018,0
11275,Sarawak,Miri,assault,robbery_solo_armed,2019,0
11276,Sarawak,Miri,assault,robbery_solo_armed,2020,0
11277,Sarawak,Miri,assault,robbery_solo_armed,2021,0
11278,Sarawak,Miri,assault,robbery_solo_armed,2022,0
11279,Sarawak,Miri,assault,robbery_solo_armed,2023,0
11280,Sarawak,Miri,assault,robbery_solo_unarmed,2016,28
11281,Sarawak,Miri,assault,robbery_solo_unarmed,2017,19
11282,Sarawak,Miri,assault,robbery_solo_unarmed,2018,17
11283,Sarawak,Miri,assault,robbery_solo_unarmed,2019,37
11284,Sarawak,Miri,assault,robbery_solo_unarmed,2020,28
11285,Sarawak,Miri,assault,robbery_solo_unarmed,2021,3
11286,Sarawak,Miri,assault,robbery_solo_unarmed,2022,4
11287,Sarawak,Miri,assault,robbery_solo_unarmed,2023,3
11288,Sarawak,Miri,property,break_in,2016,372
11289,Sarawak,Miri,property,break_in,2017,194
11290,Sarawak,Miri,property,break_in,2018,267
11291,Sarawak,Miri,property,break_in,2019,255
11292,Sarawak,Miri,property,break_in,2020,361
11293,Sarawak,Miri,property,break_in,2021,143
11294,Sarawak,Miri,property,break_in,2022,40
11295,Sarawak,Miri,property,break_in,2023,50
11296,Sarawak,Miri,property,theft_other,2016,193
11297,Sarawak,Miri,property,theft_other,2017,237
11298,Sarawak,Miri,property,theft_other,2018,287
11299,Sarawak,Miri,property,theft_other,2019,311
11300,Sarawak,Miri,property,theft_other,2020,424
11301,Sarawak,Miri,property,theft_other,2021,263
11302,Sarawak,Miri,property,theft_other,2022,125
11303,Sarawak,Miri,property,theft_other,2023,122
11304,Sarawak,Miri,property,theft_vehicle_lorry,2016,28
11305,Sarawak,Miri,property,theft_vehicle_lorry,2017,18
11306,Sarawak,Miri,property,theft_vehicle_lorry,2018,6
11307,Sarawak,Miri,property,theft_vehicle_lorry,2019,6
11308,Sarawak,Miri,property,theft_vehicle_lorry,2020,0
11309,Sarawak,Miri,property,theft_vehicle_lorry,2021,3
11310,Sarawak,Miri,property,theft_vehicle_lorry,2022,1
11311,Sarawak,Miri,property,theft_vehicle_lorry,2023,1
11312,Sarawak,Miri,property,theft_vehicle_motorcar,2016,135
11313,Sarawak,Miri,property,theft_vehicle_motorcar,2017,77
11314,Sarawak,Miri,property,theft_vehicle_motorcar,2018,75
11315,Sarawak,Miri,property,theft_vehicle_motorcar,2019,45
11316,Sarawak,Miri,property,theft_vehicle_motorcar,2020,31
11317,Sarawak,Miri,property,theft_vehicle_motorcar,2021,20
11318,Sarawak,Miri,property,theft_vehicle_motorcar,2022,15
11319,Sarawak,Miri,property,theft_vehicle_motorcar,2023,10
11320,Sarawak,Miri,property,theft_vehicle_motorcycle,2016,244
11321,Sarawak,Miri,property,theft_vehicle_motorcycle,2017,289
11322,Sarawak,Miri,property,theft_vehicle_motorcycle,2018,186
11323,Sarawak,Miri,property,theft_vehicle_motorcycle,2019,185
11324,Sarawak,Miri,property,theft_vehicle_motorcycle,2020,113
11325,Sarawak,Miri,property,theft_vehicle_motorcycle,2021,52
11326,Sarawak,Miri,property,theft_vehicle_motorcycle,2022,31
11327,Sarawak,Miri,property,theft_vehicle_motorcycle,2023,58
11328,Sarawak,Mukah,assault,causing_injury,2016,6
11329,Sarawak,Mukah,assault,causing_injury,2017,5
11330,Sarawak,Mukah,assault,causing_injury,2018,6
11331,Sarawak,Mukah,assault,causing_injury,2019,1
11332,Sarawak,Mukah,assault,causing_injury,2020,2
11333,Sarawak,Mukah,assault,causing_injury,2021,7
11334,Sarawak,Mukah,assault,causing_injury,2022,4
11335,Sarawak,Mukah,assault,causing_injury,2023,1
11336,Sarawak,Mukah,assault,murder,2016,2
11337,Sarawak,Mukah,assault,murder,2017,0
11338,Sarawak,Mukah,assault,murder,2018,0
11339,Sarawak,Mukah,assault,murder,2019,1
11340,Sarawak,Mukah,assault,murder,2020,0
11341,Sarawak,Mukah,assault,murder,2021,1
11342,Sarawak,Mukah,assault,murder,2022,1
11343,Sarawak,Mukah,assault,murder,2023,0
11344,Sarawak,Mukah,assault,rape,2016,3
11345,Sarawak,Mukah,assault,rape,2017,4
11346,Sarawak,Mukah,assault,rape,2018,3
11347,Sarawak,Mukah,assault,rape,2019,2
11348,Sarawak,Mukah,assault,rape,2020,3
11349,Sarawak,Mukah,assault,rape,2021,6
11350,Sarawak,Mukah,assault,rape,2022,0
11351,Sarawak,Mukah,assault,rape,2023,2
11352,Sarawak,Mukah,assault,robbery_gang_armed,2016,0
11353,Sarawak,Mukah,assault,robbery_gang_armed,2017,0
11354,Sarawak,Mukah,assault,robbery_gang_armed,2018,1
11355,Sarawak,Mukah,assault,robbery_gang_armed,2019,0
11356,Sarawak,Mukah,assault,robbery_gang_armed,2020,0
11357,Sarawak,Mukah,assault,robbery_gang_armed,2021,0
11358,Sarawak,Mukah,assault,robbery_gang_armed,2022,0
11359,Sarawak,Mukah,assault,robbery_gang_armed,2023,2
11360,Sarawak,Mukah,assault,robbery_gang_unarmed,2016,3
11361,Sarawak,Mukah,assault,robbery_gang_unarmed,2017,0
11362,Sarawak,Mukah,assault,robbery_gang_unarmed,2018,2
11363,Sarawak,Mukah,assault,robbery_gang_unarmed,2019,1
11364,Sarawak,Mukah,assault,robbery_gang_unarmed,2020,1
11365,Sarawak,Mukah,assault,robbery_gang_unarmed,2021,0
11366,Sarawak,Mukah,assault,robbery_gang_unarmed,2022,1
11367,Sarawak,Mukah,assault,robbery_gang_unarmed,2023,1
11368,Sarawak,Mukah,assault,robbery_solo_armed,2016,0
11369,Sarawak,Mukah,assault,robbery_solo_armed,2017,0
11370,Sarawak,Mukah,assault,robbery_solo_armed,2018,0
11371,Sarawak,Mukah,assault,robbery_solo_armed,2019,0
11372,Sarawak,Mukah,assault,robbery_solo_armed,2020,0
11373,Sarawak,Mukah,assault,robbery_solo_armed,2021,0
11374,Sarawak,Mukah,assault,robbery_solo_armed,2022,0
11375,Sarawak,Mukah,assault,robbery_solo_armed,2023,0
11376,Sarawak,Mukah,assault,robbery_solo_unarmed,2016,3
11377,Sarawak,Mukah,assault,robbery_solo_unarmed,2017,1
11378,Sarawak,Mukah,assault,robbery_solo_unarmed,2018,1
11379,Sarawak,Mukah,assault,robbery_solo_unarmed,2019,2
11380,Sarawak,Mukah,assault,robbery_solo_unarmed,2020,1
11381,Sarawak,Mukah,assault,robbery_solo_unarmed,2021,0
11382,Sarawak,Mukah,assault,robbery_solo_unarmed,2022,0
11383,Sarawak,Mukah,assault,robbery_solo_unarmed,2023,0
11384,Sarawak,Mukah,property,break_in,2016,17
11385,Sarawak,Mukah,property,break_in,2017,16
11386,Sarawak,Mukah,property,break_in,2018,16
11387,Sarawak,Mukah,property,break_in,2019,38
11388,Sarawak,Mukah,property,break_in,2020,23
11389,Sarawak,Mukah,property,break_in,2021,14
11390,Sarawak,Mukah,property,break_in,2022,8
11391,Sarawak,Mukah,property,break_in,2023,15
11392,Sarawak,Mukah,property,theft_other,2016,13
11393,Sarawak,Mukah,property,theft_other,2017,15
11394,Sarawak,Mukah,property,theft_other,2018,36
11395,Sarawak,Mukah,property,theft_other,2019,40
11396,Sarawak,Mukah,property,theft_other,2020,24
11397,Sarawak,Mukah,property,theft_other,2021,17
11398,Sarawak,Mukah,property,theft_other,2022,10
11399,Sarawak,Mukah,property,theft_other,2023,14
11400,Sarawak,Mukah,property,theft_vehicle_lorry,2016,13
11401,Sarawak,Mukah,property,theft_vehicle_lorry,2017,4
11402,Sarawak,Mukah,property,theft_vehicle_lorry,2018,0
11403,Sarawak,Mukah,property,theft_vehicle_lorry,2019,1
11404,Sarawak,Mukah,property,theft_vehicle_lorry,2020,2
11405,Sarawak,Mukah,property,theft_vehicle_lorry,2021,0
11406,Sarawak,Mukah,property,theft_vehicle_lorry,2022,1
11407,Sarawak,Mukah,property,theft_vehicle_lorry,2023,1
11408,Sarawak,Mukah,property,theft_vehicle_motorcar,2016,6
11409,Sarawak,Mukah,property,theft_vehicle_motorcar,2017,9
11410,Sarawak,Mukah,property,theft_vehicle_motorcar,2018,2
11411,Sarawak,Mukah,property,theft_vehicle_motorcar,2019,5
11412,Sarawak,Mukah,property,theft_vehicle_motorcar,2020,0
11413,Sarawak,Mukah,property,theft_vehicle_motorcar,2021,0
11414,Sarawak,Mukah,property,theft_vehicle_motorcar,2022,8
11415,Sarawak,Mukah,property,theft_vehicle_motorcar,2023,4
11416,Sarawak,Mukah,property,theft_vehicle_motorcycle,2016,15
11417,Sarawak,Mukah,property,theft_vehicle_motorcycle,2017,30
11418,Sarawak,Mukah,property,theft_vehicle_motorcycle,2018,29
11419,Sarawak,Mukah,property,theft_vehicle_motorcycle,2019,6
11420,Sarawak,Mukah,property,theft_vehicle_motorcycle,2020,5
11421,Sarawak,Mukah,property,theft_vehicle_motorcycle,2021,10
11422,Sarawak,Mukah,property,theft_vehicle_motorcycle,2022,5
11423,Sarawak,Mukah,property,theft_vehicle_motorcycle,2023,10
11424,Sarawak,Padawan,assault,causing_injury,2016,29
11425,Sarawak,Padawan,assault,causing_injury,2017,26
11426,Sarawak,Padawan,assault,causing_injury,2018,5
11427,Sarawak,Padawan,assault,causing_injury,2019,29
11428,Sarawak,Padawan,assault,causing_injury,2020,26
11429,Sarawak,Padawan,assault,causing_injury,2021,43
11430,Sarawak,Padawan,assault,causing_injury,2022,53
11431,Sarawak,Padawan,assault,causing_injury,2023,34
11432,Sarawak,Padawan,assault,murder,2016,2
11433,Sarawak,Padawan,assault,murder,2017,3
11434,Sarawak,Padawan,assault,murder,2018,0
11435,Sarawak,Padawan,assault,murder,2019,1
11436,Sarawak,Padawan,assault,murder,2020,2
11437,Sarawak,Padawan,assault,murder,2021,2
11438,Sarawak,Padawan,assault,murder,2022,4
11439,Sarawak,Padawan,assault,murder,2023,1
11440,Sarawak,Padawan,assault,rape,2016,19
11441,Sarawak,Padawan,assault,rape,2017,10
11442,Sarawak,Padawan,assault,rape,2018,13
11443,Sarawak,Padawan,assault,rape,2019,15
11444,Sarawak,Padawan,assault,rape,2020,12
11445,Sarawak,Padawan,assault,rape,2021,19
11446,Sarawak,Padawan,assault,rape,2022,13
11447,Sarawak,Padawan,assault,rape,2023,15
11448,Sarawak,Padawan,assault,robbery_gang_armed,2016,1
11449,Sarawak,Padawan,assault,robbery_gang_armed,2017,0
11450,Sarawak,Padawan,assault,robbery_gang_armed,2018,0
11451,Sarawak,Padawan,assault,robbery_gang_armed,2019,0
11452,Sarawak,Padawan,assault,robbery_gang_armed,2020,0
11453,Sarawak,Padawan,assault,robbery_gang_armed,2021,0
11454,Sarawak,Padawan,assault,robbery_gang_armed,2022,0
11455,Sarawak,Padawan,assault,robbery_gang_armed,2023,0
11456,Sarawak,Padawan,assault,robbery_gang_unarmed,2016,47
11457,Sarawak,Padawan,assault,robbery_gang_unarmed,2017,33
11458,Sarawak,Padawan,assault,robbery_gang_unarmed,2018,32
11459,Sarawak,Padawan,assault,robbery_gang_unarmed,2019,30
11460,Sarawak,Padawan,assault,robbery_gang_unarmed,2020,12
11461,Sarawak,Padawan,assault,robbery_gang_unarmed,2021,25
11462,Sarawak,Padawan,assault,robbery_gang_unarmed,2022,15
11463,Sarawak,Padawan,assault,robbery_gang_unarmed,2023,32
11464,Sarawak,Padawan,assault,robbery_solo_armed,2016,0
11465,Sarawak,Padawan,assault,robbery_solo_armed,2017,0
11466,Sarawak,Padawan,assault,robbery_solo_armed,2018,0
11467,Sarawak,Padawan,assault,robbery_solo_armed,2019,0
11468,Sarawak,Padawan,assault,robbery_solo_armed,2020,0
11469,Sarawak,Padawan,assault,robbery_solo_armed,2021,0
11470,Sarawak,Padawan,assault,robbery_solo_armed,2022,0
11471,Sarawak,Padawan,assault,robbery_solo_armed,2023,1
11472,Sarawak,Padawan,assault,robbery_solo_unarmed,2016,7
11473,Sarawak,Padawan,assault,robbery_solo_unarmed,2017,6
11474,Sarawak,Padawan,assault,robbery_solo_unarmed,2018,10
11475,Sarawak,Padawan,assault,robbery_solo_unarmed,2019,9
11476,Sarawak,Padawan,assault,robbery_solo_unarmed,2020,27
11477,Sarawak,Padawan,assault,robbery_solo_unarmed,2021,11
11478,Sarawak,Padawan,assault,robbery_solo_unarmed,2022,14
11479,Sarawak,Padawan,assault,robbery_solo_unarmed,2023,7
11480,Sarawak,Padawan,property,break_in,2016,136
11481,Sarawak,Padawan,property,break_in,2017,89
11482,Sarawak,Padawan,property,break_in,2018,244
11483,Sarawak,Padawan,property,break_in,2019,190
11484,Sarawak,Padawan,property,break_in,2020,304
11485,Sarawak,Padawan,property,break_in,2021,251
11486,Sarawak,Padawan,property,break_in,2022,177
11487,Sarawak,Padawan,property,break_in,2023,182
11488,Sarawak,Padawan,property,theft_other,2016,115
11489,Sarawak,Padawan,property,theft_other,2017,74
11490,Sarawak,Padawan,property,theft_other,2018,129
11491,Sarawak,Padawan,property,theft_other,2019,138
11492,Sarawak,Padawan,property,theft_other,2020,183
11493,Sarawak,Padawan,property,theft_other,2021,274
11494,Sarawak,Padawan,property,theft_other,2022,189
11495,Sarawak,Padawan,property,theft_other,2023,183
11496,Sarawak,Padawan,property,theft_vehicle_lorry,2016,27
11497,Sarawak,Padawan,property,theft_vehicle_lorry,2017,12
11498,Sarawak,Padawan,property,theft_vehicle_lorry,2018,12
11499,Sarawak,Padawan,property,theft_vehicle_lorry,2019,13
11500,Sarawak,Padawan,property,theft_vehicle_lorry,2020,11
11501,Sarawak,Padawan,property,theft_vehicle_lorry,2021,4
11502,Sarawak,Padawan,property,theft_vehicle_lorry,2022,2
11503,Sarawak,Padawan,property,theft_vehicle_lorry,2023,11
11504,Sarawak,Padawan,property,theft_vehicle_motorcar,2016,143
11505,Sarawak,Padawan,property,theft_vehicle_motorcar,2017,114
11506,Sarawak,Padawan,property,theft_vehicle_motorcar,2018,95
11507,Sarawak,Padawan,property,theft_vehicle_motorcar,2019,119
11508,Sarawak,Padawan,property,theft_vehicle_motorcar,2020,49
11509,Sarawak,Padawan,property,theft_vehicle_motorcar,2021,41
11510,Sarawak,Padawan,property,theft_vehicle_motorcar,2022,71
11511,Sarawak,Padawan,property,theft_vehicle_motorcar,2023,68
11512,Sarawak,Padawan,property,theft_vehicle_motorcycle,2016,380
11513,Sarawak,Padawan,property,theft_vehicle_motorcycle,2017,541
11514,Sarawak,Padawan,property,theft_vehicle_motorcycle,2018,240
11515,Sarawak,Padawan,property,theft_vehicle_motorcycle,2019,239
11516,Sarawak,Padawan,property,theft_vehicle_motorcycle,2020,177
11517,Sarawak,Padawan,property,theft_vehicle_motorcycle,2021,102
11518,Sarawak,Padawan,property,theft_vehicle_motorcycle,2022,170
11519,Sarawak,Padawan,property,theft_vehicle_motorcycle,2023,203
11520,Sarawak,Saratok,assault,causing_injury,2016,1
11521,Sarawak,Saratok,assault,causing_injury,2017,1
11522,Sarawak,Saratok,assault,causing_injury,2018,5
11523,Sarawak,Saratok,assault,causing_injury,2019,3
11524,Sarawak,Saratok,assault,causing_injury,2020,3
11525,Sarawak,Saratok,assault,causing_injury,2021,6
11526,Sarawak,Saratok,assault,causing_injury,2022,3
11527,Sarawak,Saratok,assault,causing_injury,2023,1
11528,Sarawak,Saratok,assault,murder,2016,0
11529,Sarawak,Saratok,assault,murder,2017,0
11530,Sarawak,Saratok,assault,murder,2018,1
11531,Sarawak,Saratok,assault,murder,2019,0
11532,Sarawak,Saratok,assault,murder,2020,0
11533,Sarawak,Saratok,assault,murder,2021,0
11534,Sarawak,Saratok,assault,murder,2022,0
11535,Sarawak,Saratok,assault,murder,2023,0
11536,Sarawak,Saratok,assault,rape,2016,0
11537,Sarawak,Saratok,assault,rape,2017,6
11538,Sarawak,Saratok,assault,rape,2018,2
11539,Sarawak,Saratok,assault,rape,2019,1
11540,Sarawak,Saratok,assault,rape,2020,1
11541,Sarawak,Saratok,assault,rape,2021,2
11542,Sarawak,Saratok,assault,rape,2022,0
11543,Sarawak,Saratok,assault,rape,2023,0
11544,Sarawak,Saratok,assault,robbery_gang_armed,2016,0
11545,Sarawak,Saratok,assault,robbery_gang_armed,2017,0
11546,Sarawak,Saratok,assault,robbery_gang_armed,2018,0
11547,Sarawak,Saratok,assault,robbery_gang_armed,2019,0
11548,Sarawak,Saratok,assault,robbery_gang_armed,2020,0
11549,Sarawak,Saratok,assault,robbery_gang_armed,2021,0
11550,Sarawak,Saratok,assault,robbery_gang_armed,2022,0
11551,Sarawak,Saratok,assault,robbery_gang_armed,2023,0
11552,Sarawak,Saratok,assault,robbery_gang_unarmed,2016,0
11553,Sarawak,Saratok,assault,robbery_gang_unarmed,2017,1
11554,Sarawak,Saratok,assault,robbery_gang_unarmed,2018,3
11555,Sarawak,Saratok,assault,robbery_gang_unarmed,2019,4
11556,Sarawak,Saratok,assault,robbery_gang_unarmed,2020,0
11557,Sarawak,Saratok,assault,robbery_gang_unarmed,2021,0
11558,Sarawak,Saratok,assault,robbery_gang_unarmed,2022,0
11559,Sarawak,Saratok,assault,robbery_gang_unarmed,2023,1
11560,Sarawak,Saratok,assault,robbery_solo_armed,2016,0
11561,Sarawak,Saratok,assault,robbery_solo_armed,2017,0
11562,Sarawak,Saratok,assault,robbery_solo_armed,2018,0
11563,Sarawak,Saratok,assault,robbery_solo_armed,2019,0
11564,Sarawak,Saratok,assault,robbery_solo_armed,2020,0
11565,Sarawak,Saratok,assault,robbery_solo_armed,2021,0
11566,Sarawak,Saratok,assault,robbery_solo_armed,2022,0
11567,Sarawak,Saratok,assault,robbery_solo_armed,2023,0
11568,Sarawak,Saratok,assault,robbery_solo_unarmed,2016,0
11569,Sarawak,Saratok,assault,robbery_solo_unarmed,2017,0
11570,Sarawak,Saratok,assault,robbery_solo_unarmed,2018,0
11571,Sarawak,Saratok,assault,robbery_solo_unarmed,2019,0
11572,Sarawak,Saratok,assault,robbery_solo_unarmed,2020,0
11573,Sarawak,Saratok,assault,robbery_solo_unarmed,2021,0
11574,Sarawak,Saratok,assault,robbery_solo_unarmed,2022,0
11575,Sarawak,Saratok,assault,robbery_solo_unarmed,2023,1
11576,Sarawak,Saratok,property,break_in,2016,10
11577,Sarawak,Saratok,property,break_in,2017,8
11578,Sarawak,Saratok,property,break_in,2018,6
11579,Sarawak,Saratok,property,break_in,2019,13
11580,Sarawak,Saratok,property,break_in,2020,26
11581,Sarawak,Saratok,property,break_in,2021,18
11582,Sarawak,Saratok,property,break_in,2022,14
11583,Sarawak,Saratok,property,break_in,2023,23
11584,Sarawak,Saratok,property,theft_other,2016,8
11585,Sarawak,Saratok,property,theft_other,2017,2
11586,Sarawak,Saratok,property,theft_other,2018,5
11587,Sarawak,Saratok,property,theft_other,2019,8
11588,Sarawak,Saratok,property,theft_other,2020,21
11589,Sarawak,Saratok,property,theft_other,2021,13
11590,Sarawak,Saratok,property,theft_other,2022,18
11591,Sarawak,Saratok,property,theft_other,2023,16
11592,Sarawak,Saratok,property,theft_vehicle_lorry,2016,0
11593,Sarawak,Saratok,property,theft_vehicle_lorry,2017,1
11594,Sarawak,Saratok,property,theft_vehicle_lorry,2018,1
11595,Sarawak,Saratok,property,theft_vehicle_lorry,2019,0
11596,Sarawak,Saratok,property,theft_vehicle_lorry,2020,0
11597,Sarawak,Saratok,property,theft_vehicle_lorry,2021,0
11598,Sarawak,Saratok,property,theft_vehicle_lorry,2022,0
11599,Sarawak,Saratok,property,theft_vehicle_lorry,2023,3
11600,Sarawak,Saratok,property,theft_vehicle_motorcar,2016,1
11601,Sarawak,Saratok,property,theft_vehicle_motorcar,2017,1
11602,Sarawak,Saratok,property,theft_vehicle_motorcar,2018,0
11603,Sarawak,Saratok,property,theft_vehicle_motorcar,2019,0
11604,Sarawak,Saratok,property,theft_vehicle_motorcar,2020,0
11605,Sarawak,Saratok,property,theft_vehicle_motorcar,2021,0
11606,Sarawak,Saratok,property,theft_vehicle_motorcar,2022,2
11607,Sarawak,Saratok,property,theft_vehicle_motorcar,2023,0
11608,Sarawak,Saratok,property,theft_vehicle_motorcycle,2016,12
11609,Sarawak,Saratok,property,theft_vehicle_motorcycle,2017,14
11610,Sarawak,Saratok,property,theft_vehicle_motorcycle,2018,2
11611,Sarawak,Saratok,property,theft_vehicle_motorcycle,2019,4
11612,Sarawak,Saratok,property,theft_vehicle_motorcycle,2020,4
11613,Sarawak,Saratok,property,theft_vehicle_motorcycle,2021,0
11614,Sarawak,Saratok,property,theft_vehicle_motorcycle,2022,4
11615,Sarawak,Saratok,property,theft_vehicle_motorcycle,2023,4
11616,Sarawak,Sarikei,assault,causing_injury,2016,16
11617,Sarawak,Sarikei,assault,causing_injury,2017,11
11618,Sarawak,Sarikei,assault,causing_injury,2018,0
11619,Sarawak,Sarikei,assault,causing_injury,2019,9
11620,Sarawak,Sarikei,assault,causing_injury,2020,8
11621,Sarawak,Sarikei,assault,causing_injury,2021,4
11622,Sarawak,Sarikei,assault,causing_injury,2022,1
11623,Sarawak,Sarikei,assault,causing_injury,2023,5
11624,Sarawak,Sarikei,assault,murder,2016,0
11625,Sarawak,Sarikei,assault,murder,2017,1
11626,Sarawak,Sarikei,assault,murder,2018,0
11627,Sarawak,Sarikei,assault,murder,2019,0
11628,Sarawak,Sarikei,assault,murder,2020,0
11629,Sarawak,Sarikei,assault,murder,2021,1
11630,Sarawak,Sarikei,assault,murder,2022,1
11631,Sarawak,Sarikei,assault,murder,2023,0
11632,Sarawak,Sarikei,assault,rape,2016,3
11633,Sarawak,Sarikei,assault,rape,2017,7
11634,Sarawak,Sarikei,assault,rape,2018,4
11635,Sarawak,Sarikei,assault,rape,2019,2
11636,Sarawak,Sarikei,assault,rape,2020,0
11637,Sarawak,Sarikei,assault,rape,2021,2
11638,Sarawak,Sarikei,assault,rape,2022,1
11639,Sarawak,Sarikei,assault,rape,2023,1
11640,Sarawak,Sarikei,assault,robbery_gang_armed,2016,1
11641,Sarawak,Sarikei,assault,robbery_gang_armed,2017,0
11642,Sarawak,Sarikei,assault,robbery_gang_armed,2018,0
11643,Sarawak,Sarikei,assault,robbery_gang_armed,2019,0
11644,Sarawak,Sarikei,assault,robbery_gang_armed,2020,0
11645,Sarawak,Sarikei,assault,robbery_gang_armed,2021,0
11646,Sarawak,Sarikei,assault,robbery_gang_armed,2022,0
11647,Sarawak,Sarikei,assault,robbery_gang_armed,2023,0
11648,Sarawak,Sarikei,assault,robbery_gang_unarmed,2016,4
11649,Sarawak,Sarikei,assault,robbery_gang_unarmed,2017,4
11650,Sarawak,Sarikei,assault,robbery_gang_unarmed,2018,5
11651,Sarawak,Sarikei,assault,robbery_gang_unarmed,2019,4
11652,Sarawak,Sarikei,assault,robbery_gang_unarmed,2020,2
11653,Sarawak,Sarikei,assault,robbery_gang_unarmed,2021,2
11654,Sarawak,Sarikei,assault,robbery_gang_unarmed,2022,1
11655,Sarawak,Sarikei,assault,robbery_gang_unarmed,2023,2
11656,Sarawak,Sarikei,assault,robbery_solo_armed,2016,0
11657,Sarawak,Sarikei,assault,robbery_solo_armed,2017,0
11658,Sarawak,Sarikei,assault,robbery_solo_armed,2018,0
11659,Sarawak,Sarikei,assault,robbery_solo_armed,2019,0
11660,Sarawak,Sarikei,assault,robbery_solo_armed,2020,0
11661,Sarawak,Sarikei,assault,robbery_solo_armed,2021,0
11662,Sarawak,Sarikei,assault,robbery_solo_armed,2022,0
11663,Sarawak,Sarikei,assault,robbery_solo_armed,2023,0
11664,Sarawak,Sarikei,assault,robbery_solo_unarmed,2016,2
11665,Sarawak,Sarikei,assault,robbery_solo_unarmed,2017,5
11666,Sarawak,Sarikei,assault,robbery_solo_unarmed,2018,0
11667,Sarawak,Sarikei,assault,robbery_solo_unarmed,2019,3
11668,Sarawak,Sarikei,assault,robbery_solo_unarmed,2020,1
11669,Sarawak,Sarikei,assault,robbery_solo_unarmed,2021,0
11670,Sarawak,Sarikei,assault,robbery_solo_unarmed,2022,1
11671,Sarawak,Sarikei,assault,robbery_solo_unarmed,2023,0
11672,Sarawak,Sarikei,property,break_in,2016,58
11673,Sarawak,Sarikei,property,break_in,2017,60
11674,Sarawak,Sarikei,property,break_in,2018,67
11675,Sarawak,Sarikei,property,break_in,2019,61
11676,Sarawak,Sarikei,property,break_in,2020,60
11677,Sarawak,Sarikei,property,break_in,2021,18
11678,Sarawak,Sarikei,property,break_in,2022,33
11679,Sarawak,Sarikei,property,break_in,2023,18
11680,Sarawak,Sarikei,property,theft_other,2016,69
11681,Sarawak,Sarikei,property,theft_other,2017,46
11682,Sarawak,Sarikei,property,theft_other,2018,53
11683,Sarawak,Sarikei,property,theft_other,2019,52
11684,Sarawak,Sarikei,property,theft_other,2020,67
11685,Sarawak,Sarikei,property,theft_other,2021,31
11686,Sarawak,Sarikei,property,theft_other,2022,11
11687,Sarawak,Sarikei,property,theft_other,2023,25
11688,Sarawak,Sarikei,property,theft_vehicle_lorry,2016,3
11689,Sarawak,Sarikei,property,theft_vehicle_lorry,2017,1
11690,Sarawak,Sarikei,property,theft_vehicle_lorry,2018,0
11691,Sarawak,Sarikei,property,theft_vehicle_lorry,2019,1
11692,Sarawak,Sarikei,property,theft_vehicle_lorry,2020,0
11693,Sarawak,Sarikei,property,theft_vehicle_lorry,2021,1
11694,Sarawak,Sarikei,property,theft_vehicle_lorry,2022,3
11695,Sarawak,Sarikei,property,theft_vehicle_lorry,2023,6
11696,Sarawak,Sarikei,property,theft_vehicle_motorcar,2016,18
11697,Sarawak,Sarikei,property,theft_vehicle_motorcar,2017,15
11698,Sarawak,Sarikei,property,theft_vehicle_motorcar,2018,6
11699,Sarawak,Sarikei,property,theft_vehicle_motorcar,2019,5
11700,Sarawak,Sarikei,property,theft_vehicle_motorcar,2020,2
11701,Sarawak,Sarikei,property,theft_vehicle_motorcar,2021,2
11702,Sarawak,Sarikei,property,theft_vehicle_motorcar,2022,14
11703,Sarawak,Sarikei,property,theft_vehicle_motorcar,2023,8
11704,Sarawak,Sarikei,property,theft_vehicle_motorcycle,2016,32
11705,Sarawak,Sarikei,property,theft_vehicle_motorcycle,2017,27
11706,Sarawak,Sarikei,property,theft_vehicle_motorcycle,2018,23
11707,Sarawak,Sarikei,property,theft_vehicle_motorcycle,2019,23
11708,Sarawak,Sarikei,property,theft_vehicle_motorcycle,2020,13
11709,Sarawak,Sarikei,property,theft_vehicle_motorcycle,2021,11
11710,Sarawak,Sarikei,property,theft_vehicle_motorcycle,2022,9
11711,Sarawak,Sarikei,property,theft_vehicle_motorcycle,2023,7
11712,Sarawak,Serian,assault,causing_injury,2016,10
11713,Sarawak,Serian,assault,causing_injury,2017,10
11714,Sarawak,Serian,assault,causing_injury,2018,1
11715,Sarawak,Serian,assault,causing_injury,2019,9
11716,Sarawak,Serian,assault,causing_injury,2020,3
11717,Sarawak,Serian,assault,causing_injury,2021,9
11718,Sarawak,Serian,assault,causing_injury,2022,11
11719,Sarawak,Serian,assault,causing_injury,2023,8
11720,Sarawak,Serian,assault,murder,2016,0
11721,Sarawak,Serian,assault,murder,2017,1
11722,Sarawak,Serian,assault,murder,2018,1
11723,Sarawak,Serian,assault,murder,2019,2
11724,Sarawak,Serian,assault,murder,2020,0
11725,Sarawak,Serian,assault,murder,2021,0
11726,Sarawak,Serian,assault,murder,2022,2
11727,Sarawak,Serian,assault,murder,2023,0
11728,Sarawak,Serian,assault,rape,2016,2
11729,Sarawak,Serian,assault,rape,2017,2
11730,Sarawak,Serian,assault,rape,2018,4
11731,Sarawak,Serian,assault,rape,2019,6
11732,Sarawak,Serian,assault,rape,2020,2
11733,Sarawak,Serian,assault,rape,2021,7
11734,Sarawak,Serian,assault,rape,2022,9
11735,Sarawak,Serian,assault,rape,2023,9
11736,Sarawak,Serian,assault,robbery_gang_armed,2016,0
11737,Sarawak,Serian,assault,robbery_gang_armed,2017,0
11738,Sarawak,Serian,assault,robbery_gang_armed,2018,0
11739,Sarawak,Serian,assault,robbery_gang_armed,2019,0
11740,Sarawak,Serian,assault,robbery_gang_armed,2020,0
11741,Sarawak,Serian,assault,robbery_gang_armed,2021,0
11742,Sarawak,Serian,assault,robbery_gang_armed,2022,0
11743,Sarawak,Serian,assault,robbery_gang_armed,2023,0
11744,Sarawak,Serian,assault,robbery_gang_unarmed,2016,7
11745,Sarawak,Serian,assault,robbery_gang_unarmed,2017,12
11746,Sarawak,Serian,assault,robbery_gang_unarmed,2018,9
11747,Sarawak,Serian,assault,robbery_gang_unarmed,2019,4
11748,Sarawak,Serian,assault,robbery_gang_unarmed,2020,0
11749,Sarawak,Serian,assault,robbery_gang_unarmed,2021,8
11750,Sarawak,Serian,assault,robbery_gang_unarmed,2022,9
11751,Sarawak,Serian,assault,robbery_gang_unarmed,2023,7
11752,Sarawak,Serian,assault,robbery_solo_armed,2016,0
11753,Sarawak,Serian,assault,robbery_solo_armed,2017,0
11754,Sarawak,Serian,assault,robbery_solo_armed,2018,0
11755,Sarawak,Serian,assault,robbery_solo_armed,2019,0
11756,Sarawak,Serian,assault,robbery_solo_armed,2020,0
11757,Sarawak,Serian,assault,robbery_solo_armed,2021,0
11758,Sarawak,Serian,assault,robbery_solo_armed,2022,0
11759,Sarawak,Serian,assault,robbery_solo_armed,2023,0
11760,Sarawak,Serian,assault,robbery_solo_unarmed,2016,0
11761,Sarawak,Serian,assault,robbery_solo_unarmed,2017,0
11762,Sarawak,Serian,assault,robbery_solo_unarmed,2018,3
11763,Sarawak,Serian,assault,robbery_solo_unarmed,2019,0
11764,Sarawak,Serian,assault,robbery_solo_unarmed,2020,2
11765,Sarawak,Serian,assault,robbery_solo_unarmed,2021,0
11766,Sarawak,Serian,assault,robbery_solo_unarmed,2022,1
11767,Sarawak,Serian,assault,robbery_solo_unarmed,2023,0
11768,Sarawak,Serian,property,break_in,2016,18
11769,Sarawak,Serian,property,break_in,2017,27
11770,Sarawak,Serian,property,break_in,2018,35
11771,Sarawak,Serian,property,break_in,2019,39
11772,Sarawak,Serian,property,break_in,2020,41
11773,Sarawak,Serian,property,break_in,2021,23
11774,Sarawak,Serian,property,break_in,2022,35
11775,Sarawak,Serian,property,break_in,2023,33
11776,Sarawak,Serian,property,theft_other,2016,20
11777,Sarawak,Serian,property,theft_other,2017,21
11778,Sarawak,Serian,property,theft_other,2018,25
11779,Sarawak,Serian,property,theft_other,2019,17
11780,Sarawak,Serian,property,theft_other,2020,32
11781,Sarawak,Serian,property,theft_other,2021,39
11782,Sarawak,Serian,property,theft_other,2022,38
11783,Sarawak,Serian,property,theft_other,2023,41
11784,Sarawak,Serian,property,theft_vehicle_lorry,2016,4
11785,Sarawak,Serian,property,theft_vehicle_lorry,2017,0
11786,Sarawak,Serian,property,theft_vehicle_lorry,2018,0
11787,Sarawak,Serian,property,theft_vehicle_lorry,2019,1
11788,Sarawak,Serian,property,theft_vehicle_lorry,2020,3
11789,Sarawak,Serian,property,theft_vehicle_lorry,2021,2
11790,Sarawak,Serian,property,theft_vehicle_lorry,2022,1
11791,Sarawak,Serian,property,theft_vehicle_lorry,2023,1
11792,Sarawak,Serian,property,theft_vehicle_motorcar,2016,6
11793,Sarawak,Serian,property,theft_vehicle_motorcar,2017,6
11794,Sarawak,Serian,property,theft_vehicle_motorcar,2018,3
11795,Sarawak,Serian,property,theft_vehicle_motorcar,2019,4
11796,Sarawak,Serian,property,theft_vehicle_motorcar,2020,1
11797,Sarawak,Serian,property,theft_vehicle_motorcar,2021,2
11798,Sarawak,Serian,property,theft_vehicle_motorcar,2022,8
11799,Sarawak,Serian,property,theft_vehicle_motorcar,2023,6
11800,Sarawak,Serian,property,theft_vehicle_motorcycle,2016,63
11801,Sarawak,Serian,property,theft_vehicle_motorcycle,2017,66
11802,Sarawak,Serian,property,theft_vehicle_motorcycle,2018,40
11803,Sarawak,Serian,property,theft_vehicle_motorcycle,2019,40
11804,Sarawak,Serian,property,theft_vehicle_motorcycle,2020,11
11805,Sarawak,Serian,property,theft_vehicle_motorcycle,2021,12
11806,Sarawak,Serian,property,theft_vehicle_motorcycle,2022,21
11807,Sarawak,Serian,property,theft_vehicle_motorcycle,2023,12
11808,Sarawak,Sibu,assault,causing_injury,2016,57
11809,Sarawak,Sibu,assault,causing_injury,2017,51
11810,Sarawak,Sibu,assault,causing_injury,2018,8
11811,Sarawak,Sibu,assault,causing_injury,2019,44
11812,Sarawak,Sibu,assault,causing_injury,2020,43
11813,Sarawak,Sibu,assault,causing_injury,2021,24
11814,Sarawak,Sibu,assault,causing_injury,2022,30
11815,Sarawak,Sibu,assault,causing_injury,2023,29
11816,Sarawak,Sibu,assault,murder,2016,7
11817,Sarawak,Sibu,assault,murder,2017,5
11818,Sarawak,Sibu,assault,murder,2018,4
11819,Sarawak,Sibu,assault,murder,2019,4
11820,Sarawak,Sibu,assault,murder,2020,2
11821,Sarawak,Sibu,assault,murder,2021,2
11822,Sarawak,Sibu,assault,murder,2022,1
11823,Sarawak,Sibu,assault,murder,2023,2
11824,Sarawak,Sibu,assault,rape,2016,12
11825,Sarawak,Sibu,assault,rape,2017,18
11826,Sarawak,Sibu,assault,rape,2018,20
11827,Sarawak,Sibu,assault,rape,2019,23
11828,Sarawak,Sibu,assault,rape,2020,14
11829,Sarawak,Sibu,assault,rape,2021,6
11830,Sarawak,Sibu,assault,rape,2022,9
11831,Sarawak,Sibu,assault,rape,2023,12
11832,Sarawak,Sibu,assault,robbery_gang_armed,2016,0
11833,Sarawak,Sibu,assault,robbery_gang_armed,2017,0
11834,Sarawak,Sibu,assault,robbery_gang_armed,2018,0
11835,Sarawak,Sibu,assault,robbery_gang_armed,2019,1
11836,Sarawak,Sibu,assault,robbery_gang_armed,2020,0
11837,Sarawak,Sibu,assault,robbery_gang_armed,2021,0
11838,Sarawak,Sibu,assault,robbery_gang_armed,2022,0
11839,Sarawak,Sibu,assault,robbery_gang_armed,2023,0
11840,Sarawak,Sibu,assault,robbery_gang_unarmed,2016,25
11841,Sarawak,Sibu,assault,robbery_gang_unarmed,2017,32
11842,Sarawak,Sibu,assault,robbery_gang_unarmed,2018,29
11843,Sarawak,Sibu,assault,robbery_gang_unarmed,2019,26
11844,Sarawak,Sibu,assault,robbery_gang_unarmed,2020,28
11845,Sarawak,Sibu,assault,robbery_gang_unarmed,2021,10
11846,Sarawak,Sibu,assault,robbery_gang_unarmed,2022,5
11847,Sarawak,Sibu,assault,robbery_gang_unarmed,2023,4
11848,Sarawak,Sibu,assault,robbery_solo_armed,2016,0
11849,Sarawak,Sibu,assault,robbery_solo_armed,2017,0
11850,Sarawak,Sibu,assault,robbery_solo_armed,2018,0
11851,Sarawak,Sibu,assault,robbery_solo_armed,2019,0
11852,Sarawak,Sibu,assault,robbery_solo_armed,2020,0
11853,Sarawak,Sibu,assault,robbery_solo_armed,2021,0
11854,Sarawak,Sibu,assault,robbery_solo_armed,2022,0
11855,Sarawak,Sibu,assault,robbery_solo_armed,2023,0
11856,Sarawak,Sibu,assault,robbery_solo_unarmed,2016,3
11857,Sarawak,Sibu,assault,robbery_solo_unarmed,2017,16
11858,Sarawak,Sibu,assault,robbery_solo_unarmed,2018,10
11859,Sarawak,Sibu,assault,robbery_solo_unarmed,2019,26
11860,Sarawak,Sibu,assault,robbery_solo_unarmed,2020,39
11861,Sarawak,Sibu,assault,robbery_solo_unarmed,2021,14
11862,Sarawak,Sibu,assault,robbery_solo_unarmed,2022,3
11863,Sarawak,Sibu,assault,robbery_solo_unarmed,2023,11
11864,Sarawak,Sibu,property,break_in,2016,180
11865,Sarawak,Sibu,property,break_in,2017,186
11866,Sarawak,Sibu,property,break_in,2018,212
11867,Sarawak,Sibu,property,break_in,2019,286
11868,Sarawak,Sibu,property,break_in,2020,215
11869,Sarawak,Sibu,property,break_in,2021,166
11870,Sarawak,Sibu,property,break_in,2022,124
11871,Sarawak,Sibu,property,break_in,2023,177
11872,Sarawak,Sibu,property,theft_other,2016,198
11873,Sarawak,Sibu,property,theft_other,2017,203
11874,Sarawak,Sibu,property,theft_other,2018,149
11875,Sarawak,Sibu,property,theft_other,2019,281
11876,Sarawak,Sibu,property,theft_other,2020,341
11877,Sarawak,Sibu,property,theft_other,2021,229
11878,Sarawak,Sibu,property,theft_other,2022,164
11879,Sarawak,Sibu,property,theft_other,2023,177
11880,Sarawak,Sibu,property,theft_vehicle_lorry,2016,31
11881,Sarawak,Sibu,property,theft_vehicle_lorry,2017,6
11882,Sarawak,Sibu,property,theft_vehicle_lorry,2018,7
11883,Sarawak,Sibu,property,theft_vehicle_lorry,2019,10
11884,Sarawak,Sibu,property,theft_vehicle_lorry,2020,3
11885,Sarawak,Sibu,property,theft_vehicle_lorry,2021,5
11886,Sarawak,Sibu,property,theft_vehicle_lorry,2022,3
11887,Sarawak,Sibu,property,theft_vehicle_lorry,2023,3
11888,Sarawak,Sibu,property,theft_vehicle_motorcar,2016,47
11889,Sarawak,Sibu,property,theft_vehicle_motorcar,2017,48
11890,Sarawak,Sibu,property,theft_vehicle_motorcar,2018,41
11891,Sarawak,Sibu,property,theft_vehicle_motorcar,2019,31
11892,Sarawak,Sibu,property,theft_vehicle_motorcar,2020,12
11893,Sarawak,Sibu,property,theft_vehicle_motorcar,2021,8
11894,Sarawak,Sibu,property,theft_vehicle_motorcar,2022,21
11895,Sarawak,Sibu,property,theft_vehicle_motorcar,2023,23
11896,Sarawak,Sibu,property,theft_vehicle_motorcycle,2016,250
11897,Sarawak,Sibu,property,theft_vehicle_motorcycle,2017,191
11898,Sarawak,Sibu,property,theft_vehicle_motorcycle,2018,217
11899,Sarawak,Sibu,property,theft_vehicle_motorcycle,2019,175
11900,Sarawak,Sibu,property,theft_vehicle_motorcycle,2020,109
11901,Sarawak,Sibu,property,theft_vehicle_motorcycle,2021,70
11902,Sarawak,Sibu,property,theft_vehicle_motorcycle,2022,78
11903,Sarawak,Sibu,property,theft_vehicle_motorcycle,2023,80
11904,Sarawak,Simunjan,assault,causing_injury,2016,2
11905,Sarawak,Simunjan,assault,causing_injury,2017,4
11906,Sarawak,Simunjan,assault,causing_injury,2018,2
11907,Sarawak,Simunjan,assault,causing_injury,2019,4
11908,Sarawak,Simunjan,assault,causing_injury,2020,1
11909,Sarawak,Simunjan,assault,causing_injury,2021,1
11910,Sarawak,Simunjan,assault,causing_injury,2022,3
11911,Sarawak,Simunjan,assault,causing_injury,2023,3
11912,Sarawak,Simunjan,assault,murder,2016,0
11913,Sarawak,Simunjan,assault,murder,2017,0
11914,Sarawak,Simunjan,assault,murder,2018,0
11915,Sarawak,Simunjan,assault,murder,2019,0
11916,Sarawak,Simunjan,assault,murder,2020,0
11917,Sarawak,Simunjan,assault,murder,2021,1
11918,Sarawak,Simunjan,assault,murder,2022,0
11919,Sarawak,Simunjan,assault,murder,2023,1
11920,Sarawak,Simunjan,assault,rape,2016,4
11921,Sarawak,Simunjan,assault,rape,2017,1
11922,Sarawak,Simunjan,assault,rape,2018,5
11923,Sarawak,Simunjan,assault,rape,2019,2
11924,Sarawak,Simunjan,assault,rape,2020,5
11925,Sarawak,Simunjan,assault,rape,2021,2
11926,Sarawak,Simunjan,assault,rape,2022,2
11927,Sarawak,Simunjan,assault,rape,2023,2
11928,Sarawak,Simunjan,assault,robbery_gang_armed,2016,0
11929,Sarawak,Simunjan,assault,robbery_gang_armed,2017,0
11930,Sarawak,Simunjan,assault,robbery_gang_armed,2018,0
11931,Sarawak,Simunjan,assault,robbery_gang_armed,2019,0
11932,Sarawak,Simunjan,assault,robbery_gang_armed,2020,0
11933,Sarawak,Simunjan,assault,robbery_gang_armed,2021,0
11934,Sarawak,Simunjan,assault,robbery_gang_armed,2022,0
11935,Sarawak,Simunjan,assault,robbery_gang_armed,2023,0
11936,Sarawak,Simunjan,assault,robbery_gang_unarmed,2016,1
11937,Sarawak,Simunjan,assault,robbery_gang_unarmed,2017,0
11938,Sarawak,Simunjan,assault,robbery_gang_unarmed,2018,1
11939,Sarawak,Simunjan,assault,robbery_gang_unarmed,2019,1
11940,Sarawak,Simunjan,assault,robbery_gang_unarmed,2020,1
11941,Sarawak,Simunjan,assault,robbery_gang_unarmed,2021,0
11942,Sarawak,Simunjan,assault,robbery_gang_unarmed,2022,0
11943,Sarawak,Simunjan,assault,robbery_gang_unarmed,2023,1
11944,Sarawak,Simunjan,assault,robbery_solo_armed,2016,0
11945,Sarawak,Simunjan,assault,robbery_solo_armed,2017,0
11946,Sarawak,Simunjan,assault,robbery_solo_armed,2018,0
11947,Sarawak,Simunjan,assault,robbery_solo_armed,2019,0
11948,Sarawak,Simunjan,assault,robbery_solo_armed,2020,0
11949,Sarawak,Simunjan,assault,robbery_solo_armed,2021,0
11950,Sarawak,Simunjan,assault,robbery_solo_armed,2022,0
11951,Sarawak,Simunjan,assault,robbery_solo_armed,2023,0
11952,Sarawak,Simunjan,assault,robbery_solo_unarmed,2016,0
11953,Sarawak,Simunjan,assault,robbery_solo_unarmed,2017,0
11954,Sarawak,Simunjan,assault,robbery_solo_unarmed,2018,1
11955,Sarawak,Simunjan,assault,robbery_solo_unarmed,2019,0
11956,Sarawak,Simunjan,assault,robbery_solo_unarmed,2020,0
11957,Sarawak,Simunjan,assault,robbery_solo_unarmed,2021,0
11958,Sarawak,Simunjan,assault,robbery_solo_unarmed,2022,0
11959,Sarawak,Simunjan,assault,robbery_solo_unarmed,2023,1
11960,Sarawak,Simunjan,property,break_in,2016,18
11961,Sarawak,Simunjan,property,break_in,2017,5
11962,Sarawak,Simunjan,property,break_in,2018,9
11963,Sarawak,Simunjan,property,break_in,2019,22
11964,Sarawak,Simunjan,property,break_in,2020,13
11965,Sarawak,Simunjan,property,break_in,2021,11
11966,Sarawak,Simunjan,property,break_in,2022,13
11967,Sarawak,Simunjan,property,break_in,2023,8
11968,Sarawak,Simunjan,property,theft_other,2016,9
11969,Sarawak,Simunjan,property,theft_other,2017,4
11970,Sarawak,Simunjan,property,theft_other,2018,7
11971,Sarawak,Simunjan,property,theft_other,2019,8
11972,Sarawak,Simunjan,property,theft_other,2020,14
11973,Sarawak,Simunjan,property,theft_other,2021,12
11974,Sarawak,Simunjan,property,theft_other,2022,15
11975,Sarawak,Simunjan,property,theft_other,2023,23
11976,Sarawak,Simunjan,property,theft_vehicle_lorry,2016,1
11977,Sarawak,Simunjan,property,theft_vehicle_lorry,2017,1
11978,Sarawak,Simunjan,property,theft_vehicle_lorry,2018,0
11979,Sarawak,Simunjan,property,theft_vehicle_lorry,2019,0
11980,Sarawak,Simunjan,property,theft_vehicle_lorry,2020,0
11981,Sarawak,Simunjan,property,theft_vehicle_lorry,2021,3
11982,Sarawak,Simunjan,property,theft_vehicle_lorry,2022,0
11983,Sarawak,Simunjan,property,theft_vehicle_lorry,2023,0
11984,Sarawak,Simunjan,property,theft_vehicle_motorcar,2016,0
11985,Sarawak,Simunjan,property,theft_vehicle_motorcar,2017,0
11986,Sarawak,Simunjan,property,theft_vehicle_motorcar,2018,0
11987,Sarawak,Simunjan,property,theft_vehicle_motorcar,2019,0
11988,Sarawak,Simunjan,property,theft_vehicle_motorcar,2020,0
11989,Sarawak,Simunjan,property,theft_vehicle_motorcar,2021,0
11990,Sarawak,Simunjan,property,theft_vehicle_motorcar,2022,0
11991,Sarawak,Simunjan,property,theft_vehicle_motorcar,2023,0
11992,Sarawak,Simunjan,property,theft_vehicle_motorcycle,2016,18
11993,Sarawak,Simunjan,property,theft_vehicle_motorcycle,2017,19
11994,Sarawak,Simunjan,property,theft_vehicle_motorcycle,2018,14
11995,Sarawak,Simunjan,property,theft_vehicle_motorcycle,2019,19
11996,Sarawak,Simunjan,property,theft_vehicle_motorcycle,2020,5
11997,Sarawak,Simunjan,property,theft_vehicle_motorcycle,2021,2
11998,Sarawak,Simunjan,property,theft_vehicle_motorcycle,2022,3
11999,Sarawak,Simunjan,property,theft_vehicle_motorcycle,2023,7
12000,Sarawak,Song,assault,causing_injury,2016,1
12001,Sarawak,Song,assault,causing_injury,2017,2
12002,Sarawak,Song,assault,causing_injury,2018,2
12003,Sarawak,Song,assault,causing_injury,2019,2
12004,Sarawak,Song,assault,causing_injury,2020,2
12005,Sarawak,Song,assault,causing_injury,2021,0
12006,Sarawak,Song,assault,causing_injury,2022,2
12007,Sarawak,Song,assault,causing_injury,2023,2
12008,Sarawak,Song,assault,murder,2016,0
12009,Sarawak,Song,assault,murder,2017,0
12010,Sarawak,Song,assault,murder,2018,0
12011,Sarawak,Song,assault,murder,2019,0
12012,Sarawak,Song,assault,murder,2020,0
12013,Sarawak,Song,assault,murder,2021,0
12014,Sarawak,Song,assault,murder,2022,0
12015,Sarawak,Song,assault,murder,2023,0
12016,Sarawak,Song,assault,rape,2016,1
12017,Sarawak,Song,assault,rape,2017,1
12018,Sarawak,Song,assault,rape,2018,0
12019,Sarawak,Song,assault,rape,2019,1
12020,Sarawak,Song,assault,rape,2020,1
12021,Sarawak,Song,assault,rape,2021,3
12022,Sarawak,Song,assault,rape,2022,2
12023,Sarawak,Song,assault,rape,2023,4
12024,Sarawak,Song,assault,robbery_gang_armed,2016,0
12025,Sarawak,Song,assault,robbery_gang_armed,2017,0
12026,Sarawak,Song,assault,robbery_gang_armed,2018,0
12027,Sarawak,Song,assault,robbery_gang_armed,2019,0
12028,Sarawak,Song,assault,robbery_gang_armed,2020,0
12029,Sarawak,Song,assault,robbery_gang_armed,2021,0
12030,Sarawak,Song,assault,robbery_gang_armed,2022,0
12031,Sarawak,Song,assault,robbery_gang_armed,2023,0
12032,Sarawak,Song,assault,robbery_gang_unarmed,2016,1
12033,Sarawak,Song,assault,robbery_gang_unarmed,2017,0
12034,Sarawak,Song,assault,robbery_gang_unarmed,2018,0
12035,Sarawak,Song,assault,robbery_gang_unarmed,2019,0
12036,Sarawak,Song,assault,robbery_gang_unarmed,2020,0
12037,Sarawak,Song,assault,robbery_gang_unarmed,2021,0
12038,Sarawak,Song,assault,robbery_gang_unarmed,2022,0
12039,Sarawak,Song,assault,robbery_gang_unarmed,2023,0
12040,Sarawak,Song,assault,robbery_solo_armed,2016,0
12041,Sarawak,Song,assault,robbery_solo_armed,2017,0
12042,Sarawak,Song,assault,robbery_solo_armed,2018,0
12043,Sarawak,Song,assault,robbery_solo_armed,2019,0
12044,Sarawak,Song,assault,robbery_solo_armed,2020,0
12045,Sarawak,Song,assault,robbery_solo_armed,2021,0
12046,Sarawak,Song,assault,robbery_solo_armed,2022,0
12047,Sarawak,Song,assault,robbery_solo_armed,2023,0
12048,Sarawak,Song,assault,robbery_solo_unarmed,2016,0
12049,Sarawak,Song,assault,robbery_solo_unarmed,2017,0
12050,Sarawak,Song,assault,robbery_solo_unarmed,2018,0
12051,Sarawak,Song,assault,robbery_solo_unarmed,2019,0
12052,Sarawak,Song,assault,robbery_solo_unarmed,2020,0
12053,Sarawak,Song,assault,robbery_solo_unarmed,2021,0
12054,Sarawak,Song,assault,robbery_solo_unarmed,2022,0
12055,Sarawak,Song,assault,robbery_solo_unarmed,2023,0
12056,Sarawak,Song,property,break_in,2016,2
12057,Sarawak,Song,property,break_in,2017,1
12058,Sarawak,Song,property,break_in,2018,6
12059,Sarawak,Song,property,break_in,2019,1
12060,Sarawak,Song,property,break_in,2020,3
12061,Sarawak,Song,property,break_in,2021,0
12062,Sarawak,Song,property,break_in,2022,1
12063,Sarawak,Song,property,break_in,2023,0
12064,Sarawak,Song,property,theft_other,2016,2
12065,Sarawak,Song,property,theft_other,2017,3
12066,Sarawak,Song,property,theft_other,2018,3
12067,Sarawak,Song,property,theft_other,2019,2
12068,Sarawak,Song,property,theft_other,2020,4
12069,Sarawak,Song,property,theft_other,2021,4
12070,Sarawak,Song,property,theft_other,2022,6
12071,Sarawak,Song,property,theft_other,2023,3
12072,Sarawak,Song,property,theft_vehicle_lorry,2016,0
12073,Sarawak,Song,property,theft_vehicle_lorry,2017,0
12074,Sarawak,Song,property,theft_vehicle_lorry,2018,1
12075,Sarawak,Song,property,theft_vehicle_lorry,2019,0
12076,Sarawak,Song,property,theft_vehicle_lorry,2020,0
12077,Sarawak,Song,property,theft_vehicle_lorry,2021,0
12078,Sarawak,Song,property,theft_vehicle_lorry,2022,0
12079,Sarawak,Song,property,theft_vehicle_lorry,2023,0
12080,Sarawak,Song,property,theft_vehicle_motorcar,2016,0
12081,Sarawak,Song,property,theft_vehicle_motorcar,2017,0
12082,Sarawak,Song,property,theft_vehicle_motorcar,2018,0
12083,Sarawak,Song,property,theft_vehicle_motorcar,2019,0
12084,Sarawak,Song,property,theft_vehicle_motorcar,2020,0
12085,Sarawak,Song,property,theft_vehicle_motorcar,2021,0
12086,Sarawak,Song,property,theft_vehicle_motorcar,2022,0
12087,Sarawak,Song,property,theft_vehicle_motorcar,2023,0
12088,Sarawak,Song,property,theft_vehicle_motorcycle,2016,0
12089,Sarawak,Song,property,theft_vehicle_motorcycle,2017,0
12090,Sarawak,Song,property,theft_vehicle_motorcycle,2018,0
12091,Sarawak,Song,property,theft_vehicle_motorcycle,2019,1
12092,Sarawak,Song,property,theft_vehicle_motorcycle,2020,0
12093,Sarawak,Song,property,theft_vehicle_motorcycle,2021,0
12094,Sarawak,Song,property,theft_vehicle_motorcycle,2022,1
12095,Sarawak,Song,property,theft_vehicle_motorcycle,2023,0
12096,Sarawak,Sri Aman,assault,causing_injury,2016,5
12097,Sarawak,Sri Aman,assault,causing_injury,2017,7
12098,Sarawak,Sri Aman,assault,causing_injury,2018,11
12099,Sarawak,Sri Aman,assault,causing_injury,2019,6
12100,Sarawak,Sri Aman,assault,causing_injury,2020,4
12101,Sarawak,Sri Aman,assault,causing_injury,2021,5
12102,Sarawak,Sri Aman,assault,causing_injury,2022,10
12103,Sarawak,Sri Aman,assault,causing_injury,2023,7
12104,Sarawak,Sri Aman,assault,murder,2016,0
12105,Sarawak,Sri Aman,assault,murder,2017,1
12106,Sarawak,Sri Aman,assault,murder,2018,1
12107,Sarawak,Sri Aman,assault,murder,2019,0
12108,Sarawak,Sri Aman,assault,murder,2020,0
12109,Sarawak,Sri Aman,assault,murder,2021,1
12110,Sarawak,Sri Aman,assault,murder,2022,0
12111,Sarawak,Sri Aman,assault,murder,2023,1
12112,Sarawak,Sri Aman,assault,rape,2016,2
12113,Sarawak,Sri Aman,assault,rape,2017,7
12114,Sarawak,Sri Aman,assault,rape,2018,11
12115,Sarawak,Sri Aman,assault,rape,2019,2
12116,Sarawak,Sri Aman,assault,rape,2020,9
12117,Sarawak,Sri Aman,assault,rape,2021,7
12118,Sarawak,Sri Aman,assault,rape,2022,4
12119,Sarawak,Sri Aman,assault,rape,2023,1
12120,Sarawak,Sri Aman,assault,robbery_gang_armed,2016,1
12121,Sarawak,Sri Aman,assault,robbery_gang_armed,2017,0
12122,Sarawak,Sri Aman,assault,robbery_gang_armed,2018,0
12123,Sarawak,Sri Aman,assault,robbery_gang_armed,2019,0
12124,Sarawak,Sri Aman,assault,robbery_gang_armed,2020,0
12125,Sarawak,Sri Aman,assault,robbery_gang_armed,2021,0
12126,Sarawak,Sri Aman,assault,robbery_gang_armed,2022,0
12127,Sarawak,Sri Aman,assault,robbery_gang_armed,2023,0
12128,Sarawak,Sri Aman,assault,robbery_gang_unarmed,2016,1
12129,Sarawak,Sri Aman,assault,robbery_gang_unarmed,2017,3
12130,Sarawak,Sri Aman,assault,robbery_gang_unarmed,2018,2
12131,Sarawak,Sri Aman,assault,robbery_gang_unarmed,2019,3
12132,Sarawak,Sri Aman,assault,robbery_gang_unarmed,2020,0
12133,Sarawak,Sri Aman,assault,robbery_gang_unarmed,2021,1
12134,Sarawak,Sri Aman,assault,robbery_gang_unarmed,2022,0
12135,Sarawak,Sri Aman,assault,robbery_gang_unarmed,2023,3
12136,Sarawak,Sri Aman,assault,robbery_solo_armed,2016,0
12137,Sarawak,Sri Aman,assault,robbery_solo_armed,2017,0
12138,Sarawak,Sri Aman,assault,robbery_solo_armed,2018,0
12139,Sarawak,Sri Aman,assault,robbery_solo_armed,2019,0
12140,Sarawak,Sri Aman,assault,robbery_solo_armed,2020,0
12141,Sarawak,Sri Aman,assault,robbery_solo_armed,2021,0
12142,Sarawak,Sri Aman,assault,robbery_solo_armed,2022,0
12143,Sarawak,Sri Aman,assault,robbery_solo_armed,2023,0
12144,Sarawak,Sri Aman,assault,robbery_solo_unarmed,2016,0
12145,Sarawak,Sri Aman,assault,robbery_solo_unarmed,2017,3
12146,Sarawak,Sri Aman,assault,robbery_solo_unarmed,2018,1
12147,Sarawak,Sri Aman,assault,robbery_solo_unarmed,2019,2
12148,Sarawak,Sri Aman,assault,robbery_solo_unarmed,2020,0
12149,Sarawak,Sri Aman,assault,robbery_solo_unarmed,2021,1
12150,Sarawak,Sri Aman,assault,robbery_solo_unarmed,2022,0
12151,Sarawak,Sri Aman,assault,robbery_solo_unarmed,2023,0
12152,Sarawak,Sri Aman,property,break_in,2016,31
12153,Sarawak,Sri Aman,property,break_in,2017,36
12154,Sarawak,Sri Aman,property,break_in,2018,36
12155,Sarawak,Sri Aman,property,break_in,2019,50
12156,Sarawak,Sri Aman,property,break_in,2020,49
12157,Sarawak,Sri Aman,property,break_in,2021,29
12158,Sarawak,Sri Aman,property,break_in,2022,36
12159,Sarawak,Sri Aman,property,break_in,2023,26
12160,Sarawak,Sri Aman,property,theft_other,2016,32
12161,Sarawak,Sri Aman,property,theft_other,2017,35
12162,Sarawak,Sri Aman,property,theft_other,2018,24
12163,Sarawak,Sri Aman,property,theft_other,2019,21
12164,Sarawak,Sri Aman,property,theft_other,2020,37
12165,Sarawak,Sri Aman,property,theft_other,2021,45
12166,Sarawak,Sri Aman,property,theft_other,2022,47
12167,Sarawak,Sri Aman,property,theft_other,2023,36
12168,Sarawak,Sri Aman,property,theft_vehicle_lorry,2016,5
12169,Sarawak,Sri Aman,property,theft_vehicle_lorry,2017,1
12170,Sarawak,Sri Aman,property,theft_vehicle_lorry,2018,1
12171,Sarawak,Sri Aman,property,theft_vehicle_lorry,2019,2
12172,Sarawak,Sri Aman,property,theft_vehicle_lorry,2020,1
12173,Sarawak,Sri Aman,property,theft_vehicle_lorry,2021,0
12174,Sarawak,Sri Aman,property,theft_vehicle_lorry,2022,1
12175,Sarawak,Sri Aman,property,theft_vehicle_lorry,2023,1
12176,Sarawak,Sri Aman,property,theft_vehicle_motorcar,2016,6
12177,Sarawak,Sri Aman,property,theft_vehicle_motorcar,2017,4
12178,Sarawak,Sri Aman,property,theft_vehicle_motorcar,2018,0
12179,Sarawak,Sri Aman,property,theft_vehicle_motorcar,2019,4
12180,Sarawak,Sri Aman,property,theft_vehicle_motorcar,2020,2
12181,Sarawak,Sri Aman,property,theft_vehicle_motorcar,2021,2
12182,Sarawak,Sri Aman,property,theft_vehicle_motorcar,2022,4
12183,Sarawak,Sri Aman,property,theft_vehicle_motorcar,2023,2
12184,Sarawak,Sri Aman,property,theft_vehicle_motorcycle,2016,35
12185,Sarawak,Sri Aman,property,theft_vehicle_motorcycle,2017,19
12186,Sarawak,Sri Aman,property,theft_vehicle_motorcycle,2018,12
12187,Sarawak,Sri Aman,property,theft_vehicle_motorcycle,2019,18
12188,Sarawak,Sri Aman,property,theft_vehicle_motorcycle,2020,3
12189,Sarawak,Sri Aman,property,theft_vehicle_motorcycle,2021,1
12190,Sarawak,Sri Aman,property,theft_vehicle_motorcycle,2022,8
12191,Sarawak,Sri Aman,property,theft_vehicle_motorcycle,2023,7
12192,Sarawak,Tatau,assault,causing_injury,2016,2
12193,Sarawak,Tatau,assault,causing_injury,2017,5
12194,Sarawak,Tatau,assault,causing_injury,2018,1
12195,Sarawak,Tatau,assault,causing_injury,2019,1
12196,Sarawak,Tatau,assault,causing_injury,2020,2
12197,Sarawak,Tatau,assault,causing_injury,2021,2
12198,Sarawak,Tatau,assault,causing_injury,2022,0
12199,Sarawak,Tatau,assault,causing_injury,2023,0
12200,Sarawak,Tatau,assault,murder,2016,1
12201,Sarawak,Tatau,assault,murder,2017,0
12202,Sarawak,Tatau,assault,murder,2018,1
12203,Sarawak,Tatau,assault,murder,2019,1
12204,Sarawak,Tatau,assault,murder,2020,0
12205,Sarawak,Tatau,assault,murder,2021,0
12206,Sarawak,Tatau,assault,murder,2022,0
12207,Sarawak,Tatau,assault,murder,2023,0
12208,Sarawak,Tatau,assault,rape,2016,2
12209,Sarawak,Tatau,assault,rape,2017,0
12210,Sarawak,Tatau,assault,rape,2018,1
12211,Sarawak,Tatau,assault,rape,2019,2
12212,Sarawak,Tatau,assault,rape,2020,1
12213,Sarawak,Tatau,assault,rape,2021,2
12214,Sarawak,Tatau,assault,rape,2022,2
12215,Sarawak,Tatau,assault,rape,2023,2
12216,Sarawak,Tatau,assault,robbery_gang_armed,2016,0
12217,Sarawak,Tatau,assault,robbery_gang_armed,2017,0
12218,Sarawak,Tatau,assault,robbery_gang_armed,2018,0
12219,Sarawak,Tatau,assault,robbery_gang_armed,2019,1
12220,Sarawak,Tatau,assault,robbery_gang_armed,2020,0
12221,Sarawak,Tatau,assault,robbery_gang_armed,2021,0
12222,Sarawak,Tatau,assault,robbery_gang_armed,2022,0
12223,Sarawak,Tatau,assault,robbery_gang_armed,2023,0
12224,Sarawak,Tatau,assault,robbery_gang_unarmed,2016,0
12225,Sarawak,Tatau,assault,robbery_gang_unarmed,2017,0
12226,Sarawak,Tatau,assault,robbery_gang_unarmed,2018,1
12227,Sarawak,Tatau,assault,robbery_gang_unarmed,2019,0
12228,Sarawak,Tatau,assault,robbery_gang_unarmed,2020,1
12229,Sarawak,Tatau,assault,robbery_gang_unarmed,2021,0
12230,Sarawak,Tatau,assault,robbery_gang_unarmed,2022,1
12231,Sarawak,Tatau,assault,robbery_gang_unarmed,2023,0
12232,Sarawak,Tatau,assault,robbery_solo_armed,2016,0
12233,Sarawak,Tatau,assault,robbery_solo_armed,2017,0
12234,Sarawak,Tatau,assault,robbery_solo_armed,2018,0
12235,Sarawak,Tatau,assault,robbery_solo_armed,2019,0
12236,Sarawak,Tatau,assault,robbery_solo_armed,2020,0
12237,Sarawak,Tatau,assault,robbery_solo_armed,2021,0
12238,Sarawak,Tatau,assault,robbery_solo_armed,2022,0
12239,Sarawak,Tatau,assault,robbery_solo_armed,2023,0
12240,Sarawak,Tatau,assault,robbery_solo_unarmed,2016,0
12241,Sarawak,Tatau,assault,robbery_solo_unarmed,2017,0
12242,Sarawak,Tatau,assault,robbery_solo_unarmed,2018,0
12243,Sarawak,Tatau,assault,robbery_solo_unarmed,2019,0
12244,Sarawak,Tatau,assault,robbery_solo_unarmed,2020,0
12245,Sarawak,Tatau,assault,robbery_solo_unarmed,2021,0
12246,Sarawak,Tatau,assault,robbery_solo_unarmed,2022,0
12247,Sarawak,Tatau,assault,robbery_solo_unarmed,2023,0
12248,Sarawak,Tatau,property,break_in,2016,2
12249,Sarawak,Tatau,property,break_in,2017,1
12250,Sarawak,Tatau,property,break_in,2018,0
12251,Sarawak,Tatau,property,break_in,2019,0
12252,Sarawak,Tatau,property,break_in,2020,0
12253,Sarawak,Tatau,property,break_in,2021,0
12254,Sarawak,Tatau,property,break_in,2022,4
12255,Sarawak,Tatau,property,break_in,2023,4
12256,Sarawak,Tatau,property,theft_other,2016,11
12257,Sarawak,Tatau,property,theft_other,2017,7
12258,Sarawak,Tatau,property,theft_other,2018,15
12259,Sarawak,Tatau,property,theft_other,2019,14
12260,Sarawak,Tatau,property,theft_other,2020,16
12261,Sarawak,Tatau,property,theft_other,2021,9
12262,Sarawak,Tatau,property,theft_other,2022,12
12263,Sarawak,Tatau,property,theft_other,2023,8
12264,Sarawak,Tatau,property,theft_vehicle_lorry,2016,3
12265,Sarawak,Tatau,property,theft_vehicle_lorry,2017,0
12266,Sarawak,Tatau,property,theft_vehicle_lorry,2018,2
12267,Sarawak,Tatau,property,theft_vehicle_lorry,2019,0
12268,Sarawak,Tatau,property,theft_vehicle_lorry,2020,0
12269,Sarawak,Tatau,property,theft_vehicle_lorry,2021,0
12270,Sarawak,Tatau,property,theft_vehicle_lorry,2022,0
12271,Sarawak,Tatau,property,theft_vehicle_lorry,2023,1
12272,Sarawak,Tatau,property,theft_vehicle_motorcar,2016,0
12273,Sarawak,Tatau,property,theft_vehicle_motorcar,2017,1
12274,Sarawak,Tatau,property,theft_vehicle_motorcar,2018,1
12275,Sarawak,Tatau,property,theft_vehicle_motorcar,2019,0
12276,Sarawak,Tatau,property,theft_vehicle_motorcar,2020,1
12277,Sarawak,Tatau,property,theft_vehicle_motorcar,2021,0
12278,Sarawak,Tatau,property,theft_vehicle_motorcar,2022,1
12279,Sarawak,Tatau,property,theft_vehicle_motorcar,2023,2
12280,Sarawak,Tatau,property,theft_vehicle_motorcycle,2016,5
12281,Sarawak,Tatau,property,theft_vehicle_motorcycle,2017,3
12282,Sarawak,Tatau,property,theft_vehicle_motorcycle,2018,7
12283,Sarawak,Tatau,property,theft_vehicle_motorcycle,2019,2
12284,Sarawak,Tatau,property,theft_vehicle_motorcycle,2020,0
12285,Sarawak,Tatau,property,theft_vehicle_motorcycle,2021,0
12286,Sarawak,Tatau,property,theft_vehicle_motorcycle,2022,1
12287,Sarawak,Tatau,property,theft_vehicle_motorcycle,2023,1
12288,Selangor,Ampang Jaya,assault,causing_injury,2016,66
12289,Selangor,Ampang Jaya,assault,causing_injury,2017,86
12290,Selangor,Ampang Jaya,assault,causing_injury,2018,96
12291,Selangor,Ampang Jaya,assault,causing_injury,2019,47
12292,Selangor,Ampang Jaya,assault,causing_injury,2020,76
12293,Selangor,Ampang Jaya,assault,causing_injury,2021,70
12294,Selangor,Ampang Jaya,assault,causing_injury,2022,61
12295,Selangor,Ampang Jaya,assault,causing_injury,2023,69
12296,Selangor,Ampang Jaya,assault,murder,2016,5
12297,Selangor,Ampang Jaya,assault,murder,2017,4
12298,Selangor,Ampang Jaya,assault,murder,2018,5
12299,Selangor,Ampang Jaya,assault,murder,2019,5
12300,Selangor,Ampang Jaya,assault,murder,2020,3
12301,Selangor,Ampang Jaya,assault,murder,2021,3
12302,Selangor,Ampang Jaya,assault,murder,2022,5
12303,Selangor,Ampang Jaya,assault,murder,2023,1
12304,Selangor,Ampang Jaya,assault,rape,2016,30
12305,Selangor,Ampang Jaya,assault,rape,2017,36
12306,Selangor,Ampang Jaya,assault,rape,2018,26
12307,Selangor,Ampang Jaya,assault,rape,2019,23
12308,Selangor,Ampang Jaya,assault,rape,2020,28
12309,Selangor,Ampang Jaya,assault,rape,2021,18
12310,Selangor,Ampang Jaya,assault,rape,2022,32
12311,Selangor,Ampang Jaya,assault,rape,2023,33
12312,Selangor,Ampang Jaya,assault,robbery_gang_armed,2016,0
12313,Selangor,Ampang Jaya,assault,robbery_gang_armed,2017,0
12314,Selangor,Ampang Jaya,assault,robbery_gang_armed,2018,0
12315,Selangor,Ampang Jaya,assault,robbery_gang_armed,2019,0
12316,Selangor,Ampang Jaya,assault,robbery_gang_armed,2020,0
12317,Selangor,Ampang Jaya,assault,robbery_gang_armed,2021,0
12318,Selangor,Ampang Jaya,assault,robbery_gang_armed,2022,0
12319,Selangor,Ampang Jaya,assault,robbery_gang_armed,2023,0
12320,Selangor,Ampang Jaya,assault,robbery_gang_unarmed,2016,380
12321,Selangor,Ampang Jaya,assault,robbery_gang_unarmed,2017,434
12322,Selangor,Ampang Jaya,assault,robbery_gang_unarmed,2018,281
12323,Selangor,Ampang Jaya,assault,robbery_gang_unarmed,2019,277
12324,Selangor,Ampang Jaya,assault,robbery_gang_unarmed,2020,146
12325,Selangor,Ampang Jaya,assault,robbery_gang_unarmed,2021,79
12326,Selangor,Ampang Jaya,assault,robbery_gang_unarmed,2022,49
12327,Selangor,Ampang Jaya,assault,robbery_gang_unarmed,2023,56
12328,Selangor,Ampang Jaya,assault,robbery_solo_armed,2016,1
12329,Selangor,Ampang Jaya,assault,robbery_solo_armed,2017,0
12330,Selangor,Ampang Jaya,assault,robbery_solo_armed,2018,0
12331,Selangor,Ampang Jaya,assault,robbery_solo_armed,2019,0
12332,Selangor,Ampang Jaya,assault,robbery_solo_armed,2020,0
12333,Selangor,Ampang Jaya,assault,robbery_solo_armed,2021,0
12334,Selangor,Ampang Jaya,assault,robbery_solo_armed,2022,0
12335,Selangor,Ampang Jaya,assault,robbery_solo_armed,2023,0
12336,Selangor,Ampang Jaya,assault,robbery_solo_unarmed,2016,73
12337,Selangor,Ampang Jaya,assault,robbery_solo_unarmed,2017,147
12338,Selangor,Ampang Jaya,assault,robbery_solo_unarmed,2018,163
12339,Selangor,Ampang Jaya,assault,robbery_solo_unarmed,2019,143
12340,Selangor,Ampang Jaya,assault,robbery_solo_unarmed,2020,233
12341,Selangor,Ampang Jaya,assault,robbery_solo_unarmed,2021,91
12342,Selangor,Ampang Jaya,assault,robbery_solo_unarmed,2022,58
12343,Selangor,Ampang Jaya,assault,robbery_solo_unarmed,2023,60
12344,Selangor,Ampang Jaya,property,break_in,2016,600
12345,Selangor,Ampang Jaya,property,break_in,2017,390
12346,Selangor,Ampang Jaya,property,break_in,2018,426
12347,Selangor,Ampang Jaya,property,break_in,2019,423
12348,Selangor,Ampang Jaya,property,break_in,2020,300
12349,Selangor,Ampang Jaya,property,break_in,2021,192
12350,Selangor,Ampang Jaya,property,break_in,2022,159
12351,Selangor,Ampang Jaya,property,break_in,2023,223
12352,Selangor,Ampang Jaya,property,theft_other,2016,774
12353,Selangor,Ampang Jaya,property,theft_other,2017,421
12354,Selangor,Ampang Jaya,property,theft_other,2018,406
12355,Selangor,Ampang Jaya,property,theft_other,2019,386
12356,Selangor,Ampang Jaya,property,theft_other,2020,484
12357,Selangor,Ampang Jaya,property,theft_other,2021,461
12358,Selangor,Ampang Jaya,property,theft_other,2022,322
12359,Selangor,Ampang Jaya,property,theft_other,2023,401
12360,Selangor,Ampang Jaya,property,theft_vehicle_lorry,2016,82
12361,Selangor,Ampang Jaya,property,theft_vehicle_lorry,2017,58
12362,Selangor,Ampang Jaya,property,theft_vehicle_lorry,2018,53
12363,Selangor,Ampang Jaya,property,theft_vehicle_lorry,2019,58
12364,Selangor,Ampang Jaya,property,theft_vehicle_lorry,2020,27
12365,Selangor,Ampang Jaya,property,theft_vehicle_lorry,2021,15
12366,Selangor,Ampang Jaya,property,theft_vehicle_lorry,2022,22
12367,Selangor,Ampang Jaya,property,theft_vehicle_lorry,2023,22
12368,Selangor,Ampang Jaya,property,theft_vehicle_motorcar,2016,313
12369,Selangor,Ampang Jaya,property,theft_vehicle_motorcar,2017,274
12370,Selangor,Ampang Jaya,property,theft_vehicle_motorcar,2018,234
12371,Selangor,Ampang Jaya,property,theft_vehicle_motorcar,2019,249
12372,Selangor,Ampang Jaya,property,theft_vehicle_motorcar,2020,171
12373,Selangor,Ampang Jaya,property,theft_vehicle_motorcar,2021,126
12374,Selangor,Ampang Jaya,property,theft_vehicle_motorcar,2022,80
12375,Selangor,Ampang Jaya,property,theft_vehicle_motorcar,2023,81
12376,Selangor,Ampang Jaya,property,theft_vehicle_motorcycle,2016,780
12377,Selangor,Ampang Jaya,property,theft_vehicle_motorcycle,2017,817
12378,Selangor,Ampang Jaya,property,theft_vehicle_motorcycle,2018,709
12379,Selangor,Ampang Jaya,property,theft_vehicle_motorcycle,2019,552
12380,Selangor,Ampang Jaya,property,theft_vehicle_motorcycle,2020,431
12381,Selangor,Ampang Jaya,property,theft_vehicle_motorcycle,2021,240
12382,Selangor,Ampang Jaya,property,theft_vehicle_motorcycle,2022,204
12383,Selangor,Ampang Jaya,property,theft_vehicle_motorcycle,2023,228
12384,Selangor,Gombak,assault,causing_injury,2016,141
12385,Selangor,Gombak,assault,causing_injury,2017,114
12386,Selangor,Gombak,assault,causing_injury,2018,80
12387,Selangor,Gombak,assault,causing_injury,2019,117
12388,Selangor,Gombak,assault,causing_injury,2020,139
12389,Selangor,Gombak,assault,causing_injury,2021,99
12390,Selangor,Gombak,assault,causing_injury,2022,106
12391,Selangor,Gombak,assault,causing_injury,2023,145
12392,Selangor,Gombak,assault,murder,2016,11
12393,Selangor,Gombak,assault,murder,2017,11
12394,Selangor,Gombak,assault,murder,2018,7
12395,Selangor,Gombak,assault,murder,2019,11
12396,Selangor,Gombak,assault,murder,2020,2
12397,Selangor,Gombak,assault,murder,2021,7
12398,Selangor,Gombak,assault,murder,2022,4
12399,Selangor,Gombak,assault,murder,2023,5
12400,Selangor,Gombak,assault,rape,2016,39
12401,Selangor,Gombak,assault,rape,2017,41
12402,Selangor,Gombak,assault,rape,2018,37
12403,Selangor,Gombak,assault,rape,2019,29
12404,Selangor,Gombak,assault,rape,2020,27
12405,Selangor,Gombak,assault,rape,2021,26
12406,Selangor,Gombak,assault,rape,2022,26
12407,Selangor,Gombak,assault,rape,2023,36
12408,Selangor,Gombak,assault,robbery_gang_armed,2016,0
12409,Selangor,Gombak,assault,robbery_gang_armed,2017,2
12410,Selangor,Gombak,assault,robbery_gang_armed,2018,1
12411,Selangor,Gombak,assault,robbery_gang_armed,2019,1
12412,Selangor,Gombak,assault,robbery_gang_armed,2020,1
12413,Selangor,Gombak,assault,robbery_gang_armed,2021,0
12414,Selangor,Gombak,assault,robbery_gang_armed,2022,0
12415,Selangor,Gombak,assault,robbery_gang_armed,2023,1
12416,Selangor,Gombak,assault,robbery_gang_unarmed,2016,511
12417,Selangor,Gombak,assault,robbery_gang_unarmed,2017,524
12418,Selangor,Gombak,assault,robbery_gang_unarmed,2018,306
12419,Selangor,Gombak,assault,robbery_gang_unarmed,2019,259
12420,Selangor,Gombak,assault,robbery_gang_unarmed,2020,150
12421,Selangor,Gombak,assault,robbery_gang_unarmed,2021,173
12422,Selangor,Gombak,assault,robbery_gang_unarmed,2022,101
12423,Selangor,Gombak,assault,robbery_gang_unarmed,2023,106
12424,Selangor,Gombak,assault,robbery_solo_armed,2016,0
12425,Selangor,Gombak,assault,robbery_solo_armed,2017,0
12426,Selangor,Gombak,assault,robbery_solo_armed,2018,0
12427,Selangor,Gombak,assault,robbery_solo_armed,2019,0
12428,Selangor,Gombak,assault,robbery_solo_armed,2020,0
12429,Selangor,Gombak,assault,robbery_solo_armed,2021,0
12430,Selangor,Gombak,assault,robbery_solo_armed,2022,0
12431,Selangor,Gombak,assault,robbery_solo_armed,2023,0
12432,Selangor,Gombak,assault,robbery_solo_unarmed,2016,152
12433,Selangor,Gombak,assault,robbery_solo_unarmed,2017,146
12434,Selangor,Gombak,assault,robbery_solo_unarmed,2018,132
12435,Selangor,Gombak,assault,robbery_solo_unarmed,2019,140
12436,Selangor,Gombak,assault,robbery_solo_unarmed,2020,185
12437,Selangor,Gombak,assault,robbery_solo_unarmed,2021,146
12438,Selangor,Gombak,assault,robbery_solo_unarmed,2022,98
12439,Selangor,Gombak,assault,robbery_solo_unarmed,2023,77
12440,Selangor,Gombak,property,break_in,2016,734
12441,Selangor,Gombak,property,break_in,2017,472
12442,Selangor,Gombak,property,break_in,2018,390
12443,Selangor,Gombak,property,break_in,2019,516
12444,Selangor,Gombak,property,break_in,2020,367
12445,Selangor,Gombak,property,break_in,2021,387
12446,Selangor,Gombak,property,break_in,2022,336
12447,Selangor,Gombak,property,break_in,2023,377
12448,Selangor,Gombak,property,theft_other,2016,353
12449,Selangor,Gombak,property,theft_other,2017,218
12450,Selangor,Gombak,property,theft_other,2018,250
12451,Selangor,Gombak,property,theft_other,2019,327
12452,Selangor,Gombak,property,theft_other,2020,358
12453,Selangor,Gombak,property,theft_other,2021,524
12454,Selangor,Gombak,property,theft_other,2022,403
12455,Selangor,Gombak,property,theft_other,2023,540
12456,Selangor,Gombak,property,theft_vehicle_lorry,2016,105
12457,Selangor,Gombak,property,theft_vehicle_lorry,2017,101
12458,Selangor,Gombak,property,theft_vehicle_lorry,2018,84
12459,Selangor,Gombak,property,theft_vehicle_lorry,2019,102
12460,Selangor,Gombak,property,theft_vehicle_lorry,2020,46
12461,Selangor,Gombak,property,theft_vehicle_lorry,2021,35
12462,Selangor,Gombak,property,theft_vehicle_lorry,2022,32
12463,Selangor,Gombak,property,theft_vehicle_lorry,2023,49
12464,Selangor,Gombak,property,theft_vehicle_motorcar,2016,478
12465,Selangor,Gombak,property,theft_vehicle_motorcar,2017,388
12466,Selangor,Gombak,property,theft_vehicle_motorcar,2018,321
12467,Selangor,Gombak,property,theft_vehicle_motorcar,2019,243
12468,Selangor,Gombak,property,theft_vehicle_motorcar,2020,238
12469,Selangor,Gombak,property,theft_vehicle_motorcar,2021,140
12470,Selangor,Gombak,property,theft_vehicle_motorcar,2022,138
12471,Selangor,Gombak,property,theft_vehicle_motorcar,2023,130
12472,Selangor,Gombak,property,theft_vehicle_motorcycle,2016,1192
12473,Selangor,Gombak,property,theft_vehicle_motorcycle,2017,1067
12474,Selangor,Gombak,property,theft_vehicle_motorcycle,2018,886
12475,Selangor,Gombak,property,theft_vehicle_motorcycle,2019,682
12476,Selangor,Gombak,property,theft_vehicle_motorcycle,2020,603
12477,Selangor,Gombak,property,theft_vehicle_motorcycle,2021,354
12478,Selangor,Gombak,property,theft_vehicle_motorcycle,2022,314
12479,Selangor,Gombak,property,theft_vehicle_motorcycle,2023,306
12480,Selangor,Hulu Selangor,assault,causing_injury,2016,18
12481,Selangor,Hulu Selangor,assault,causing_injury,2017,25
12482,Selangor,Hulu Selangor,assault,causing_injury,2018,28
12483,Selangor,Hulu Selangor,assault,causing_injury,2019,20
12484,Selangor,Hulu Selangor,assault,causing_injury,2020,33
12485,Selangor,Hulu Selangor,assault,causing_injury,2021,35
12486,Selangor,Hulu Selangor,assault,causing_injury,2022,17
12487,Selangor,Hulu Selangor,assault,causing_injury,2023,19
12488,Selangor,Hulu Selangor,assault,murder,2016,5
12489,Selangor,Hulu Selangor,assault,murder,2017,3
12490,Selangor,Hulu Selangor,assault,murder,2018,2
12491,Selangor,Hulu Selangor,assault,murder,2019,1
12492,Selangor,Hulu Selangor,assault,murder,2020,4
12493,Selangor,Hulu Selangor,assault,murder,2021,2
12494,Selangor,Hulu Selangor,assault,murder,2022,3
12495,Selangor,Hulu Selangor,assault,murder,2023,1
12496,Selangor,Hulu Selangor,assault,rape,2016,18
12497,Selangor,Hulu Selangor,assault,rape,2017,30
12498,Selangor,Hulu Selangor,assault,rape,2018,31
12499,Selangor,Hulu Selangor,assault,rape,2019,32
12500,Selangor,Hulu Selangor,assault,rape,2020,22
12501,Selangor,Hulu Selangor,assault,rape,2021,31
12502,Selangor,Hulu Selangor,assault,rape,2022,36
12503,Selangor,Hulu Selangor,assault,rape,2023,27
12504,Selangor,Hulu Selangor,assault,robbery_gang_armed,2016,0
12505,Selangor,Hulu Selangor,assault,robbery_gang_armed,2017,0
12506,Selangor,Hulu Selangor,assault,robbery_gang_armed,2018,0
12507,Selangor,Hulu Selangor,assault,robbery_gang_armed,2019,0
12508,Selangor,Hulu Selangor,assault,robbery_gang_armed,2020,0
12509,Selangor,Hulu Selangor,assault,robbery_gang_armed,2021,0
12510,Selangor,Hulu Selangor,assault,robbery_gang_armed,2022,0
12511,Selangor,Hulu Selangor,assault,robbery_gang_armed,2023,0
12512,Selangor,Hulu Selangor,assault,robbery_gang_unarmed,2016,34
12513,Selangor,Hulu Selangor,assault,robbery_gang_unarmed,2017,45
12514,Selangor,Hulu Selangor,assault,robbery_gang_unarmed,2018,32
12515,Selangor,Hulu Selangor,assault,robbery_gang_unarmed,2019,55
12516,Selangor,Hulu Selangor,assault,robbery_gang_unarmed,2020,11
12517,Selangor,Hulu Selangor,assault,robbery_gang_unarmed,2021,47
12518,Selangor,Hulu Selangor,assault,robbery_gang_unarmed,2022,23
12519,Selangor,Hulu Selangor,assault,robbery_gang_unarmed,2023,25
12520,Selangor,Hulu Selangor,assault,robbery_solo_armed,2016,0
12521,Selangor,Hulu Selangor,assault,robbery_solo_armed,2017,0
12522,Selangor,Hulu Selangor,assault,robbery_solo_armed,2018,0
12523,Selangor,Hulu Selangor,assault,robbery_solo_armed,2019,0
12524,Selangor,Hulu Selangor,assault,robbery_solo_armed,2020,0
12525,Selangor,Hulu Selangor,assault,robbery_solo_armed,2021,0
12526,Selangor,Hulu Selangor,assault,robbery_solo_armed,2022,0
12527,Selangor,Hulu Selangor,assault,robbery_solo_armed,2023,0
12528,Selangor,Hulu Selangor,assault,robbery_solo_unarmed,2016,13
12529,Selangor,Hulu Selangor,assault,robbery_solo_unarmed,2017,7
12530,Selangor,Hulu Selangor,assault,robbery_solo_unarmed,2018,5
12531,Selangor,Hulu Selangor,assault,robbery_solo_unarmed,2019,15
12532,Selangor,Hulu Selangor,assault,robbery_solo_unarmed,2020,34
12533,Selangor,Hulu Selangor,assault,robbery_solo_unarmed,2021,34
12534,Selangor,Hulu Selangor,assault,robbery_solo_unarmed,2022,15
12535,Selangor,Hulu Selangor,assault,robbery_solo_unarmed,2023,10
12536,Selangor,Hulu Selangor,property,break_in,2016,70
12537,Selangor,Hulu Selangor,property,break_in,2017,86
12538,Selangor,Hulu Selangor,property,break_in,2018,65
12539,Selangor,Hulu Selangor,property,break_in,2019,75
12540,Selangor,Hulu Selangor,property,break_in,2020,147
12541,Selangor,Hulu Selangor,property,break_in,2021,113
12542,Selangor,Hulu Selangor,property,break_in,2022,56
12543,Selangor,Hulu Selangor,property,break_in,2023,61
12544,Selangor,Hulu Selangor,property,theft_other,2016,91
12545,Selangor,Hulu Selangor,property,theft_other,2017,91
12546,Selangor,Hulu Selangor,property,theft_other,2018,102
12547,Selangor,Hulu Selangor,property,theft_other,2019,125
12548,Selangor,Hulu Selangor,property,theft_other,2020,195
12549,Selangor,Hulu Selangor,property,theft_other,2021,159
12550,Selangor,Hulu Selangor,property,theft_other,2022,83
12551,Selangor,Hulu Selangor,property,theft_other,2023,99
12552,Selangor,Hulu Selangor,property,theft_vehicle_lorry,2016,24
12553,Selangor,Hulu Selangor,property,theft_vehicle_lorry,2017,14
12554,Selangor,Hulu Selangor,property,theft_vehicle_lorry,2018,8
12555,Selangor,Hulu Selangor,property,theft_vehicle_lorry,2019,7
12556,Selangor,Hulu Selangor,property,theft_vehicle_lorry,2020,10
12557,Selangor,Hulu Selangor,property,theft_vehicle_lorry,2021,2
12558,Selangor,Hulu Selangor,property,theft_vehicle_lorry,2022,8
12559,Selangor,Hulu Selangor,property,theft_vehicle_lorry,2023,8
12560,Selangor,Hulu Selangor,property,theft_vehicle_motorcar,2016,30
12561,Selangor,Hulu Selangor,property,theft_vehicle_motorcar,2017,29
12562,Selangor,Hulu Selangor,property,theft_vehicle_motorcar,2018,32
12563,Selangor,Hulu Selangor,property,theft_vehicle_motorcar,2019,30
12564,Selangor,Hulu Selangor,property,theft_vehicle_motorcar,2020,21
12565,Selangor,Hulu Selangor,property,theft_vehicle_motorcar,2021,14
12566,Selangor,Hulu Selangor,property,theft_vehicle_motorcar,2022,19
12567,Selangor,Hulu Selangor,property,theft_vehicle_motorcar,2023,29
12568,Selangor,Hulu Selangor,property,theft_vehicle_motorcycle,2016,190
12569,Selangor,Hulu Selangor,property,theft_vehicle_motorcycle,2017,152
12570,Selangor,Hulu Selangor,property,theft_vehicle_motorcycle,2018,150
12571,Selangor,Hulu Selangor,property,theft_vehicle_motorcycle,2019,136
12572,Selangor,Hulu Selangor,property,theft_vehicle_motorcycle,2020,113
12573,Selangor,Hulu Selangor,property,theft_vehicle_motorcycle,2021,69
12574,Selangor,Hulu Selangor,property,theft_vehicle_motorcycle,2022,69
12575,Selangor,Hulu Selangor,property,theft_vehicle_motorcycle,2023,105
12576,Selangor,Kajang,assault,causing_injury,2016,137
12577,Selangor,Kajang,assault,causing_injury,2017,133
12578,Selangor,Kajang,assault,causing_injury,2018,110
12579,Selangor,Kajang,assault,causing_injury,2019,121
12580,Selangor,Kajang,assault,causing_injury,2020,137
12581,Selangor,Kajang,assault,causing_injury,2021,126
12582,Selangor,Kajang,assault,causing_injury,2022,117
12583,Selangor,Kajang,assault,causing_injury,2023,104
12584,Selangor,Kajang,assault,murder,2016,11
12585,Selangor,Kajang,assault,murder,2017,11
12586,Selangor,Kajang,assault,murder,2018,19
12587,Selangor,Kajang,assault,murder,2019,14
12588,Selangor,Kajang,assault,murder,2020,14
12589,Selangor,Kajang,assault,murder,2021,13
12590,Selangor,Kajang,assault,murder,2022,7
12591,Selangor,Kajang,assault,murder,2023,9
12592,Selangor,Kajang,assault,rape,2016,24
12593,Selangor,Kajang,assault,rape,2017,23
12594,Selangor,Kajang,assault,rape,2018,29
12595,Selangor,Kajang,assault,rape,2019,44
12596,Selangor,Kajang,assault,rape,2020,40
12597,Selangor,Kajang,assault,rape,2021,46
12598,Selangor,Kajang,assault,rape,2022,36
12599,Selangor,Kajang,assault,rape,2023,42
12600,Selangor,Kajang,assault,robbery_gang_armed,2016,0
12601,Selangor,Kajang,assault,robbery_gang_armed,2017,0
12602,Selangor,Kajang,assault,robbery_gang_armed,2018,0
12603,Selangor,Kajang,assault,robbery_gang_armed,2019,0
12604,Selangor,Kajang,assault,robbery_gang_armed,2020,0
12605,Selangor,Kajang,assault,robbery_gang_armed,2021,0
12606,Selangor,Kajang,assault,robbery_gang_armed,2022,0
12607,Selangor,Kajang,assault,robbery_gang_armed,2023,0
12608,Selangor,Kajang,assault,robbery_gang_unarmed,2016,447
12609,Selangor,Kajang,assault,robbery_gang_unarmed,2017,572
12610,Selangor,Kajang,assault,robbery_gang_unarmed,2018,249
12611,Selangor,Kajang,assault,robbery_gang_unarmed,2019,183
12612,Selangor,Kajang,assault,robbery_gang_unarmed,2020,121
12613,Selangor,Kajang,assault,robbery_gang_unarmed,2021,150
12614,Selangor,Kajang,assault,robbery_gang_unarmed,2022,106
12615,Selangor,Kajang,assault,robbery_gang_unarmed,2023,92
12616,Selangor,Kajang,assault,robbery_solo_armed,2016,0
12617,Selangor,Kajang,assault,robbery_solo_armed,2017,0
12618,Selangor,Kajang,assault,robbery_solo_armed,2018,0
12619,Selangor,Kajang,assault,robbery_solo_armed,2019,0
12620,Selangor,Kajang,assault,robbery_solo_armed,2020,0
12621,Selangor,Kajang,assault,robbery_solo_armed,2021,0
12622,Selangor,Kajang,assault,robbery_solo_armed,2022,0
12623,Selangor,Kajang,assault,robbery_solo_armed,2023,0
12624,Selangor,Kajang,assault,robbery_solo_unarmed,2016,82
12625,Selangor,Kajang,assault,robbery_solo_unarmed,2017,232
12626,Selangor,Kajang,assault,robbery_solo_unarmed,2018,90
12627,Selangor,Kajang,assault,robbery_solo_unarmed,2019,77
12628,Selangor,Kajang,assault,robbery_solo_unarmed,2020,189
12629,Selangor,Kajang,assault,robbery_solo_unarmed,2021,218
12630,Selangor,Kajang,assault,robbery_solo_unarmed,2022,129
12631,Selangor,Kajang,assault,robbery_solo_unarmed,2023,95
12632,Selangor,Kajang,property,break_in,2016,824
12633,Selangor,Kajang,property,break_in,2017,698
12634,Selangor,Kajang,property,break_in,2018,415
12635,Selangor,Kajang,property,break_in,2019,403
12636,Selangor,Kajang,property,break_in,2020,359
12637,Selangor,Kajang,property,break_in,2021,357
12638,Selangor,Kajang,property,break_in,2022,244
12639,Selangor,Kajang,property,break_in,2023,286
12640,Selangor,Kajang,property,theft_other,2016,628
12641,Selangor,Kajang,property,theft_other,2017,671
12642,Selangor,Kajang,property,theft_other,2018,338
12643,Selangor,Kajang,property,theft_other,2019,254
12644,Selangor,Kajang,property,theft_other,2020,308
12645,Selangor,Kajang,property,theft_other,2021,360
12646,Selangor,Kajang,property,theft_other,2022,307
12647,Selangor,Kajang,property,theft_other,2023,321
12648,Selangor,Kajang,property,theft_vehicle_lorry,2016,143
12649,Selangor,Kajang,property,theft_vehicle_lorry,2017,107
12650,Selangor,Kajang,property,theft_vehicle_lorry,2018,106
12651,Selangor,Kajang,property,theft_vehicle_lorry,2019,99
12652,Selangor,Kajang,property,theft_vehicle_lorry,2020,79
12653,Selangor,Kajang,property,theft_vehicle_lorry,2021,41
12654,Selangor,Kajang,property,theft_vehicle_lorry,2022,72
12655,Selangor,Kajang,property,theft_vehicle_lorry,2023,63
12656,Selangor,Kajang,property,theft_vehicle_motorcar,2016,354
12657,Selangor,Kajang,property,theft_vehicle_motorcar,2017,245
12658,Selangor,Kajang,property,theft_vehicle_motorcar,2018,247
12659,Selangor,Kajang,property,theft_vehicle_motorcar,2019,270
12660,Selangor,Kajang,property,theft_vehicle_motorcar,2020,154
12661,Selangor,Kajang,property,theft_vehicle_motorcar,2021,114
12662,Selangor,Kajang,property,theft_vehicle_motorcar,2022,160
12663,Selangor,Kajang,property,theft_vehicle_motorcar,2023,159
12664,Selangor,Kajang,property,theft_vehicle_motorcycle,2016,1286
12665,Selangor,Kajang,property,theft_vehicle_motorcycle,2017,920
12666,Selangor,Kajang,property,theft_vehicle_motorcycle,2018,800
12667,Selangor,Kajang,property,theft_vehicle_motorcycle,2019,786
12668,Selangor,Kajang,property,theft_vehicle_motorcycle,2020,656
12669,Selangor,Kajang,property,theft_vehicle_motorcycle,2021,392
12670,Selangor,Kajang,property,theft_vehicle_motorcycle,2022,407
12671,Selangor,Kajang,property,theft_vehicle_motorcycle,2023,418
12672,Selangor,Klang Selatan,assault,causing_injury,2016,160
12673,Selangor,Klang Selatan,assault,causing_injury,2017,133
12674,Selangor,Klang Selatan,assault,causing_injury,2018,97
12675,Selangor,Klang Selatan,assault,causing_injury,2019,76
12676,Selangor,Klang Selatan,assault,causing_injury,2020,69
12677,Selangor,Klang Selatan,assault,causing_injury,2021,98
12678,Selangor,Klang Selatan,assault,causing_injury,2022,73
12679,Selangor,Klang Selatan,assault,causing_injury,2023,105
12680,Selangor,Klang Selatan,assault,murder,2016,13
12681,Selangor,Klang Selatan,assault,murder,2017,8
12682,Selangor,Klang Selatan,assault,murder,2018,10
12683,Selangor,Klang Selatan,assault,murder,2019,11
12684,Selangor,Klang Selatan,assault,murder,2020,8
12685,Selangor,Klang Selatan,assault,murder,2021,9
12686,Selangor,Klang Selatan,assault,murder,2022,11
12687,Selangor,Klang Selatan,assault,murder,2023,9
12688,Selangor,Klang Selatan,assault,rape,2016,37
12689,Selangor,Klang Selatan,assault,rape,2017,16
12690,Selangor,Klang Selatan,assault,rape,2018,21
12691,Selangor,Klang Selatan,assault,rape,2019,21
12692,Selangor,Klang Selatan,assault,rape,2020,23
12693,Selangor,Klang Selatan,assault,rape,2021,22
12694,Selangor,Klang Selatan,assault,rape,2022,30
12695,Selangor,Klang Selatan,assault,rape,2023,43
12696,Selangor,Klang Selatan,assault,robbery_gang_armed,2016,2
12697,Selangor,Klang Selatan,assault,robbery_gang_armed,2017,3
12698,Selangor,Klang Selatan,assault,robbery_gang_armed,2018,0
12699,Selangor,Klang Selatan,assault,robbery_gang_armed,2019,0
12700,Selangor,Klang Selatan,assault,robbery_gang_armed,2020,0
12701,Selangor,Klang Selatan,assault,robbery_gang_armed,2021,0
12702,Selangor,Klang Selatan,assault,robbery_gang_armed,2022,0
12703,Selangor,Klang Selatan,assault,robbery_gang_armed,2023,0
12704,Selangor,Klang Selatan,assault,robbery_gang_unarmed,2016,376
12705,Selangor,Klang Selatan,assault,robbery_gang_unarmed,2017,338
12706,Selangor,Klang Selatan,assault,robbery_gang_unarmed,2018,282
12707,Selangor,Klang Selatan,assault,robbery_gang_unarmed,2019,223
12708,Selangor,Klang Selatan,assault,robbery_gang_unarmed,2020,76
12709,Selangor,Klang Selatan,assault,robbery_gang_unarmed,2021,234
12710,Selangor,Klang Selatan,assault,robbery_gang_unarmed,2022,91
12711,Selangor,Klang Selatan,assault,robbery_gang_unarmed,2023,99
12712,Selangor,Klang Selatan,assault,robbery_solo_armed,2016,0
12713,Selangor,Klang Selatan,assault,robbery_solo_armed,2017,0
12714,Selangor,Klang Selatan,assault,robbery_solo_armed,2018,0
12715,Selangor,Klang Selatan,assault,robbery_solo_armed,2019,0
12716,Selangor,Klang Selatan,assault,robbery_solo_armed,2020,0
12717,Selangor,Klang Selatan,assault,robbery_solo_armed,2021,0
12718,Selangor,Klang Selatan,assault,robbery_solo_armed,2022,0
12719,Selangor,Klang Selatan,assault,robbery_solo_armed,2023,1
12720,Selangor,Klang Selatan,assault,robbery_solo_unarmed,2016,82
12721,Selangor,Klang Selatan,assault,robbery_solo_unarmed,2017,84
12722,Selangor,Klang Selatan,assault,robbery_solo_unarmed,2018,92
12723,Selangor,Klang Selatan,assault,robbery_solo_unarmed,2019,86
12724,Selangor,Klang Selatan,assault,robbery_solo_unarmed,2020,180
12725,Selangor,Klang Selatan,assault,robbery_solo_unarmed,2021,102
12726,Selangor,Klang Selatan,assault,robbery_solo_unarmed,2022,74
12727,Selangor,Klang Selatan,assault,robbery_solo_unarmed,2023,52
12728,Selangor,Klang Selatan,property,break_in,2016,372
12729,Selangor,Klang Selatan,property,break_in,2017,448
12730,Selangor,Klang Selatan,property,break_in,2018,389
12731,Selangor,Klang Selatan,property,break_in,2019,303
12732,Selangor,Klang Selatan,property,break_in,2020,292
12733,Selangor,Klang Selatan,property,break_in,2021,394
12734,Selangor,Klang Selatan,property,break_in,2022,281
12735,Selangor,Klang Selatan,property,break_in,2023,253
12736,Selangor,Klang Selatan,property,theft_other,2016,251
12737,Selangor,Klang Selatan,property,theft_other,2017,218
12738,Selangor,Klang Selatan,property,theft_other,2018,252
12739,Selangor,Klang Selatan,property,theft_other,2019,257
12740,Selangor,Klang Selatan,property,theft_other,2020,208
12741,Selangor,Klang Selatan,property,theft_other,2021,481
12742,Selangor,Klang Selatan,property,theft_other,2022,274
12743,Selangor,Klang Selatan,property,theft_other,2023,310
12744,Selangor,Klang Selatan,property,theft_vehicle_lorry,2016,86
12745,Selangor,Klang Selatan,property,theft_vehicle_lorry,2017,75
12746,Selangor,Klang Selatan,property,theft_vehicle_lorry,2018,47
12747,Selangor,Klang Selatan,property,theft_vehicle_lorry,2019,33
12748,Selangor,Klang Selatan,property,theft_vehicle_lorry,2020,29
12749,Selangor,Klang Selatan,property,theft_vehicle_lorry,2021,31
12750,Selangor,Klang Selatan,property,theft_vehicle_lorry,2022,31
12751,Selangor,Klang Selatan,property,theft_vehicle_lorry,2023,31
12752,Selangor,Klang Selatan,property,theft_vehicle_motorcar,2016,277
12753,Selangor,Klang Selatan,property,theft_vehicle_motorcar,2017,198
12754,Selangor,Klang Selatan,property,theft_vehicle_motorcar,2018,206
12755,Selangor,Klang Selatan,property,theft_vehicle_motorcar,2019,161
12756,Selangor,Klang Selatan,property,theft_vehicle_motorcar,2020,144
12757,Selangor,Klang Selatan,property,theft_vehicle_motorcar,2021,89
12758,Selangor,Klang Selatan,property,theft_vehicle_motorcar,2022,111
12759,Selangor,Klang Selatan,property,theft_vehicle_motorcar,2023,106
12760,Selangor,Klang Selatan,property,theft_vehicle_motorcycle,2016,718
12761,Selangor,Klang Selatan,property,theft_vehicle_motorcycle,2017,671
12762,Selangor,Klang Selatan,property,theft_vehicle_motorcycle,2018,531
12763,Selangor,Klang Selatan,property,theft_vehicle_motorcycle,2019,492
12764,Selangor,Klang Selatan,property,theft_vehicle_motorcycle,2020,383
12765,Selangor,Klang Selatan,property,theft_vehicle_motorcycle,2021,254
12766,Selangor,Klang Selatan,property,theft_vehicle_motorcycle,2022,284
12767,Selangor,Klang Selatan,property,theft_vehicle_motorcycle,2023,299
12768,Selangor,Klang Utara,assault,causing_injury,2016,90
12769,Selangor,Klang Utara,assault,causing_injury,2017,83
12770,Selangor,Klang Utara,assault,causing_injury,2018,96
12771,Selangor,Klang Utara,assault,causing_injury,2019,68
12772,Selangor,Klang Utara,assault,causing_injury,2020,77
12773,Selangor,Klang Utara,assault,causing_injury,2021,89
12774,Selangor,Klang Utara,assault,causing_injury,2022,93
12775,Selangor,Klang Utara,assault,causing_injury,2023,85
12776,Selangor,Klang Utara,assault,murder,2016,13
12777,Selangor,Klang Utara,assault,murder,2017,3
12778,Selangor,Klang Utara,assault,murder,2018,6
12779,Selangor,Klang Utara,assault,murder,2019,7
12780,Selangor,Klang Utara,assault,murder,2020,3
12781,Selangor,Klang Utara,assault,murder,2021,5
12782,Selangor,Klang Utara,assault,murder,2022,3
12783,Selangor,Klang Utara,assault,murder,2023,8
12784,Selangor,Klang Utara,assault,rape,2016,17
12785,Selangor,Klang Utara,assault,rape,2017,16
12786,Selangor,Klang Utara,assault,rape,2018,12
12787,Selangor,Klang Utara,assault,rape,2019,15
12788,Selangor,Klang Utara,assault,rape,2020,20
12789,Selangor,Klang Utara,assault,rape,2021,20
12790,Selangor,Klang Utara,assault,rape,2022,20
12791,Selangor,Klang Utara,assault,rape,2023,24
12792,Selangor,Klang Utara,assault,robbery_gang_armed,2016,0
12793,Selangor,Klang Utara,assault,robbery_gang_armed,2017,0
12794,Selangor,Klang Utara,assault,robbery_gang_armed,2018,2
12795,Selangor,Klang Utara,assault,robbery_gang_armed,2019,0
12796,Selangor,Klang Utara,assault,robbery_gang_armed,2020,0
12797,Selangor,Klang Utara,assault,robbery_gang_armed,2021,0
12798,Selangor,Klang Utara,assault,robbery_gang_armed,2022,0
12799,Selangor,Klang Utara,assault,robbery_gang_armed,2023,0
12800,Selangor,Klang Utara,assault,robbery_gang_unarmed,2016,265
12801,Selangor,Klang Utara,assault,robbery_gang_unarmed,2017,244
12802,Selangor,Klang Utara,assault,robbery_gang_unarmed,2018,126
12803,Selangor,Klang Utara,assault,robbery_gang_unarmed,2019,133
12804,Selangor,Klang Utara,assault,robbery_gang_unarmed,2020,53
12805,Selangor,Klang Utara,assault,robbery_gang_unarmed,2021,115
12806,Selangor,Klang Utara,assault,robbery_gang_unarmed,2022,89
12807,Selangor,Klang Utara,assault,robbery_gang_unarmed,2023,120
12808,Selangor,Klang Utara,assault,robbery_solo_armed,2016,0
12809,Selangor,Klang Utara,assault,robbery_solo_armed,2017,0
12810,Selangor,Klang Utara,assault,robbery_solo_armed,2018,0
12811,Selangor,Klang Utara,assault,robbery_solo_armed,2019,2
12812,Selangor,Klang Utara,assault,robbery_solo_armed,2020,1
12813,Selangor,Klang Utara,assault,robbery_solo_armed,2021,0
12814,Selangor,Klang Utara,assault,robbery_solo_armed,2022,0
12815,Selangor,Klang Utara,assault,robbery_solo_armed,2023,0
12816,Selangor,Klang Utara,assault,robbery_solo_unarmed,2016,54
12817,Selangor,Klang Utara,assault,robbery_solo_unarmed,2017,46
12818,Selangor,Klang Utara,assault,robbery_solo_unarmed,2018,31
12819,Selangor,Klang Utara,assault,robbery_solo_unarmed,2019,35
12820,Selangor,Klang Utara,assault,robbery_solo_unarmed,2020,146
12821,Selangor,Klang Utara,assault,robbery_solo_unarmed,2021,53
12822,Selangor,Klang Utara,assault,robbery_solo_unarmed,2022,46
12823,Selangor,Klang Utara,assault,robbery_solo_unarmed,2023,41
12824,Selangor,Klang Utara,property,break_in,2016,287
12825,Selangor,Klang Utara,property,break_in,2017,165
12826,Selangor,Klang Utara,property,break_in,2018,146
12827,Selangor,Klang Utara,property,break_in,2019,191
12828,Selangor,Klang Utara,property,break_in,2020,172
12829,Selangor,Klang Utara,property,break_in,2021,198
12830,Selangor,Klang Utara,property,break_in,2022,169
12831,Selangor,Klang Utara,property,break_in,2023,177
12832,Selangor,Klang Utara,property,theft_other,2016,214
12833,Selangor,Klang Utara,property,theft_other,2017,207
12834,Selangor,Klang Utara,property,theft_other,2018,172
12835,Selangor,Klang Utara,property,theft_other,2019,173
12836,Selangor,Klang Utara,property,theft_other,2020,169
12837,Selangor,Klang Utara,property,theft_other,2021,184
12838,Selangor,Klang Utara,property,theft_other,2022,201
12839,Selangor,Klang Utara,property,theft_other,2023,207
12840,Selangor,Klang Utara,property,theft_vehicle_lorry,2016,66
12841,Selangor,Klang Utara,property,theft_vehicle_lorry,2017,55
12842,Selangor,Klang Utara,property,theft_vehicle_lorry,2018,23
12843,Selangor,Klang Utara,property,theft_vehicle_lorry,2019,14
12844,Selangor,Klang Utara,property,theft_vehicle_lorry,2020,11
12845,Selangor,Klang Utara,property,theft_vehicle_lorry,2021,15
12846,Selangor,Klang Utara,property,theft_vehicle_lorry,2022,20
12847,Selangor,Klang Utara,property,theft_vehicle_lorry,2023,16
12848,Selangor,Klang Utara,property,theft_vehicle_motorcar,2016,166
12849,Selangor,Klang Utara,property,theft_vehicle_motorcar,2017,141
12850,Selangor,Klang Utara,property,theft_vehicle_motorcar,2018,122
12851,Selangor,Klang Utara,property,theft_vehicle_motorcar,2019,99
12852,Selangor,Klang Utara,property,theft_vehicle_motorcar,2020,71
12853,Selangor,Klang Utara,property,theft_vehicle_motorcar,2021,52
12854,Selangor,Klang Utara,property,theft_vehicle_motorcar,2022,32
12855,Selangor,Klang Utara,property,theft_vehicle_motorcar,2023,43
12856,Selangor,Klang Utara,property,theft_vehicle_motorcycle,2016,471
12857,Selangor,Klang Utara,property,theft_vehicle_motorcycle,2017,423
12858,Selangor,Klang Utara,property,theft_vehicle_motorcycle,2018,312
12859,Selangor,Klang Utara,property,theft_vehicle_motorcycle,2019,224
12860,Selangor,Klang Utara,property,theft_vehicle_motorcycle,2020,197
12861,Selangor,Klang Utara,property,theft_vehicle_motorcycle,2021,110
12862,Selangor,Klang Utara,property,theft_vehicle_motorcycle,2022,143
12863,Selangor,Klang Utara,property,theft_vehicle_motorcycle,2023,157
12864,Selangor,Kuala Langat,assault,causing_injury,2016,57
12865,Selangor,Kuala Langat,assault,causing_injury,2017,60
12866,Selangor,Kuala Langat,assault,causing_injury,2018,58
12867,Selangor,Kuala Langat,assault,causing_injury,2019,50
12868,Selangor,Kuala Langat,assault,causing_injury,2020,52
12869,Selangor,Kuala Langat,assault,causing_injury,2021,55
12870,Selangor,Kuala Langat,assault,causing_injury,2022,35
12871,Selangor,Kuala Langat,assault,causing_injury,2023,52
12872,Selangor,Kuala Langat,assault,murder,2016,6
12873,Selangor,Kuala Langat,assault,murder,2017,2
12874,Selangor,Kuala Langat,assault,murder,2018,5
12875,Selangor,Kuala Langat,assault,murder,2019,5
12876,Selangor,Kuala Langat,assault,murder,2020,3
12877,Selangor,Kuala Langat,assault,murder,2021,7
12878,Selangor,Kuala Langat,assault,murder,2022,3
12879,Selangor,Kuala Langat,assault,murder,2023,2
12880,Selangor,Kuala Langat,assault,rape,2016,8
12881,Selangor,Kuala Langat,assault,rape,2017,10
12882,Selangor,Kuala Langat,assault,rape,2018,8
12883,Selangor,Kuala Langat,assault,rape,2019,24
12884,Selangor,Kuala Langat,assault,rape,2020,27
12885,Selangor,Kuala Langat,assault,rape,2021,14
12886,Selangor,Kuala Langat,assault,rape,2022,12
12887,Selangor,Kuala Langat,assault,rape,2023,17
12888,Selangor,Kuala Langat,assault,robbery_gang_armed,2016,1
12889,Selangor,Kuala Langat,assault,robbery_gang_armed,2017,0
12890,Selangor,Kuala Langat,assault,robbery_gang_armed,2018,0
12891,Selangor,Kuala Langat,assault,robbery_gang_armed,2019,0
12892,Selangor,Kuala Langat,assault,robbery_gang_armed,2020,0
12893,Selangor,Kuala Langat,assault,robbery_gang_armed,2021,0
12894,Selangor,Kuala Langat,assault,robbery_gang_armed,2022,0
12895,Selangor,Kuala Langat,assault,robbery_gang_armed,2023,0
12896,Selangor,Kuala Langat,assault,robbery_gang_unarmed,2016,70
12897,Selangor,Kuala Langat,assault,robbery_gang_unarmed,2017,75
12898,Selangor,Kuala Langat,assault,robbery_gang_unarmed,2018,52
12899,Selangor,Kuala Langat,assault,robbery_gang_unarmed,2019,58
12900,Selangor,Kuala Langat,assault,robbery_gang_unarmed,2020,22
12901,Selangor,Kuala Langat,assault,robbery_gang_unarmed,2021,64
12902,Selangor,Kuala Langat,assault,robbery_gang_unarmed,2022,43
12903,Selangor,Kuala Langat,assault,robbery_gang_unarmed,2023,39
12904,Selangor,Kuala Langat,assault,robbery_solo_armed,2016,0
12905,Selangor,Kuala Langat,assault,robbery_solo_armed,2017,0
12906,Selangor,Kuala Langat,assault,robbery_solo_armed,2018,0
12907,Selangor,Kuala Langat,assault,robbery_solo_armed,2019,0
12908,Selangor,Kuala Langat,assault,robbery_solo_armed,2020,0
12909,Selangor,Kuala Langat,assault,robbery_solo_armed,2021,0
12910,Selangor,Kuala Langat,assault,robbery_solo_armed,2022,0
12911,Selangor,Kuala Langat,assault,robbery_solo_armed,2023,1
12912,Selangor,Kuala Langat,assault,robbery_solo_unarmed,2016,16
12913,Selangor,Kuala Langat,assault,robbery_solo_unarmed,2017,4
12914,Selangor,Kuala Langat,assault,robbery_solo_unarmed,2018,6
12915,Selangor,Kuala Langat,assault,robbery_solo_unarmed,2019,13
12916,Selangor,Kuala Langat,assault,robbery_solo_unarmed,2020,49
12917,Selangor,Kuala Langat,assault,robbery_solo_unarmed,2021,25
12918,Selangor,Kuala Langat,assault,robbery_solo_unarmed,2022,20
12919,Selangor,Kuala Langat,assault,robbery_solo_unarmed,2023,11
12920,Selangor,Kuala Langat,property,break_in,2016,78
12921,Selangor,Kuala Langat,property,break_in,2017,80
12922,Selangor,Kuala Langat,property,break_in,2018,43
12923,Selangor,Kuala Langat,property,break_in,2019,41
12924,Selangor,Kuala Langat,property,break_in,2020,33
12925,Selangor,Kuala Langat,property,break_in,2021,80
12926,Selangor,Kuala Langat,property,break_in,2022,116
12927,Selangor,Kuala Langat,property,break_in,2023,51
12928,Selangor,Kuala Langat,property,theft_other,2016,89
12929,Selangor,Kuala Langat,property,theft_other,2017,80
12930,Selangor,Kuala Langat,property,theft_other,2018,74
12931,Selangor,Kuala Langat,property,theft_other,2019,66
12932,Selangor,Kuala Langat,property,theft_other,2020,85
12933,Selangor,Kuala Langat,property,theft_other,2021,110
12934,Selangor,Kuala Langat,property,theft_other,2022,138
12935,Selangor,Kuala Langat,property,theft_other,2023,124
12936,Selangor,Kuala Langat,property,theft_vehicle_lorry,2016,29
12937,Selangor,Kuala Langat,property,theft_vehicle_lorry,2017,22
12938,Selangor,Kuala Langat,property,theft_vehicle_lorry,2018,17
12939,Selangor,Kuala Langat,property,theft_vehicle_lorry,2019,7
12940,Selangor,Kuala Langat,property,theft_vehicle_lorry,2020,12
12941,Selangor,Kuala Langat,property,theft_vehicle_lorry,2021,6
12942,Selangor,Kuala Langat,property,theft_vehicle_lorry,2022,7
12943,Selangor,Kuala Langat,property,theft_vehicle_lorry,2023,9
12944,Selangor,Kuala Langat,property,theft_vehicle_motorcar,2016,34
12945,Selangor,Kuala Langat,property,theft_vehicle_motorcar,2017,33
12946,Selangor,Kuala Langat,property,theft_vehicle_motorcar,2018,30
12947,Selangor,Kuala Langat,property,theft_vehicle_motorcar,2019,24
12948,Selangor,Kuala Langat,property,theft_vehicle_motorcar,2020,15
12949,Selangor,Kuala Langat,property,theft_vehicle_motorcar,2021,13
12950,Selangor,Kuala Langat,property,theft_vehicle_motorcar,2022,15
12951,Selangor,Kuala Langat,property,theft_vehicle_motorcar,2023,20
12952,Selangor,Kuala Langat,property,theft_vehicle_motorcycle,2016,364
12953,Selangor,Kuala Langat,property,theft_vehicle_motorcycle,2017,275
12954,Selangor,Kuala Langat,property,theft_vehicle_motorcycle,2018,231
12955,Selangor,Kuala Langat,property,theft_vehicle_motorcycle,2019,202
12956,Selangor,Kuala Langat,property,theft_vehicle_motorcycle,2020,182
12957,Selangor,Kuala Langat,property,theft_vehicle_motorcycle,2021,135
12958,Selangor,Kuala Langat,property,theft_vehicle_motorcycle,2022,131
12959,Selangor,Kuala Langat,property,theft_vehicle_motorcycle,2023,142
12960,Selangor,Kuala Selangor,assault,causing_injury,2016,24
12961,Selangor,Kuala Selangor,assault,causing_injury,2017,21
12962,Selangor,Kuala Selangor,assault,causing_injury,2018,22
12963,Selangor,Kuala Selangor,assault,causing_injury,2019,40
12964,Selangor,Kuala Selangor,assault,causing_injury,2020,37
12965,Selangor,Kuala Selangor,assault,causing_injury,2021,47
12966,Selangor,Kuala Selangor,assault,causing_injury,2022,35
12967,Selangor,Kuala Selangor,assault,causing_injury,2023,39
12968,Selangor,Kuala Selangor,assault,murder,2016,3
12969,Selangor,Kuala Selangor,assault,murder,2017,6
12970,Selangor,Kuala Selangor,assault,murder,2018,3
12971,Selangor,Kuala Selangor,assault,murder,2019,1
12972,Selangor,Kuala Selangor,assault,murder,2020,3
12973,Selangor,Kuala Selangor,assault,murder,2021,4
12974,Selangor,Kuala Selangor,assault,murder,2022,3
12975,Selangor,Kuala Selangor,assault,murder,2023,1
12976,Selangor,Kuala Selangor,assault,rape,2016,18
12977,Selangor,Kuala Selangor,assault,rape,2017,8
12978,Selangor,Kuala Selangor,assault,rape,2018,12
12979,Selangor,Kuala Selangor,assault,rape,2019,14
12980,Selangor,Kuala Selangor,assault,rape,2020,14
12981,Selangor,Kuala Selangor,assault,rape,2021,14
12982,Selangor,Kuala Selangor,assault,rape,2022,22
12983,Selangor,Kuala Selangor,assault,rape,2023,8
12984,Selangor,Kuala Selangor,assault,robbery_gang_armed,2016,0
12985,Selangor,Kuala Selangor,assault,robbery_gang_armed,2017,0
12986,Selangor,Kuala Selangor,assault,robbery_gang_armed,2018,1
12987,Selangor,Kuala Selangor,assault,robbery_gang_armed,2019,0
12988,Selangor,Kuala Selangor,assault,robbery_gang_armed,2020,0
12989,Selangor,Kuala Selangor,assault,robbery_gang_armed,2021,0
12990,Selangor,Kuala Selangor,assault,robbery_gang_armed,2022,0
12991,Selangor,Kuala Selangor,assault,robbery_gang_armed,2023,2
12992,Selangor,Kuala Selangor,assault,robbery_gang_unarmed,2016,68
12993,Selangor,Kuala Selangor,assault,robbery_gang_unarmed,2017,52
12994,Selangor,Kuala Selangor,assault,robbery_gang_unarmed,2018,30
12995,Selangor,Kuala Selangor,assault,robbery_gang_unarmed,2019,22
12996,Selangor,Kuala Selangor,assault,robbery_gang_unarmed,2020,9
12997,Selangor,Kuala Selangor,assault,robbery_gang_unarmed,2021,36
12998,Selangor,Kuala Selangor,assault,robbery_gang_unarmed,2022,22
12999,Selangor,Kuala Selangor,assault,robbery_gang_unarmed,2023,21
13000,Selangor,Kuala Selangor,assault,robbery_solo_armed,2016,0
13001,Selangor,Kuala Selangor,assault,robbery_solo_armed,2017,0
13002,Selangor,Kuala Selangor,assault,robbery_solo_armed,2018,0
13003,Selangor,Kuala Selangor,assault,robbery_solo_armed,2019,0
13004,Selangor,Kuala Selangor,assault,robbery_solo_armed,2020,0
13005,Selangor,Kuala Selangor,assault,robbery_solo_armed,2021,0
13006,Selangor,Kuala Selangor,assault,robbery_solo_armed,2022,0
13007,Selangor,Kuala Selangor,assault,robbery_solo_armed,2023,0
13008,Selangor,Kuala Selangor,assault,robbery_solo_unarmed,2016,15
13009,Selangor,Kuala Selangor,assault,robbery_solo_unarmed,2017,11
13010,Selangor,Kuala Selangor,assault,robbery_solo_unarmed,2018,10
13011,Selangor,Kuala Selangor,assault,robbery_solo_unarmed,2019,13
13012,Selangor,Kuala Selangor,assault,robbery_solo_unarmed,2020,28
13013,Selangor,Kuala Selangor,assault,robbery_solo_unarmed,2021,15
13014,Selangor,Kuala Selangor,assault,robbery_solo_unarmed,2022,8
13015,Selangor,Kuala Selangor,assault,robbery_solo_unarmed,2023,9
13016,Selangor,Kuala Selangor,property,break_in,2016,90
13017,Selangor,Kuala Selangor,property,break_in,2017,76
13018,Selangor,Kuala Selangor,property,break_in,2018,74
13019,Selangor,Kuala Selangor,property,break_in,2019,93
13020,Selangor,Kuala Selangor,property,break_in,2020,93
13021,Selangor,Kuala Selangor,property,break_in,2021,116
13022,Selangor,Kuala Selangor,property,break_in,2022,94
13023,Selangor,Kuala Selangor,property,break_in,2023,121
13024,Selangor,Kuala Selangor,property,theft_other,2016,63
13025,Selangor,Kuala Selangor,property,theft_other,2017,43
13026,Selangor,Kuala Selangor,property,theft_other,2018,48
13027,Selangor,Kuala Selangor,property,theft_other,2019,71
13028,Selangor,Kuala Selangor,property,theft_other,2020,123
13029,Selangor,Kuala Selangor,property,theft_other,2021,163
13030,Selangor,Kuala Selangor,property,theft_other,2022,119
13031,Selangor,Kuala Selangor,property,theft_other,2023,165
13032,Selangor,Kuala Selangor,property,theft_vehicle_lorry,2016,14
13033,Selangor,Kuala Selangor,property,theft_vehicle_lorry,2017,26
13034,Selangor,Kuala Selangor,property,theft_vehicle_lorry,2018,7
13035,Selangor,Kuala Selangor,property,theft_vehicle_lorry,2019,3
13036,Selangor,Kuala Selangor,property,theft_vehicle_lorry,2020,8
13037,Selangor,Kuala Selangor,property,theft_vehicle_lorry,2021,14
13038,Selangor,Kuala Selangor,property,theft_vehicle_lorry,2022,7
13039,Selangor,Kuala Selangor,property,theft_vehicle_lorry,2023,3
13040,Selangor,Kuala Selangor,property,theft_vehicle_motorcar,2016,21
13041,Selangor,Kuala Selangor,property,theft_vehicle_motorcar,2017,20
13042,Selangor,Kuala Selangor,property,theft_vehicle_motorcar,2018,21
13043,Selangor,Kuala Selangor,property,theft_vehicle_motorcar,2019,26
13044,Selangor,Kuala Selangor,property,theft_vehicle_motorcar,2020,31
13045,Selangor,Kuala Selangor,property,theft_vehicle_motorcar,2021,25
13046,Selangor,Kuala Selangor,property,theft_vehicle_motorcar,2022,16
13047,Selangor,Kuala Selangor,property,theft_vehicle_motorcar,2023,16
13048,Selangor,Kuala Selangor,property,theft_vehicle_motorcycle,2016,230
13049,Selangor,Kuala Selangor,property,theft_vehicle_motorcycle,2017,155
13050,Selangor,Kuala Selangor,property,theft_vehicle_motorcycle,2018,136
13051,Selangor,Kuala Selangor,property,theft_vehicle_motorcycle,2019,156
13052,Selangor,Kuala Selangor,property,theft_vehicle_motorcycle,2020,128
13053,Selangor,Kuala Selangor,property,theft_vehicle_motorcycle,2021,79
13054,Selangor,Kuala Selangor,property,theft_vehicle_motorcycle,2022,92
13055,Selangor,Kuala Selangor,property,theft_vehicle_motorcycle,2023,107
13056,Selangor,Petaling Jaya,assault,causing_injury,2016,256
13057,Selangor,Petaling Jaya,assault,causing_injury,2017,155
13058,Selangor,Petaling Jaya,assault,causing_injury,2018,128
13059,Selangor,Petaling Jaya,assault,causing_injury,2019,145
13060,Selangor,Petaling Jaya,assault,causing_injury,2020,123
13061,Selangor,Petaling Jaya,assault,causing_injury,2021,130
13062,Selangor,Petaling Jaya,assault,causing_injury,2022,100
13063,Selangor,Petaling Jaya,assault,causing_injury,2023,96
13064,Selangor,Petaling Jaya,assault,murder,2016,9
13065,Selangor,Petaling Jaya,assault,murder,2017,7
13066,Selangor,Petaling Jaya,assault,murder,2018,13
13067,Selangor,Petaling Jaya,assault,murder,2019,4
13068,Selangor,Petaling Jaya,assault,murder,2020,4
13069,Selangor,Petaling Jaya,assault,murder,2021,7
13070,Selangor,Petaling Jaya,assault,murder,2022,4
13071,Selangor,Petaling Jaya,assault,murder,2023,7
13072,Selangor,Petaling Jaya,assault,rape,2016,19
13073,Selangor,Petaling Jaya,assault,rape,2017,42
13074,Selangor,Petaling Jaya,assault,rape,2018,30
13075,Selangor,Petaling Jaya,assault,rape,2019,38
13076,Selangor,Petaling Jaya,assault,rape,2020,31
13077,Selangor,Petaling Jaya,assault,rape,2021,38
13078,Selangor,Petaling Jaya,assault,rape,2022,21
13079,Selangor,Petaling Jaya,assault,rape,2023,33
13080,Selangor,Petaling Jaya,assault,robbery_gang_armed,2016,2
13081,Selangor,Petaling Jaya,assault,robbery_gang_armed,2017,1
13082,Selangor,Petaling Jaya,assault,robbery_gang_armed,2018,1
13083,Selangor,Petaling Jaya,assault,robbery_gang_armed,2019,0
13084,Selangor,Petaling Jaya,assault,robbery_gang_armed,2020,0
13085,Selangor,Petaling Jaya,assault,robbery_gang_armed,2021,0
13086,Selangor,Petaling Jaya,assault,robbery_gang_armed,2022,0
13087,Selangor,Petaling Jaya,assault,robbery_gang_armed,2023,1
13088,Selangor,Petaling Jaya,assault,robbery_gang_unarmed,2016,819
13089,Selangor,Petaling Jaya,assault,robbery_gang_unarmed,2017,630
13090,Selangor,Petaling Jaya,assault,robbery_gang_unarmed,2018,376
13091,Selangor,Petaling Jaya,assault,robbery_gang_unarmed,2019,296
13092,Selangor,Petaling Jaya,assault,robbery_gang_unarmed,2020,230
13093,Selangor,Petaling Jaya,assault,robbery_gang_unarmed,2021,95
13094,Selangor,Petaling Jaya,assault,robbery_gang_unarmed,2022,93
13095,Selangor,Petaling Jaya,assault,robbery_gang_unarmed,2023,78
13096,Selangor,Petaling Jaya,assault,robbery_solo_armed,2016,0
13097,Selangor,Petaling Jaya,assault,robbery_solo_armed,2017,0
13098,Selangor,Petaling Jaya,assault,robbery_solo_armed,2018,0
13099,Selangor,Petaling Jaya,assault,robbery_solo_armed,2019,0
13100,Selangor,Petaling Jaya,assault,robbery_solo_armed,2020,0
13101,Selangor,Petaling Jaya,assault,robbery_solo_armed,2021,0
13102,Selangor,Petaling Jaya,assault,robbery_solo_armed,2022,1
13103,Selangor,Petaling Jaya,assault,robbery_solo_armed,2023,0
13104,Selangor,Petaling Jaya,assault,robbery_solo_unarmed,2016,199
13105,Selangor,Petaling Jaya,assault,robbery_solo_unarmed,2017,304
13106,Selangor,Petaling Jaya,assault,robbery_solo_unarmed,2018,197
13107,Selangor,Petaling Jaya,assault,robbery_solo_unarmed,2019,180
13108,Selangor,Petaling Jaya,assault,robbery_solo_unarmed,2020,273
13109,Selangor,Petaling Jaya,assault,robbery_solo_unarmed,2021,114
13110,Selangor,Petaling Jaya,assault,robbery_solo_unarmed,2022,96
13111,Selangor,Petaling Jaya,assault,robbery_solo_unarmed,2023,91
13112,Selangor,Petaling Jaya,property,break_in,2016,750
13113,Selangor,Petaling Jaya,property,break_in,2017,616
13114,Selangor,Petaling Jaya,property,break_in,2018,552
13115,Selangor,Petaling Jaya,property,break_in,2019,556
13116,Selangor,Petaling Jaya,property,break_in,2020,413
13117,Selangor,Petaling Jaya,property,break_in,2021,255
13118,Selangor,Petaling Jaya,property,break_in,2022,317
13119,Selangor,Petaling Jaya,property,break_in,2023,327
13120,Selangor,Petaling Jaya,property,theft_other,2016,1059
13121,Selangor,Petaling Jaya,property,theft_other,2017,725
13122,Selangor,Petaling Jaya,property,theft_other,2018,726
13123,Selangor,Petaling Jaya,property,theft_other,2019,590
13124,Selangor,Petaling Jaya,property,theft_other,2020,684
13125,Selangor,Petaling Jaya,property,theft_other,2021,672
13126,Selangor,Petaling Jaya,property,theft_other,2022,474
13127,Selangor,Petaling Jaya,property,theft_other,2023,400
13128,Selangor,Petaling Jaya,property,theft_vehicle_lorry,2016,103
13129,Selangor,Petaling Jaya,property,theft_vehicle_lorry,2017,85
13130,Selangor,Petaling Jaya,property,theft_vehicle_lorry,2018,51
13131,Selangor,Petaling Jaya,property,theft_vehicle_lorry,2019,58
13132,Selangor,Petaling Jaya,property,theft_vehicle_lorry,2020,40
13133,Selangor,Petaling Jaya,property,theft_vehicle_lorry,2021,28
13134,Selangor,Petaling Jaya,property,theft_vehicle_lorry,2022,17
13135,Selangor,Petaling Jaya,property,theft_vehicle_lorry,2023,24
13136,Selangor,Petaling Jaya,property,theft_vehicle_motorcar,2016,578
13137,Selangor,Petaling Jaya,property,theft_vehicle_motorcar,2017,425
13138,Selangor,Petaling Jaya,property,theft_vehicle_motorcar,2018,412
13139,Selangor,Petaling Jaya,property,theft_vehicle_motorcar,2019,412
13140,Selangor,Petaling Jaya,property,theft_vehicle_motorcar,2020,258
13141,Selangor,Petaling Jaya,property,theft_vehicle_motorcar,2021,109
13142,Selangor,Petaling Jaya,property,theft_vehicle_motorcar,2022,125
13143,Selangor,Petaling Jaya,property,theft_vehicle_motorcar,2023,123
13144,Selangor,Petaling Jaya,property,theft_vehicle_motorcycle,2016,1211
13145,Selangor,Petaling Jaya,property,theft_vehicle_motorcycle,2017,1225
13146,Selangor,Petaling Jaya,property,theft_vehicle_motorcycle,2018,877
13147,Selangor,Petaling Jaya,property,theft_vehicle_motorcycle,2019,837
13148,Selangor,Petaling Jaya,property,theft_vehicle_motorcycle,2020,545
13149,Selangor,Petaling Jaya,property,theft_vehicle_motorcycle,2021,292
13150,Selangor,Petaling Jaya,property,theft_vehicle_motorcycle,2022,318
13151,Selangor,Petaling Jaya,property,theft_vehicle_motorcycle,2023,292
13152,Selangor,Sabak Bernam,assault,causing_injury,2016,30
13153,Selangor,Sabak Bernam,assault,causing_injury,2017,25
13154,Selangor,Sabak Bernam,assault,causing_injury,2018,29
13155,Selangor,Sabak Bernam,assault,causing_injury,2019,23
13156,Selangor,Sabak Bernam,assault,causing_injury,2020,19
13157,Selangor,Sabak Bernam,assault,causing_injury,2021,16
13158,Selangor,Sabak Bernam,assault,causing_injury,2022,14
13159,Selangor,Sabak Bernam,assault,causing_injury,2023,20
13160,Selangor,Sabak Bernam,assault,murder,2016,3
13161,Selangor,Sabak Bernam,assault,murder,2017,0
13162,Selangor,Sabak Bernam,assault,murder,2018,1
13163,Selangor,Sabak Bernam,assault,murder,2019,1
13164,Selangor,Sabak Bernam,assault,murder,2020,0
13165,Selangor,Sabak Bernam,assault,murder,2021,0
13166,Selangor,Sabak Bernam,assault,murder,2022,0
13167,Selangor,Sabak Bernam,assault,murder,2023,1
13168,Selangor,Sabak Bernam,assault,rape,2016,10
13169,Selangor,Sabak Bernam,assault,rape,2017,15
13170,Selangor,Sabak Bernam,assault,rape,2018,7
13171,Selangor,Sabak Bernam,assault,rape,2019,8
13172,Selangor,Sabak Bernam,assault,rape,2020,11
13173,Selangor,Sabak Bernam,assault,rape,2021,12
13174,Selangor,Sabak Bernam,assault,rape,2022,7
13175,Selangor,Sabak Bernam,assault,rape,2023,9
13176,Selangor,Sabak Bernam,assault,robbery_gang_armed,2016,0
13177,Selangor,Sabak Bernam,assault,robbery_gang_armed,2017,0
13178,Selangor,Sabak Bernam,assault,robbery_gang_armed,2018,0
13179,Selangor,Sabak Bernam,assault,robbery_gang_armed,2019,0
13180,Selangor,Sabak Bernam,assault,robbery_gang_armed,2020,0
13181,Selangor,Sabak Bernam,assault,robbery_gang_armed,2021,0
13182,Selangor,Sabak Bernam,assault,robbery_gang_armed,2022,0
13183,Selangor,Sabak Bernam,assault,robbery_gang_armed,2023,0
13184,Selangor,Sabak Bernam,assault,robbery_gang_unarmed,2016,14
13185,Selangor,Sabak Bernam,assault,robbery_gang_unarmed,2017,16
13186,Selangor,Sabak Bernam,assault,robbery_gang_unarmed,2018,12
13187,Selangor,Sabak Bernam,assault,robbery_gang_unarmed,2019,13
13188,Selangor,Sabak Bernam,assault,robbery_gang_unarmed,2020,17
13189,Selangor,Sabak Bernam,assault,robbery_gang_unarmed,2021,4
13190,Selangor,Sabak Bernam,assault,robbery_gang_unarmed,2022,4
13191,Selangor,Sabak Bernam,assault,robbery_gang_unarmed,2023,3
13192,Selangor,Sabak Bernam,assault,robbery_solo_armed,2016,0
13193,Selangor,Sabak Bernam,assault,robbery_solo_armed,2017,0
13194,Selangor,Sabak Bernam,assault,robbery_solo_armed,2018,2
13195,Selangor,Sabak Bernam,assault,robbery_solo_armed,2019,0
13196,Selangor,Sabak Bernam,assault,robbery_solo_armed,2020,0
13197,Selangor,Sabak Bernam,assault,robbery_solo_armed,2021,0
13198,Selangor,Sabak Bernam,assault,robbery_solo_armed,2022,0
13199,Selangor,Sabak Bernam,assault,robbery_solo_armed,2023,0
13200,Selangor,Sabak Bernam,assault,robbery_solo_unarmed,2016,10
13201,Selangor,Sabak Bernam,assault,robbery_solo_unarmed,2017,9
13202,Selangor,Sabak Bernam,assault,robbery_solo_unarmed,2018,5
13203,Selangor,Sabak Bernam,assault,robbery_solo_unarmed,2019,11
13204,Selangor,Sabak Bernam,assault,robbery_solo_unarmed,2020,11
13205,Selangor,Sabak Bernam,assault,robbery_solo_unarmed,2021,3
13206,Selangor,Sabak Bernam,assault,robbery_solo_unarmed,2022,1
13207,Selangor,Sabak Bernam,assault,robbery_solo_unarmed,2023,4
13208,Selangor,Sabak Bernam,property,break_in,2016,95
13209,Selangor,Sabak Bernam,property,break_in,2017,104
13210,Selangor,Sabak Bernam,property,break_in,2018,81
13211,Selangor,Sabak Bernam,property,break_in,2019,100
13212,Selangor,Sabak Bernam,property,break_in,2020,60
13213,Selangor,Sabak Bernam,property,break_in,2021,58
13214,Selangor,Sabak Bernam,property,break_in,2022,43
13215,Selangor,Sabak Bernam,property,break_in,2023,46
13216,Selangor,Sabak Bernam,property,theft_other,2016,109
13217,Selangor,Sabak Bernam,property,theft_other,2017,102
13218,Selangor,Sabak Bernam,property,theft_other,2018,107
13219,Selangor,Sabak Bernam,property,theft_other,2019,102
13220,Selangor,Sabak Bernam,property,theft_other,2020,102
13221,Selangor,Sabak Bernam,property,theft_other,2021,57
13222,Selangor,Sabak Bernam,property,theft_other,2022,46
13223,Selangor,Sabak Bernam,property,theft_other,2023,45
13224,Selangor,Sabak Bernam,property,theft_vehicle_lorry,2016,3
13225,Selangor,Sabak Bernam,property,theft_vehicle_lorry,2017,12
13226,Selangor,Sabak Bernam,property,theft_vehicle_lorry,2018,8
13227,Selangor,Sabak Bernam,property,theft_vehicle_lorry,2019,2
13228,Selangor,Sabak Bernam,property,theft_vehicle_lorry,2020,2
13229,Selangor,Sabak Bernam,property,theft_vehicle_lorry,2021,3
13230,Selangor,Sabak Bernam,property,theft_vehicle_lorry,2022,1
13231,Selangor,Sabak Bernam,property,theft_vehicle_lorry,2023,1
13232,Selangor,Sabak Bernam,property,theft_vehicle_motorcar,2016,10
13233,Selangor,Sabak Bernam,property,theft_vehicle_motorcar,2017,12
13234,Selangor,Sabak Bernam,property,theft_vehicle_motorcar,2018,10
13235,Selangor,Sabak Bernam,property,theft_vehicle_motorcar,2019,12
13236,Selangor,Sabak Bernam,property,theft_vehicle_motorcar,2020,4
13237,Selangor,Sabak Bernam,property,theft_vehicle_motorcar,2021,3
13238,Selangor,Sabak Bernam,property,theft_vehicle_motorcar,2022,4
13239,Selangor,Sabak Bernam,property,theft_vehicle_motorcar,2023,7
13240,Selangor,Sabak Bernam,property,theft_vehicle_motorcycle,2016,135
13241,Selangor,Sabak Bernam,property,theft_vehicle_motorcycle,2017,102
13242,Selangor,Sabak Bernam,property,theft_vehicle_motorcycle,2018,97
13243,Selangor,Sabak Bernam,property,theft_vehicle_motorcycle,2019,48
13244,Selangor,Sabak Bernam,property,theft_vehicle_motorcycle,2020,39
13245,Selangor,Sabak Bernam,property,theft_vehicle_motorcycle,2021,23
13246,Selangor,Sabak Bernam,property,theft_vehicle_motorcycle,2022,30
13247,Selangor,Sabak Bernam,property,theft_vehicle_motorcycle,2023,28
13248,Selangor,Sepang,assault,causing_injury,2016,80
13249,Selangor,Sepang,assault,causing_injury,2017,54
13250,Selangor,Sepang,assault,causing_injury,2018,54
13251,Selangor,Sepang,assault,causing_injury,2019,44
13252,Selangor,Sepang,assault,causing_injury,2020,43
13253,Selangor,Sepang,assault,causing_injury,2021,42
13254,Selangor,Sepang,assault,causing_injury,2022,48
13255,Selangor,Sepang,assault,causing_injury,2023,54
13256,Selangor,Sepang,assault,murder,2016,5
13257,Selangor,Sepang,assault,murder,2017,7
13258,Selangor,Sepang,assault,murder,2018,3
13259,Selangor,Sepang,assault,murder,2019,10
13260,Selangor,Sepang,assault,murder,2020,2
13261,Selangor,Sepang,assault,murder,2021,3
13262,Selangor,Sepang,assault,murder,2022,1
13263,Selangor,Sepang,assault,murder,2023,5
13264,Selangor,Sepang,assault,rape,2016,18
13265,Selangor,Sepang,assault,rape,2017,14
13266,Selangor,Sepang,assault,rape,2018,26
13267,Selangor,Sepang,assault,rape,2019,23
13268,Selangor,Sepang,assault,rape,2020,23
13269,Selangor,Sepang,assault,rape,2021,22
13270,Selangor,Sepang,assault,rape,2022,22
13271,Selangor,Sepang,assault,rape,2023,22
13272,Selangor,Sepang,assault,robbery_gang_armed,2016,0
13273,Selangor,Sepang,assault,robbery_gang_armed,2017,2
13274,Selangor,Sepang,assault,robbery_gang_armed,2018,1
13275,Selangor,Sepang,assault,robbery_gang_armed,2019,0
13276,Selangor,Sepang,assault,robbery_gang_armed,2020,0
13277,Selangor,Sepang,assault,robbery_gang_armed,2021,0
13278,Selangor,Sepang,assault,robbery_gang_armed,2022,1
13279,Selangor,Sepang,assault,robbery_gang_armed,2023,0
13280,Selangor,Sepang,assault,robbery_gang_unarmed,2016,131
13281,Selangor,Sepang,assault,robbery_gang_unarmed,2017,80
13282,Selangor,Sepang,assault,robbery_gang_unarmed,2018,64
13283,Selangor,Sepang,assault,robbery_gang_unarmed,2019,58
13284,Selangor,Sepang,assault,robbery_gang_unarmed,2020,32
13285,Selangor,Sepang,assault,robbery_gang_unarmed,2021,41
13286,Selangor,Sepang,assault,robbery_gang_unarmed,2022,18
13287,Selangor,Sepang,assault,robbery_gang_unarmed,2023,42
13288,Selangor,Sepang,assault,robbery_solo_armed,2016,0
13289,Selangor,Sepang,assault,robbery_solo_armed,2017,0
13290,Selangor,Sepang,assault,robbery_solo_armed,2018,0
13291,Selangor,Sepang,assault,robbery_solo_armed,2019,0
13292,Selangor,Sepang,assault,robbery_solo_armed,2020,0
13293,Selangor,Sepang,assault,robbery_solo_armed,2021,0
13294,Selangor,Sepang,assault,robbery_solo_armed,2022,0
13295,Selangor,Sepang,assault,robbery_solo_armed,2023,3
13296,Selangor,Sepang,assault,robbery_solo_unarmed,2016,24
13297,Selangor,Sepang,assault,robbery_solo_unarmed,2017,27
13298,Selangor,Sepang,assault,robbery_solo_unarmed,2018,21
13299,Selangor,Sepang,assault,robbery_solo_unarmed,2019,20
13300,Selangor,Sepang,assault,robbery_solo_unarmed,2020,50
13301,Selangor,Sepang,assault,robbery_solo_unarmed,2021,16
13302,Selangor,Sepang,assault,robbery_solo_unarmed,2022,6
13303,Selangor,Sepang,assault,robbery_solo_unarmed,2023,17
13304,Selangor,Sepang,property,break_in,2016,221
13305,Selangor,Sepang,property,break_in,2017,120
13306,Selangor,Sepang,property,break_in,2018,111
13307,Selangor,Sepang,property,break_in,2019,95
13308,Selangor,Sepang,property,break_in,2020,99
13309,Selangor,Sepang,property,break_in,2021,82
13310,Selangor,Sepang,property,break_in,2022,98
13311,Selangor,Sepang,property,break_in,2023,92
13312,Selangor,Sepang,property,theft_other,2016,387
13313,Selangor,Sepang,property,theft_other,2017,246
13314,Selangor,Sepang,property,theft_other,2018,216
13315,Selangor,Sepang,property,theft_other,2019,227
13316,Selangor,Sepang,property,theft_other,2020,199
13317,Selangor,Sepang,property,theft_other,2021,243
13318,Selangor,Sepang,property,theft_other,2022,294
13319,Selangor,Sepang,property,theft_other,2023,320
13320,Selangor,Sepang,property,theft_vehicle_lorry,2016,36
13321,Selangor,Sepang,property,theft_vehicle_lorry,2017,14
13322,Selangor,Sepang,property,theft_vehicle_lorry,2018,12
13323,Selangor,Sepang,property,theft_vehicle_lorry,2019,6
13324,Selangor,Sepang,property,theft_vehicle_lorry,2020,8
13325,Selangor,Sepang,property,theft_vehicle_lorry,2021,8
13326,Selangor,Sepang,property,theft_vehicle_lorry,2022,11
13327,Selangor,Sepang,property,theft_vehicle_lorry,2023,14
13328,Selangor,Sepang,property,theft_vehicle_motorcar,2016,76
13329,Selangor,Sepang,property,theft_vehicle_motorcar,2017,48
13330,Selangor,Sepang,property,theft_vehicle_motorcar,2018,47
13331,Selangor,Sepang,property,theft_vehicle_motorcar,2019,59
13332,Selangor,Sepang,property,theft_vehicle_motorcar,2020,30
13333,Selangor,Sepang,property,theft_vehicle_motorcar,2021,18
13334,Selangor,Sepang,property,theft_vehicle_motorcar,2022,38
13335,Selangor,Sepang,property,theft_vehicle_motorcar,2023,34
13336,Selangor,Sepang,property,theft_vehicle_motorcycle,2016,195
13337,Selangor,Sepang,property,theft_vehicle_motorcycle,2017,170
13338,Selangor,Sepang,property,theft_vehicle_motorcycle,2018,148
13339,Selangor,Sepang,property,theft_vehicle_motorcycle,2019,136
13340,Selangor,Sepang,property,theft_vehicle_motorcycle,2020,85
13341,Selangor,Sepang,property,theft_vehicle_motorcycle,2021,75
13342,Selangor,Sepang,property,theft_vehicle_motorcycle,2022,90
13343,Selangor,Sepang,property,theft_vehicle_motorcycle,2023,109
13344,Selangor,Serdang,assault,causing_injury,2016,55
13345,Selangor,Serdang,assault,causing_injury,2017,47
13346,Selangor,Serdang,assault,causing_injury,2018,52
13347,Selangor,Serdang,assault,causing_injury,2019,79
13348,Selangor,Serdang,assault,causing_injury,2020,62
13349,Selangor,Serdang,assault,causing_injury,2021,44
13350,Selangor,Serdang,assault,causing_injury,2022,43
13351,Selangor,Serdang,assault,causing_injury,2023,42
13352,Selangor,Serdang,assault,murder,2016,3
13353,Selangor,Serdang,assault,murder,2017,6
13354,Selangor,Serdang,assault,murder,2018,6
13355,Selangor,Serdang,assault,murder,2019,8
13356,Selangor,Serdang,assault,murder,2020,9
13357,Selangor,Serdang,assault,murder,2021,2
13358,Selangor,Serdang,assault,murder,2022,5
13359,Selangor,Serdang,assault,murder,2023,6
13360,Selangor,Serdang,assault,rape,2016,13
13361,Selangor,Serdang,assault,rape,2017,20
13362,Selangor,Serdang,assault,rape,2018,12
13363,Selangor,Serdang,assault,rape,2019,15
13364,Selangor,Serdang,assault,rape,2020,20
13365,Selangor,Serdang,assault,rape,2021,15
13366,Selangor,Serdang,assault,rape,2022,20
13367,Selangor,Serdang,assault,rape,2023,16
13368,Selangor,Serdang,assault,robbery_gang_armed,2016,0
13369,Selangor,Serdang,assault,robbery_gang_armed,2017,2
13370,Selangor,Serdang,assault,robbery_gang_armed,2018,1
13371,Selangor,Serdang,assault,robbery_gang_armed,2019,1
13372,Selangor,Serdang,assault,robbery_gang_armed,2020,0
13373,Selangor,Serdang,assault,robbery_gang_armed,2021,0
13374,Selangor,Serdang,assault,robbery_gang_armed,2022,0
13375,Selangor,Serdang,assault,robbery_gang_armed,2023,0
13376,Selangor,Serdang,assault,robbery_gang_unarmed,2016,312
13377,Selangor,Serdang,assault,robbery_gang_unarmed,2017,295
13378,Selangor,Serdang,assault,robbery_gang_unarmed,2018,194
13379,Selangor,Serdang,assault,robbery_gang_unarmed,2019,130
13380,Selangor,Serdang,assault,robbery_gang_unarmed,2020,106
13381,Selangor,Serdang,assault,robbery_gang_unarmed,2021,79
13382,Selangor,Serdang,assault,robbery_gang_unarmed,2022,61
13383,Selangor,Serdang,assault,robbery_gang_unarmed,2023,52
13384,Selangor,Serdang,assault,robbery_solo_armed,2016,0
13385,Selangor,Serdang,assault,robbery_solo_armed,2017,1
13386,Selangor,Serdang,assault,robbery_solo_armed,2018,0
13387,Selangor,Serdang,assault,robbery_solo_armed,2019,0
13388,Selangor,Serdang,assault,robbery_solo_armed,2020,0
13389,Selangor,Serdang,assault,robbery_solo_armed,2021,0
13390,Selangor,Serdang,assault,robbery_solo_armed,2022,0
13391,Selangor,Serdang,assault,robbery_solo_armed,2023,0
13392,Selangor,Serdang,assault,robbery_solo_unarmed,2016,50
13393,Selangor,Serdang,assault,robbery_solo_unarmed,2017,77
13394,Selangor,Serdang,assault,robbery_solo_unarmed,2018,110
13395,Selangor,Serdang,assault,robbery_solo_unarmed,2019,78
13396,Selangor,Serdang,assault,robbery_solo_unarmed,2020,104
13397,Selangor,Serdang,assault,robbery_solo_unarmed,2021,131
13398,Selangor,Serdang,assault,robbery_solo_unarmed,2022,67
13399,Selangor,Serdang,assault,robbery_solo_unarmed,2023,87
13400,Selangor,Serdang,property,break_in,2016,515
13401,Selangor,Serdang,property,break_in,2017,292
13402,Selangor,Serdang,property,break_in,2018,277
13403,Selangor,Serdang,property,break_in,2019,331
13404,Selangor,Serdang,property,break_in,2020,226
13405,Selangor,Serdang,property,break_in,2021,179
13406,Selangor,Serdang,property,break_in,2022,166
13407,Selangor,Serdang,property,break_in,2023,189
13408,Selangor,Serdang,property,theft_other,2016,693
13409,Selangor,Serdang,property,theft_other,2017,316
13410,Selangor,Serdang,property,theft_other,2018,303
13411,Selangor,Serdang,property,theft_other,2019,309
13412,Selangor,Serdang,property,theft_other,2020,320
13413,Selangor,Serdang,property,theft_other,2021,369
13414,Selangor,Serdang,property,theft_other,2022,336
13415,Selangor,Serdang,property,theft_other,2023,278
13416,Selangor,Serdang,property,theft_vehicle_lorry,2016,117
13417,Selangor,Serdang,property,theft_vehicle_lorry,2017,49
13418,Selangor,Serdang,property,theft_vehicle_lorry,2018,63
13419,Selangor,Serdang,property,theft_vehicle_lorry,2019,59
13420,Selangor,Serdang,property,theft_vehicle_lorry,2020,38
13421,Selangor,Serdang,property,theft_vehicle_lorry,2021,24
13422,Selangor,Serdang,property,theft_vehicle_lorry,2022,34
13423,Selangor,Serdang,property,theft_vehicle_lorry,2023,30
13424,Selangor,Serdang,property,theft_vehicle_motorcar,2016,404
13425,Selangor,Serdang,property,theft_vehicle_motorcar,2017,349
13426,Selangor,Serdang,property,theft_vehicle_motorcar,2018,310
13427,Selangor,Serdang,property,theft_vehicle_motorcar,2019,259
13428,Selangor,Serdang,property,theft_vehicle_motorcar,2020,156
13429,Selangor,Serdang,property,theft_vehicle_motorcar,2021,104
13430,Selangor,Serdang,property,theft_vehicle_motorcar,2022,133
13431,Selangor,Serdang,property,theft_vehicle_motorcar,2023,106
13432,Selangor,Serdang,property,theft_vehicle_motorcycle,2016,429
13433,Selangor,Serdang,property,theft_vehicle_motorcycle,2017,366
13434,Selangor,Serdang,property,theft_vehicle_motorcycle,2018,338
13435,Selangor,Serdang,property,theft_vehicle_motorcycle,2019,315
13436,Selangor,Serdang,property,theft_vehicle_motorcycle,2020,222
13437,Selangor,Serdang,property,theft_vehicle_motorcycle,2021,152
13438,Selangor,Serdang,property,theft_vehicle_motorcycle,2022,173
13439,Selangor,Serdang,property,theft_vehicle_motorcycle,2023,147
13440,Selangor,Sg. Buloh,assault,causing_injury,2016,44
13441,Selangor,Sg. Buloh,assault,causing_injury,2017,60
13442,Selangor,Sg. Buloh,assault,causing_injury,2018,59
13443,Selangor,Sg. Buloh,assault,causing_injury,2019,50
13444,Selangor,Sg. Buloh,assault,causing_injury,2020,38
13445,Selangor,Sg. Buloh,assault,murder,2016,4
13446,Selangor,Sg. Buloh,assault,murder,2017,3
13447,Selangor,Sg. Buloh,assault,murder,2018,2
13448,Selangor,Sg. Buloh,assault,murder,2019,4
13449,Selangor,Sg. Buloh,assault,murder,2020,3
13450,Selangor,Sg. Buloh,assault,rape,2016,20
13451,Selangor,Sg. Buloh,assault,rape,2017,21
13452,Selangor,Sg. Buloh,assault,rape,2018,15
13453,Selangor,Sg. Buloh,assault,rape,2019,17
13454,Selangor,Sg. Buloh,assault,rape,2020,18
13455,Selangor,Sg. Buloh,assault,robbery_gang_armed,2016,1
13456,Selangor,Sg. Buloh,assault,robbery_gang_armed,2017,0
13457,Selangor,Sg. Buloh,assault,robbery_gang_armed,2018,0
13458,Selangor,Sg. Buloh,assault,robbery_gang_armed,2019,0
13459,Selangor,Sg. Buloh,assault,robbery_gang_armed,2020,0
13460,Selangor,Sg. Buloh,assault,robbery_gang_unarmed,2016,190
13461,Selangor,Sg. Buloh,assault,robbery_gang_unarmed,2017,165
13462,Selangor,Sg. Buloh,assault,robbery_gang_unarmed,2018,116
13463,Selangor,Sg. Buloh,assault,robbery_gang_unarmed,2019,78
13464,Selangor,Sg. Buloh,assault,robbery_gang_unarmed,2020,28
13465,Selangor,Sg. Buloh,assault,robbery_solo_armed,2016,0
13466,Selangor,Sg. Buloh,assault,robbery_solo_armed,2017,0
13467,Selangor,Sg. Buloh,assault,robbery_solo_armed,2018,0
13468,Selangor,Sg. Buloh,assault,robbery_solo_armed,2019,0
13469,Selangor,Sg. Buloh,assault,robbery_solo_armed,2020,0
13470,Selangor,Sg. Buloh,assault,robbery_solo_unarmed,2016,47
13471,Selangor,Sg. Buloh,assault,robbery_solo_unarmed,2017,38
13472,Selangor,Sg. Buloh,assault,robbery_solo_unarmed,2018,27
13473,Selangor,Sg. Buloh,assault,robbery_solo_unarmed,2019,36
13474,Selangor,Sg. Buloh,assault,robbery_solo_unarmed,2020,60
13475,Selangor,Sg. Buloh,property,break_in,2016,256
13476,Selangor,Sg. Buloh,property,break_in,2017,205
13477,Selangor,Sg. Buloh,property,break_in,2018,234
13478,Selangor,Sg. Buloh,property,break_in,2019,248
13479,Selangor,Sg. Buloh,property,break_in,2020,166
13480,Selangor,Sg. Buloh,property,theft_other,2016,333
13481,Selangor,Sg. Buloh,property,theft_other,2017,280
13482,Selangor,Sg. Buloh,property,theft_other,2018,264
13483,Selangor,Sg. Buloh,property,theft_other,2019,196
13484,Selangor,Sg. Buloh,property,theft_other,2020,100
13485,Selangor,Sg. Buloh,property,theft_vehicle_lorry,2016,33
13486,Selangor,Sg. Buloh,property,theft_vehicle_lorry,2017,39
13487,Selangor,Sg. Buloh,property,theft_vehicle_lorry,2018,21
13488,Selangor,Sg. Buloh,property,theft_vehicle_lorry,2019,23
13489,Selangor,Sg. Buloh,property,theft_vehicle_lorry,2020,10
13490,Selangor,Sg. Buloh,property,theft_vehicle_motorcar,2016,105
13491,Selangor,Sg. Buloh,property,theft_vehicle_motorcar,2017,91
13492,Selangor,Sg. Buloh,property,theft_vehicle_motorcar,2018,64
13493,Selangor,Sg. Buloh,property,theft_vehicle_motorcar,2019,95
13494,Selangor,Sg. Buloh,property,theft_vehicle_motorcar,2020,63
13495,Selangor,Sg. Buloh,property,theft_vehicle_motorcycle,2016,457
13496,Selangor,Sg. Buloh,property,theft_vehicle_motorcycle,2017,398
13497,Selangor,Sg. Buloh,property,theft_vehicle_motorcycle,2018,276
13498,Selangor,Sg. Buloh,property,theft_vehicle_motorcycle,2019,237
13499,Selangor,Sg. Buloh,property,theft_vehicle_motorcycle,2020,208
13500,Selangor,Shah Alam,assault,causing_injury,2016,48
13501,Selangor,Shah Alam,assault,causing_injury,2017,49
13502,Selangor,Shah Alam,assault,causing_injury,2018,28
13503,Selangor,Shah Alam,assault,causing_injury,2019,34
13504,Selangor,Shah Alam,assault,causing_injury,2020,49
13505,Selangor,Shah Alam,assault,causing_injury,2021,47
13506,Selangor,Shah Alam,assault,causing_injury,2022,30
13507,Selangor,Shah Alam,assault,causing_injury,2023,54
13508,Selangor,Shah Alam,assault,murder,2016,8
13509,Selangor,Shah Alam,assault,murder,2017,6
13510,Selangor,Shah Alam,assault,murder,2018,4
13511,Selangor,Shah Alam,assault,murder,2019,8
13512,Selangor,Shah Alam,assault,murder,2020,4
13513,Selangor,Shah Alam,assault,murder,2021,10
13514,Selangor,Shah Alam,assault,murder,2022,6
13515,Selangor,Shah Alam,assault,murder,2023,3
13516,Selangor,Shah Alam,assault,rape,2016,7
13517,Selangor,Shah Alam,assault,rape,2017,12
13518,Selangor,Shah Alam,assault,rape,2018,8
13519,Selangor,Shah Alam,assault,rape,2019,18
13520,Selangor,Shah Alam,assault,rape,2020,17
13521,Selangor,Shah Alam,assault,rape,2021,17
13522,Selangor,Shah Alam,assault,rape,2022,29
13523,Selangor,Shah Alam,assault,rape,2023,28
13524,Selangor,Shah Alam,assault,robbery_gang_armed,2016,1
13525,Selangor,Shah Alam,assault,robbery_gang_armed,2017,1
13526,Selangor,Shah Alam,assault,robbery_gang_armed,2018,0
13527,Selangor,Shah Alam,assault,robbery_gang_armed,2019,0
13528,Selangor,Shah Alam,assault,robbery_gang_armed,2020,0
13529,Selangor,Shah Alam,assault,robbery_gang_armed,2021,0
13530,Selangor,Shah Alam,assault,robbery_gang_armed,2022,0
13531,Selangor,Shah Alam,assault,robbery_gang_armed,2023,2
13532,Selangor,Shah Alam,assault,robbery_gang_unarmed,2016,180
13533,Selangor,Shah Alam,assault,robbery_gang_unarmed,2017,128
13534,Selangor,Shah Alam,assault,robbery_gang_unarmed,2018,74
13535,Selangor,Shah Alam,assault,robbery_gang_unarmed,2019,77
13536,Selangor,Shah Alam,assault,robbery_gang_unarmed,2020,18
13537,Selangor,Shah Alam,assault,robbery_gang_unarmed,2021,99
13538,Selangor,Shah Alam,assault,robbery_gang_unarmed,2022,50
13539,Selangor,Shah Alam,assault,robbery_gang_unarmed,2023,38
13540,Selangor,Shah Alam,assault,robbery_solo_armed,2016,0
13541,Selangor,Shah Alam,assault,robbery_solo_armed,2017,1
13542,Selangor,Shah Alam,assault,robbery_solo_armed,2018,1
13543,Selangor,Shah Alam,assault,robbery_solo_armed,2019,0
13544,Selangor,Shah Alam,assault,robbery_solo_armed,2020,0
13545,Selangor,Shah Alam,assault,robbery_solo_armed,2021,0
13546,Selangor,Shah Alam,assault,robbery_solo_armed,2022,1
13547,Selangor,Shah Alam,assault,robbery_solo_armed,2023,1
13548,Selangor,Shah Alam,assault,robbery_solo_unarmed,2016,36
13549,Selangor,Shah Alam,assault,robbery_solo_unarmed,2017,23
13550,Selangor,Shah Alam,assault,robbery_solo_unarmed,2018,23
13551,Selangor,Shah Alam,assault,robbery_solo_unarmed,2019,19
13552,Selangor,Shah Alam,assault,robbery_solo_unarmed,2020,49
13553,Selangor,Shah Alam,assault,robbery_solo_unarmed,2021,52
13554,Selangor,Shah Alam,assault,robbery_solo_unarmed,2022,28
13555,Selangor,Shah Alam,assault,robbery_solo_unarmed,2023,30
13556,Selangor,Shah Alam,property,break_in,2016,166
13557,Selangor,Shah Alam,property,break_in,2017,92
13558,Selangor,Shah Alam,property,break_in,2018,105
13559,Selangor,Shah Alam,property,break_in,2019,146
13560,Selangor,Shah Alam,property,break_in,2020,130
13561,Selangor,Shah Alam,property,break_in,2021,149
13562,Selangor,Shah Alam,property,break_in,2022,90
13563,Selangor,Shah Alam,property,break_in,2023,119
13564,Selangor,Shah Alam,property,theft_other,2016,219
13565,Selangor,Shah Alam,property,theft_other,2017,165
13566,Selangor,Shah Alam,property,theft_other,2018,182
13567,Selangor,Shah Alam,property,theft_other,2019,200
13568,Selangor,Shah Alam,property,theft_other,2020,139
13569,Selangor,Shah Alam,property,theft_other,2021,180
13570,Selangor,Shah Alam,property,theft_other,2022,123
13571,Selangor,Shah Alam,property,theft_other,2023,154
13572,Selangor,Shah Alam,property,theft_vehicle_lorry,2016,134
13573,Selangor,Shah Alam,property,theft_vehicle_lorry,2017,99
13574,Selangor,Shah Alam,property,theft_vehicle_lorry,2018,85
13575,Selangor,Shah Alam,property,theft_vehicle_lorry,2019,57
13576,Selangor,Shah Alam,property,theft_vehicle_lorry,2020,31
13577,Selangor,Shah Alam,property,theft_vehicle_lorry,2021,43
13578,Selangor,Shah Alam,property,theft_vehicle_lorry,2022,35
13579,Selangor,Shah Alam,property,theft_vehicle_lorry,2023,50
13580,Selangor,Shah Alam,property,theft_vehicle_motorcar,2016,258
13581,Selangor,Shah Alam,property,theft_vehicle_motorcar,2017,184
13582,Selangor,Shah Alam,property,theft_vehicle_motorcar,2018,160
13583,Selangor,Shah Alam,property,theft_vehicle_motorcar,2019,117
13584,Selangor,Shah Alam,property,theft_vehicle_motorcar,2020,85
13585,Selangor,Shah Alam,property,theft_vehicle_motorcar,2021,47
13586,Selangor,Shah Alam,property,theft_vehicle_motorcar,2022,86
13587,Selangor,Shah Alam,property,theft_vehicle_motorcar,2023,65
13588,Selangor,Shah Alam,property,theft_vehicle_motorcycle,2016,847
13589,Selangor,Shah Alam,property,theft_vehicle_motorcycle,2017,851
13590,Selangor,Shah Alam,property,theft_vehicle_motorcycle,2018,729
13591,Selangor,Shah Alam,property,theft_vehicle_motorcycle,2019,436
13592,Selangor,Shah Alam,property,theft_vehicle_motorcycle,2020,344
13593,Selangor,Shah Alam,property,theft_vehicle_motorcycle,2021,209
13594,Selangor,Shah Alam,property,theft_vehicle_motorcycle,2022,304
13595,Selangor,Shah Alam,property,theft_vehicle_motorcycle,2023,248
13596,Selangor,Subang Jaya,assault,causing_injury,2016,54
13597,Selangor,Subang Jaya,assault,causing_injury,2017,63
13598,Selangor,Subang Jaya,assault,causing_injury,2018,56
13599,Selangor,Subang Jaya,assault,causing_injury,2019,46
13600,Selangor,Subang Jaya,assault,causing_injury,2020,43
13601,Selangor,Subang Jaya,assault,causing_injury,2021,56
13602,Selangor,Subang Jaya,assault,causing_injury,2022,34
13603,Selangor,Subang Jaya,assault,causing_injury,2023,30
13604,Selangor,Subang Jaya,assault,murder,2016,6
13605,Selangor,Subang Jaya,assault,murder,2017,6
13606,Selangor,Subang Jaya,assault,murder,2018,5
13607,Selangor,Subang Jaya,assault,murder,2019,0
13608,Selangor,Subang Jaya,assault,murder,2020,7
13609,Selangor,Subang Jaya,assault,murder,2021,3
13610,Selangor,Subang Jaya,assault,murder,2022,3
13611,Selangor,Subang Jaya,assault,murder,2023,6
13612,Selangor,Subang Jaya,assault,rape,2016,27
13613,Selangor,Subang Jaya,assault,rape,2017,17
13614,Selangor,Subang Jaya,assault,rape,2018,20
13615,Selangor,Subang Jaya,assault,rape,2019,25
13616,Selangor,Subang Jaya,assault,rape,2020,20
13617,Selangor,Subang Jaya,assault,rape,2021,12
13618,Selangor,Subang Jaya,assault,rape,2022,17
13619,Selangor,Subang Jaya,assault,rape,2023,17
13620,Selangor,Subang Jaya,assault,robbery_gang_armed,2016,0
13621,Selangor,Subang Jaya,assault,robbery_gang_armed,2017,1
13622,Selangor,Subang Jaya,assault,robbery_gang_armed,2018,4
13623,Selangor,Subang Jaya,assault,robbery_gang_armed,2019,0
13624,Selangor,Subang Jaya,assault,robbery_gang_armed,2020,0
13625,Selangor,Subang Jaya,assault,robbery_gang_armed,2021,0
13626,Selangor,Subang Jaya,assault,robbery_gang_armed,2022,1
13627,Selangor,Subang Jaya,assault,robbery_gang_armed,2023,0
13628,Selangor,Subang Jaya,assault,robbery_gang_unarmed,2016,231
13629,Selangor,Subang Jaya,assault,robbery_gang_unarmed,2017,149
13630,Selangor,Subang Jaya,assault,robbery_gang_unarmed,2018,120
13631,Selangor,Subang Jaya,assault,robbery_gang_unarmed,2019,119
13632,Selangor,Subang Jaya,assault,robbery_gang_unarmed,2020,107
13633,Selangor,Subang Jaya,assault,robbery_gang_unarmed,2021,60
13634,Selangor,Subang Jaya,assault,robbery_gang_unarmed,2022,40
13635,Selangor,Subang Jaya,assault,robbery_gang_unarmed,2023,50
13636,Selangor,Subang Jaya,assault,robbery_solo_armed,2016,0
13637,Selangor,Subang Jaya,assault,robbery_solo_armed,2017,0
13638,Selangor,Subang Jaya,assault,robbery_solo_armed,2018,0
13639,Selangor,Subang Jaya,assault,robbery_solo_armed,2019,2
13640,Selangor,Subang Jaya,assault,robbery_solo_armed,2020,1
13641,Selangor,Subang Jaya,assault,robbery_solo_armed,2021,0
13642,Selangor,Subang Jaya,assault,robbery_solo_armed,2022,0
13643,Selangor,Subang Jaya,assault,robbery_solo_armed,2023,0
13644,Selangor,Subang Jaya,assault,robbery_solo_unarmed,2016,52
13645,Selangor,Subang Jaya,assault,robbery_solo_unarmed,2017,42
13646,Selangor,Subang Jaya,assault,robbery_solo_unarmed,2018,40
13647,Selangor,Subang Jaya,assault,robbery_solo_unarmed,2019,53
13648,Selangor,Subang Jaya,assault,robbery_solo_unarmed,2020,112
13649,Selangor,Subang Jaya,assault,robbery_solo_unarmed,2021,74
13650,Selangor,Subang Jaya,assault,robbery_solo_unarmed,2022,62
13651,Selangor,Subang Jaya,assault,robbery_solo_unarmed,2023,67
13652,Selangor,Subang Jaya,property,break_in,2016,439
13653,Selangor,Subang Jaya,property,break_in,2017,289
13654,Selangor,Subang Jaya,property,break_in,2018,207
13655,Selangor,Subang Jaya,property,break_in,2019,158
13656,Selangor,Subang Jaya,property,break_in,2020,168
13657,Selangor,Subang Jaya,property,break_in,2021,127
13658,Selangor,Subang Jaya,property,break_in,2022,123
13659,Selangor,Subang Jaya,property,break_in,2023,203
13660,Selangor,Subang Jaya,property,theft_other,2016,513
13661,Selangor,Subang Jaya,property,theft_other,2017,308
13662,Selangor,Subang Jaya,property,theft_other,2018,285
13663,Selangor,Subang Jaya,property,theft_other,2019,234
13664,Selangor,Subang Jaya,property,theft_other,2020,279
13665,Selangor,Subang Jaya,property,theft_other,2021,242
13666,Selangor,Subang Jaya,property,theft_other,2022,240
13667,Selangor,Subang Jaya,property,theft_other,2023,282
13668,Selangor,Subang Jaya,property,theft_vehicle_lorry,2016,165
13669,Selangor,Subang Jaya,property,theft_vehicle_lorry,2017,88
13670,Selangor,Subang Jaya,property,theft_vehicle_lorry,2018,69
13671,Selangor,Subang Jaya,property,theft_vehicle_lorry,2019,67
13672,Selangor,Subang Jaya,property,theft_vehicle_lorry,2020,23
13673,Selangor,Subang Jaya,property,theft_vehicle_lorry,2021,20
13674,Selangor,Subang Jaya,property,theft_vehicle_lorry,2022,21
13675,Selangor,Subang Jaya,property,theft_vehicle_lorry,2023,16
13676,Selangor,Subang Jaya,property,theft_vehicle_motorcar,2016,205
13677,Selangor,Subang Jaya,property,theft_vehicle_motorcar,2017,149
13678,Selangor,Subang Jaya,property,theft_vehicle_motorcar,2018,142
13679,Selangor,Subang Jaya,property,theft_vehicle_motorcar,2019,148
13680,Selangor,Subang Jaya,property,theft_vehicle_motorcar,2020,103
13681,Selangor,Subang Jaya,property,theft_vehicle_motorcar,2021,62
13682,Selangor,Subang Jaya,property,theft_vehicle_motorcar,2022,67
13683,Selangor,Subang Jaya,property,theft_vehicle_motorcar,2023,74
13684,Selangor,Subang Jaya,property,theft_vehicle_motorcycle,2016,385
13685,Selangor,Subang Jaya,property,theft_vehicle_motorcycle,2017,353
13686,Selangor,Subang Jaya,property,theft_vehicle_motorcycle,2018,290
13687,Selangor,Subang Jaya,property,theft_vehicle_motorcycle,2019,264
13688,Selangor,Subang Jaya,property,theft_vehicle_motorcycle,2020,201
13689,Selangor,Subang Jaya,property,theft_vehicle_motorcycle,2021,120
13690,Selangor,Subang Jaya,property,theft_vehicle_motorcycle,2022,169
13691,Selangor,Subang Jaya,property,theft_vehicle_motorcycle,2023,141
13692,Selangor,Sungai Buloh,assault,causing_injury,2021,33
13693,Selangor,Sungai Buloh,assault,causing_injury,2022,35
13694,Selangor,Sungai Buloh,assault,causing_injury,2023,37
13695,Selangor,Sungai Buloh,assault,murder,2021,5
13696,Selangor,Sungai Buloh,assault,murder,2022,2
13697,Selangor,Sungai Buloh,assault,murder,2023,3
13698,Selangor,Sungai Buloh,assault,rape,2021,13
13699,Selangor,Sungai Buloh,assault,rape,2022,24
13700,Selangor,Sungai Buloh,assault,rape,2023,20
13701,Selangor,Sungai Buloh,assault,robbery_gang_armed,2021,0
13702,Selangor,Sungai Buloh,assault,robbery_gang_armed,2022,2
13703,Selangor,Sungai Buloh,assault,robbery_gang_armed,2023,4
13704,Selangor,Sungai Buloh,assault,robbery_gang_unarmed,2021,43
13705,Selangor,Sungai Buloh,assault,robbery_gang_unarmed,2022,34
13706,Selangor,Sungai Buloh,assault,robbery_gang_unarmed,2023,45
13707,Selangor,Sungai Buloh,assault,robbery_solo_armed,2021,0
13708,Selangor,Sungai Buloh,assault,robbery_solo_armed,2022,1
13709,Selangor,Sungai Buloh,assault,robbery_solo_armed,2023,1
13710,Selangor,Sungai Buloh,assault,robbery_solo_unarmed,2021,25
13711,Selangor,Sungai Buloh,assault,robbery_solo_unarmed,2022,26
13712,Selangor,Sungai Buloh,assault,robbery_solo_unarmed,2023,26
13713,Selangor,Sungai Buloh,property,break_in,2021,114
13714,Selangor,Sungai Buloh,property,break_in,2022,123
13715,Selangor,Sungai Buloh,property,break_in,2023,188
13716,Selangor,Sungai Buloh,property,theft_other,2021,215
13717,Selangor,Sungai Buloh,property,theft_other,2022,176
13718,Selangor,Sungai Buloh,property,theft_other,2023,147
13719,Selangor,Sungai Buloh,property,theft_vehicle_lorry,2021,17
13720,Selangor,Sungai Buloh,property,theft_vehicle_lorry,2022,16
13721,Selangor,Sungai Buloh,property,theft_vehicle_lorry,2023,14
13722,Selangor,Sungai Buloh,property,theft_vehicle_motorcar,2021,57
13723,Selangor,Sungai Buloh,property,theft_vehicle_motorcar,2022,27
13724,Selangor,Sungai Buloh,property,theft_vehicle_motorcar,2023,39
13725,Selangor,Sungai Buloh,property,theft_vehicle_motorcycle,2021,102
13726,Selangor,Sungai Buloh,property,theft_vehicle_motorcycle,2022,141
13727,Selangor,Sungai Buloh,property,theft_vehicle_motorcycle,2023,171
13728,Terengganu,Besut,assault,causing_injury,2016,48
13729,Terengganu,Besut,assault,causing_injury,2017,35
13730,Terengganu,Besut,assault,causing_injury,2018,30
13731,Terengganu,Besut,assault,causing_injury,2019,33
13732,Terengganu,Besut,assault,causing_injury,2020,16
13733,Terengganu,Besut,assault,causing_injury,2021,27
13734,Terengganu,Besut,assault,causing_injury,2022,21
13735,Terengganu,Besut,assault,causing_injury,2023,32
13736,Terengganu,Besut,assault,murder,2016,1
13737,Terengganu,Besut,assault,murder,2017,3
13738,Terengganu,Besut,assault,murder,2018,0
13739,Terengganu,Besut,assault,murder,2019,0
13740,Terengganu,Besut,assault,murder,2020,0
13741,Terengganu,Besut,assault,murder,2021,0
13742,Terengganu,Besut,assault,murder,2022,0
13743,Terengganu,Besut,assault,murder,2023,0
13744,Terengganu,Besut,assault,rape,2016,13
13745,Terengganu,Besut,assault,rape,2017,9
13746,Terengganu,Besut,assault,rape,2018,12
13747,Terengganu,Besut,assault,rape,2019,19
13748,Terengganu,Besut,assault,rape,2020,15
13749,Terengganu,Besut,assault,rape,2021,11
13750,Terengganu,Besut,assault,rape,2022,9
13751,Terengganu,Besut,assault,rape,2023,13
13752,Terengganu,Besut,assault,robbery_gang_armed,2016,0
13753,Terengganu,Besut,assault,robbery_gang_armed,2017,0
13754,Terengganu,Besut,assault,robbery_gang_armed,2018,0
13755,Terengganu,Besut,assault,robbery_gang_armed,2019,0
13756,Terengganu,Besut,assault,robbery_gang_armed,2020,0
13757,Terengganu,Besut,assault,robbery_gang_armed,2021,0
13758,Terengganu,Besut,assault,robbery_gang_armed,2022,0
13759,Terengganu,Besut,assault,robbery_gang_armed,2023,0
13760,Terengganu,Besut,assault,robbery_gang_unarmed,2016,16
13761,Terengganu,Besut,assault,robbery_gang_unarmed,2017,23
13762,Terengganu,Besut,assault,robbery_gang_unarmed,2018,13
13763,Terengganu,Besut,assault,robbery_gang_unarmed,2019,4
13764,Terengganu,Besut,assault,robbery_gang_unarmed,2020,2
13765,Terengganu,Besut,assault,robbery_gang_unarmed,2021,4
13766,Terengganu,Besut,assault,robbery_gang_unarmed,2022,2
13767,Terengganu,Besut,assault,robbery_gang_unarmed,2023,6
13768,Terengganu,Besut,assault,robbery_solo_armed,2016,0
13769,Terengganu,Besut,assault,robbery_solo_armed,2017,0
13770,Terengganu,Besut,assault,robbery_solo_armed,2018,0
13771,Terengganu,Besut,assault,robbery_solo_armed,2019,0
13772,Terengganu,Besut,assault,robbery_solo_armed,2020,0
13773,Terengganu,Besut,assault,robbery_solo_armed,2021,0
13774,Terengganu,Besut,assault,robbery_solo_armed,2022,0
13775,Terengganu,Besut,assault,robbery_solo_armed,2023,1
13776,Terengganu,Besut,assault,robbery_solo_unarmed,2016,9
13777,Terengganu,Besut,assault,robbery_solo_unarmed,2017,18
13778,Terengganu,Besut,assault,robbery_solo_unarmed,2018,10
13779,Terengganu,Besut,assault,robbery_solo_unarmed,2019,6
13780,Terengganu,Besut,assault,robbery_solo_unarmed,2020,12
13781,Terengganu,Besut,assault,robbery_solo_unarmed,2021,6
13782,Terengganu,Besut,assault,robbery_solo_unarmed,2022,4
13783,Terengganu,Besut,assault,robbery_solo_unarmed,2023,6
13784,Terengganu,Besut,property,break_in,2016,80
13785,Terengganu,Besut,property,break_in,2017,80
13786,Terengganu,Besut,property,break_in,2018,92
13787,Terengganu,Besut,property,break_in,2019,138
13788,Terengganu,Besut,property,break_in,2020,107
13789,Terengganu,Besut,property,break_in,2021,81
13790,Terengganu,Besut,property,break_in,2022,69
13791,Terengganu,Besut,property,break_in,2023,64
13792,Terengganu,Besut,property,theft_other,2016,58
13793,Terengganu,Besut,property,theft_other,2017,41
13794,Terengganu,Besut,property,theft_other,2018,43
13795,Terengganu,Besut,property,theft_other,2019,79
13796,Terengganu,Besut,property,theft_other,2020,166
13797,Terengganu,Besut,property,theft_other,2021,93
13798,Terengganu,Besut,property,theft_other,2022,84
13799,Terengganu,Besut,property,theft_other,2023,53
13800,Terengganu,Besut,property,theft_vehicle_lorry,2016,3
13801,Terengganu,Besut,property,theft_vehicle_lorry,2017,4
13802,Terengganu,Besut,property,theft_vehicle_lorry,2018,1
13803,Terengganu,Besut,property,theft_vehicle_lorry,2019,1
13804,Terengganu,Besut,property,theft_vehicle_lorry,2020,2
13805,Terengganu,Besut,property,theft_vehicle_lorry,2021,1
13806,Terengganu,Besut,property,theft_vehicle_lorry,2022,2
13807,Terengganu,Besut,property,theft_vehicle_lorry,2023,0
13808,Terengganu,Besut,property,theft_vehicle_motorcar,2016,47
13809,Terengganu,Besut,property,theft_vehicle_motorcar,2017,50
13810,Terengganu,Besut,property,theft_vehicle_motorcar,2018,21
13811,Terengganu,Besut,property,theft_vehicle_motorcar,2019,27
13812,Terengganu,Besut,property,theft_vehicle_motorcar,2020,11
13813,Terengganu,Besut,property,theft_vehicle_motorcar,2021,10
13814,Terengganu,Besut,property,theft_vehicle_motorcar,2022,12
13815,Terengganu,Besut,property,theft_vehicle_motorcar,2023,8
13816,Terengganu,Besut,property,theft_vehicle_motorcycle,2016,223
13817,Terengganu,Besut,property,theft_vehicle_motorcycle,2017,221
13818,Terengganu,Besut,property,theft_vehicle_motorcycle,2018,145
13819,Terengganu,Besut,property,theft_vehicle_motorcycle,2019,102
13820,Terengganu,Besut,property,theft_vehicle_motorcycle,2020,74
13821,Terengganu,Besut,property,theft_vehicle_motorcycle,2021,68
13822,Terengganu,Besut,property,theft_vehicle_motorcycle,2022,36
13823,Terengganu,Besut,property,theft_vehicle_motorcycle,2023,47
13824,Terengganu,Dungun,assault,causing_injury,2016,39
13825,Terengganu,Dungun,assault,causing_injury,2017,27
13826,Terengganu,Dungun,assault,causing_injury,2018,27
13827,Terengganu,Dungun,assault,causing_injury,2019,23
13828,Terengganu,Dungun,assault,causing_injury,2020,4
13829,Terengganu,Dungun,assault,causing_injury,2021,5
13830,Terengganu,Dungun,assault,causing_injury,2022,6
13831,Terengganu,Dungun,assault,causing_injury,2023,8
13832,Terengganu,Dungun,assault,murder,2016,3
13833,Terengganu,Dungun,assault,murder,2017,0
13834,Terengganu,Dungun,assault,murder,2018,0
13835,Terengganu,Dungun,assault,murder,2019,0
13836,Terengganu,Dungun,assault,murder,2020,1
13837,Terengganu,Dungun,assault,murder,2021,0
13838,Terengganu,Dungun,assault,murder,2022,0
13839,Terengganu,Dungun,assault,murder,2023,1
13840,Terengganu,Dungun,assault,rape,2016,12
13841,Terengganu,Dungun,assault,rape,2017,10
13842,Terengganu,Dungun,assault,rape,2018,5
13843,Terengganu,Dungun,assault,rape,2019,5
13844,Terengganu,Dungun,assault,rape,2020,11
13845,Terengganu,Dungun,assault,rape,2021,12
13846,Terengganu,Dungun,assault,rape,2022,9
13847,Terengganu,Dungun,assault,rape,2023,4
13848,Terengganu,Dungun,assault,robbery_gang_armed,2016,0
13849,Terengganu,Dungun,assault,robbery_gang_armed,2017,0
13850,Terengganu,Dungun,assault,robbery_gang_armed,2018,0
13851,Terengganu,Dungun,assault,robbery_gang_armed,2019,0
13852,Terengganu,Dungun,assault,robbery_gang_armed,2020,0
13853,Terengganu,Dungun,assault,robbery_gang_armed,2021,0
13854,Terengganu,Dungun,assault,robbery_gang_armed,2022,0
13855,Terengganu,Dungun,assault,robbery_gang_armed,2023,0
13856,Terengganu,Dungun,assault,robbery_gang_unarmed,2016,14
13857,Terengganu,Dungun,assault,robbery_gang_unarmed,2017,14
13858,Terengganu,Dungun,assault,robbery_gang_unarmed,2018,5
13859,Terengganu,Dungun,assault,robbery_gang_unarmed,2019,3
13860,Terengganu,Dungun,assault,robbery_gang_unarmed,2020,5
13861,Terengganu,Dungun,assault,robbery_gang_unarmed,2021,0
13862,Terengganu,Dungun,assault,robbery_gang_unarmed,2022,2
13863,Terengganu,Dungun,assault,robbery_gang_unarmed,2023,0
13864,Terengganu,Dungun,assault,robbery_solo_armed,2016,0
13865,Terengganu,Dungun,assault,robbery_solo_armed,2017,0
13866,Terengganu,Dungun,assault,robbery_solo_armed,2018,0
13867,Terengganu,Dungun,assault,robbery_solo_armed,2019,0
13868,Terengganu,Dungun,assault,robbery_solo_armed,2020,0
13869,Terengganu,Dungun,assault,robbery_solo_armed,2021,0
13870,Terengganu,Dungun,assault,robbery_solo_armed,2022,0
13871,Terengganu,Dungun,assault,robbery_solo_armed,2023,0
13872,Terengganu,Dungun,assault,robbery_solo_unarmed,2016,15
13873,Terengganu,Dungun,assault,robbery_solo_unarmed,2017,5
13874,Terengganu,Dungun,assault,robbery_solo_unarmed,2018,4
13875,Terengganu,Dungun,assault,robbery_solo_unarmed,2019,5
13876,Terengganu,Dungun,assault,robbery_solo_unarmed,2020,5
13877,Terengganu,Dungun,assault,robbery_solo_unarmed,2021,1
13878,Terengganu,Dungun,assault,robbery_solo_unarmed,2022,3
13879,Terengganu,Dungun,assault,robbery_solo_unarmed,2023,0
13880,Terengganu,Dungun,property,break_in,2016,80
13881,Terengganu,Dungun,property,break_in,2017,69
13882,Terengganu,Dungun,property,break_in,2018,62
13883,Terengganu,Dungun,property,break_in,2019,64
13884,Terengganu,Dungun,property,break_in,2020,91
13885,Terengganu,Dungun,property,break_in,2021,82
13886,Terengganu,Dungun,property,break_in,2022,61
13887,Terengganu,Dungun,property,break_in,2023,78
13888,Terengganu,Dungun,property,theft_other,2016,76
13889,Terengganu,Dungun,property,theft_other,2017,61
13890,Terengganu,Dungun,property,theft_other,2018,74
13891,Terengganu,Dungun,property,theft_other,2019,77
13892,Terengganu,Dungun,property,theft_other,2020,102
13893,Terengganu,Dungun,property,theft_other,2021,80
13894,Terengganu,Dungun,property,theft_other,2022,70
13895,Terengganu,Dungun,property,theft_other,2023,52
13896,Terengganu,Dungun,property,theft_vehicle_lorry,2016,6
13897,Terengganu,Dungun,property,theft_vehicle_lorry,2017,3
13898,Terengganu,Dungun,property,theft_vehicle_lorry,2018,2
13899,Terengganu,Dungun,property,theft_vehicle_lorry,2019,2
13900,Terengganu,Dungun,property,theft_vehicle_lorry,2020,0
13901,Terengganu,Dungun,property,theft_vehicle_lorry,2021,1
13902,Terengganu,Dungun,property,theft_vehicle_lorry,2022,0
13903,Terengganu,Dungun,property,theft_vehicle_lorry,2023,2
13904,Terengganu,Dungun,property,theft_vehicle_motorcar,2016,7
13905,Terengganu,Dungun,property,theft_vehicle_motorcar,2017,9
13906,Terengganu,Dungun,property,theft_vehicle_motorcar,2018,8
13907,Terengganu,Dungun,property,theft_vehicle_motorcar,2019,2
13908,Terengganu,Dungun,property,theft_vehicle_motorcar,2020,3
13909,Terengganu,Dungun,property,theft_vehicle_motorcar,2021,6
13910,Terengganu,Dungun,property,theft_vehicle_motorcar,2022,5
13911,Terengganu,Dungun,property,theft_vehicle_motorcar,2023,2
13912,Terengganu,Dungun,property,theft_vehicle_motorcycle,2016,126
13913,Terengganu,Dungun,property,theft_vehicle_motorcycle,2017,121
13914,Terengganu,Dungun,property,theft_vehicle_motorcycle,2018,97
13915,Terengganu,Dungun,property,theft_vehicle_motorcycle,2019,66
13916,Terengganu,Dungun,property,theft_vehicle_motorcycle,2020,39
13917,Terengganu,Dungun,property,theft_vehicle_motorcycle,2021,26
13918,Terengganu,Dungun,property,theft_vehicle_motorcycle,2022,33
13919,Terengganu,Dungun,property,theft_vehicle_motorcycle,2023,26
13920,Terengganu,Hulu Terengganu,assault,causing_injury,2016,12
13921,Terengganu,Hulu Terengganu,assault,causing_injury,2017,11
13922,Terengganu,Hulu Terengganu,assault,causing_injury,2018,10
13923,Terengganu,Hulu Terengganu,assault,causing_injury,2019,10
13924,Terengganu,Hulu Terengganu,assault,causing_injury,2020,13
13925,Terengganu,Hulu Terengganu,assault,causing_injury,2021,12
13926,Terengganu,Hulu Terengganu,assault,causing_injury,2022,6
13927,Terengganu,Hulu Terengganu,assault,causing_injury,2023,9
13928,Terengganu,Hulu Terengganu,assault,murder,2016,0
13929,Terengganu,Hulu Terengganu,assault,murder,2017,0
13930,Terengganu,Hulu Terengganu,assault,murder,2018,0
13931,Terengganu,Hulu Terengganu,assault,murder,2019,0
13932,Terengganu,Hulu Terengganu,assault,murder,2020,1
13933,Terengganu,Hulu Terengganu,assault,murder,2021,0
13934,Terengganu,Hulu Terengganu,assault,murder,2022,2
13935,Terengganu,Hulu Terengganu,assault,murder,2023,1
13936,Terengganu,Hulu Terengganu,assault,rape,2016,5
13937,Terengganu,Hulu Terengganu,assault,rape,2017,5
13938,Terengganu,Hulu Terengganu,assault,rape,2018,6
13939,Terengganu,Hulu Terengganu,assault,rape,2019,4
13940,Terengganu,Hulu Terengganu,assault,rape,2020,3
13941,Terengganu,Hulu Terengganu,assault,rape,2021,2
13942,Terengganu,Hulu Terengganu,assault,rape,2022,4
13943,Terengganu,Hulu Terengganu,assault,rape,2023,3
13944,Terengganu,Hulu Terengganu,assault,robbery_gang_armed,2016,0
13945,Terengganu,Hulu Terengganu,assault,robbery_gang_armed,2017,0
13946,Terengganu,Hulu Terengganu,assault,robbery_gang_armed,2018,0
13947,Terengganu,Hulu Terengganu,assault,robbery_gang_armed,2019,0
13948,Terengganu,Hulu Terengganu,assault,robbery_gang_armed,2020,0
13949,Terengganu,Hulu Terengganu,assault,robbery_gang_armed,2021,0
13950,Terengganu,Hulu Terengganu,assault,robbery_gang_armed,2022,0
13951,Terengganu,Hulu Terengganu,assault,robbery_gang_armed,2023,0
13952,Terengganu,Hulu Terengganu,assault,robbery_gang_unarmed,2016,7
13953,Terengganu,Hulu Terengganu,assault,robbery_gang_unarmed,2017,2
13954,Terengganu,Hulu Terengganu,assault,robbery_gang_unarmed,2018,4
13955,Terengganu,Hulu Terengganu,assault,robbery_gang_unarmed,2019,3
13956,Terengganu,Hulu Terengganu,assault,robbery_gang_unarmed,2020,2
13957,Terengganu,Hulu Terengganu,assault,robbery_gang_unarmed,2021,2
13958,Terengganu,Hulu Terengganu,assault,robbery_gang_unarmed,2022,5
13959,Terengganu,Hulu Terengganu,assault,robbery_gang_unarmed,2023,4
13960,Terengganu,Hulu Terengganu,assault,robbery_solo_armed,2016,0
13961,Terengganu,Hulu Terengganu,assault,robbery_solo_armed,2017,0
13962,Terengganu,Hulu Terengganu,assault,robbery_solo_armed,2018,1
13963,Terengganu,Hulu Terengganu,assault,robbery_solo_armed,2019,0
13964,Terengganu,Hulu Terengganu,assault,robbery_solo_armed,2020,0
13965,Terengganu,Hulu Terengganu,assault,robbery_solo_armed,2021,1
13966,Terengganu,Hulu Terengganu,assault,robbery_solo_armed,2022,0
13967,Terengganu,Hulu Terengganu,assault,robbery_solo_armed,2023,0
13968,Terengganu,Hulu Terengganu,assault,robbery_solo_unarmed,2016,2
13969,Terengganu,Hulu Terengganu,assault,robbery_solo_unarmed,2017,2
13970,Terengganu,Hulu Terengganu,assault,robbery_solo_unarmed,2018,5
13971,Terengganu,Hulu Terengganu,assault,robbery_solo_unarmed,2019,2
13972,Terengganu,Hulu Terengganu,assault,robbery_solo_unarmed,2020,4
13973,Terengganu,Hulu Terengganu,assault,robbery_solo_unarmed,2021,0
13974,Terengganu,Hulu Terengganu,assault,robbery_solo_unarmed,2022,0
13975,Terengganu,Hulu Terengganu,assault,robbery_solo_unarmed,2023,1
13976,Terengganu,Hulu Terengganu,property,break_in,2016,43
13977,Terengganu,Hulu Terengganu,property,break_in,2017,45
13978,Terengganu,Hulu Terengganu,property,break_in,2018,17
13979,Terengganu,Hulu Terengganu,property,break_in,2019,22
13980,Terengganu,Hulu Terengganu,property,break_in,2020,29
13981,Terengganu,Hulu Terengganu,property,break_in,2021,27
13982,Terengganu,Hulu Terengganu,property,break_in,2022,26
13983,Terengganu,Hulu Terengganu,property,break_in,2023,16
13984,Terengganu,Hulu Terengganu,property,theft_other,2016,23
13985,Terengganu,Hulu Terengganu,property,theft_other,2017,24
13986,Terengganu,Hulu Terengganu,property,theft_other,2018,25
13987,Terengganu,Hulu Terengganu,property,theft_other,2019,53
13988,Terengganu,Hulu Terengganu,property,theft_other,2020,51
13989,Terengganu,Hulu Terengganu,property,theft_other,2021,44
13990,Terengganu,Hulu Terengganu,property,theft_other,2022,47
13991,Terengganu,Hulu Terengganu,property,theft_other,2023,42
13992,Terengganu,Hulu Terengganu,property,theft_vehicle_lorry,2016,2
13993,Terengganu,Hulu Terengganu,property,theft_vehicle_lorry,2017,5
13994,Terengganu,Hulu Terengganu,property,theft_vehicle_lorry,2018,0
13995,Terengganu,Hulu Terengganu,property,theft_vehicle_lorry,2019,1
13996,Terengganu,Hulu Terengganu,property,theft_vehicle_lorry,2020,0
13997,Terengganu,Hulu Terengganu,property,theft_vehicle_lorry,2021,2
13998,Terengganu,Hulu Terengganu,property,theft_vehicle_lorry,2022,0
13999,Terengganu,Hulu Terengganu,property,theft_vehicle_lorry,2023,1
14000,Terengganu,Hulu Terengganu,property,theft_vehicle_motorcar,2016,13
14001,Terengganu,Hulu Terengganu,property,theft_vehicle_motorcar,2017,3
14002,Terengganu,Hulu Terengganu,property,theft_vehicle_motorcar,2018,3
14003,Terengganu,Hulu Terengganu,property,theft_vehicle_motorcar,2019,1
14004,Terengganu,Hulu Terengganu,property,theft_vehicle_motorcar,2020,3
14005,Terengganu,Hulu Terengganu,property,theft_vehicle_motorcar,2021,5
14006,Terengganu,Hulu Terengganu,property,theft_vehicle_motorcar,2022,3
14007,Terengganu,Hulu Terengganu,property,theft_vehicle_motorcar,2023,2
14008,Terengganu,Hulu Terengganu,property,theft_vehicle_motorcycle,2016,48
14009,Terengganu,Hulu Terengganu,property,theft_vehicle_motorcycle,2017,46
14010,Terengganu,Hulu Terengganu,property,theft_vehicle_motorcycle,2018,32
14011,Terengganu,Hulu Terengganu,property,theft_vehicle_motorcycle,2019,10
14012,Terengganu,Hulu Terengganu,property,theft_vehicle_motorcycle,2020,18
14013,Terengganu,Hulu Terengganu,property,theft_vehicle_motorcycle,2021,14
14014,Terengganu,Hulu Terengganu,property,theft_vehicle_motorcycle,2022,8
14015,Terengganu,Hulu Terengganu,property,theft_vehicle_motorcycle,2023,15
14016,Terengganu,Kemaman,assault,causing_injury,2016,12
14017,Terengganu,Kemaman,assault,causing_injury,2017,10
14018,Terengganu,Kemaman,assault,causing_injury,2018,14
14019,Terengganu,Kemaman,assault,causing_injury,2019,6
14020,Terengganu,Kemaman,assault,causing_injury,2020,22
14021,Terengganu,Kemaman,assault,causing_injury,2021,14
14022,Terengganu,Kemaman,assault,causing_injury,2022,21
14023,Terengganu,Kemaman,assault,causing_injury,2023,18
14024,Terengganu,Kemaman,assault,murder,2016,4
14025,Terengganu,Kemaman,assault,murder,2017,0
14026,Terengganu,Kemaman,assault,murder,2018,0
14027,Terengganu,Kemaman,assault,murder,2019,1
14028,Terengganu,Kemaman,assault,murder,2020,1
14029,Terengganu,Kemaman,assault,murder,2021,0
14030,Terengganu,Kemaman,assault,murder,2022,1
14031,Terengganu,Kemaman,assault,murder,2023,1
14032,Terengganu,Kemaman,assault,rape,2016,14
14033,Terengganu,Kemaman,assault,rape,2017,10
14034,Terengganu,Kemaman,assault,rape,2018,14
14035,Terengganu,Kemaman,assault,rape,2019,15
14036,Terengganu,Kemaman,assault,rape,2020,9
14037,Terengganu,Kemaman,assault,rape,2021,10
14038,Terengganu,Kemaman,assault,rape,2022,14
14039,Terengganu,Kemaman,assault,rape,2023,23
14040,Terengganu,Kemaman,assault,robbery_gang_armed,2016,0
14041,Terengganu,Kemaman,assault,robbery_gang_armed,2017,0
14042,Terengganu,Kemaman,assault,robbery_gang_armed,2018,1
14043,Terengganu,Kemaman,assault,robbery_gang_armed,2019,0
14044,Terengganu,Kemaman,assault,robbery_gang_armed,2020,0
14045,Terengganu,Kemaman,assault,robbery_gang_armed,2021,0
14046,Terengganu,Kemaman,assault,robbery_gang_armed,2022,1
14047,Terengganu,Kemaman,assault,robbery_gang_armed,2023,0
14048,Terengganu,Kemaman,assault,robbery_gang_unarmed,2016,16
14049,Terengganu,Kemaman,assault,robbery_gang_unarmed,2017,12
14050,Terengganu,Kemaman,assault,robbery_gang_unarmed,2018,14
14051,Terengganu,Kemaman,assault,robbery_gang_unarmed,2019,8
14052,Terengganu,Kemaman,assault,robbery_gang_unarmed,2020,4
14053,Terengganu,Kemaman,assault,robbery_gang_unarmed,2021,1
14054,Terengganu,Kemaman,assault,robbery_gang_unarmed,2022,6
14055,Terengganu,Kemaman,assault,robbery_gang_unarmed,2023,8
14056,Terengganu,Kemaman,assault,robbery_solo_armed,2016,0
14057,Terengganu,Kemaman,assault,robbery_solo_armed,2017,0
14058,Terengganu,Kemaman,assault,robbery_solo_armed,2018,0
14059,Terengganu,Kemaman,assault,robbery_solo_armed,2019,0
14060,Terengganu,Kemaman,assault,robbery_solo_armed,2020,0
14061,Terengganu,Kemaman,assault,robbery_solo_armed,2021,0
14062,Terengganu,Kemaman,assault,robbery_solo_armed,2022,1
14063,Terengganu,Kemaman,assault,robbery_solo_armed,2023,0
14064,Terengganu,Kemaman,assault,robbery_solo_unarmed,2016,9
14065,Terengganu,Kemaman,assault,robbery_solo_unarmed,2017,11
14066,Terengganu,Kemaman,assault,robbery_solo_unarmed,2018,5
14067,Terengganu,Kemaman,assault,robbery_solo_unarmed,2019,10
14068,Terengganu,Kemaman,assault,robbery_solo_unarmed,2020,12
14069,Terengganu,Kemaman,assault,robbery_solo_unarmed,2021,5
14070,Terengganu,Kemaman,assault,robbery_solo_unarmed,2022,6
14071,Terengganu,Kemaman,assault,robbery_solo_unarmed,2023,3
14072,Terengganu,Kemaman,property,break_in,2016,46
14073,Terengganu,Kemaman,property,break_in,2017,45
14074,Terengganu,Kemaman,property,break_in,2018,49
14075,Terengganu,Kemaman,property,break_in,2019,72
14076,Terengganu,Kemaman,property,break_in,2020,145
14077,Terengganu,Kemaman,property,break_in,2021,111
14078,Terengganu,Kemaman,property,break_in,2022,100
14079,Terengganu,Kemaman,property,break_in,2023,103
14080,Terengganu,Kemaman,property,theft_other,2016,95
14081,Terengganu,Kemaman,property,theft_other,2017,49
14082,Terengganu,Kemaman,property,theft_other,2018,67
14083,Terengganu,Kemaman,property,theft_other,2019,65
14084,Terengganu,Kemaman,property,theft_other,2020,136
14085,Terengganu,Kemaman,property,theft_other,2021,116
14086,Terengganu,Kemaman,property,theft_other,2022,125
14087,Terengganu,Kemaman,property,theft_other,2023,130
14088,Terengganu,Kemaman,property,theft_vehicle_lorry,2016,7
14089,Terengganu,Kemaman,property,theft_vehicle_lorry,2017,2
14090,Terengganu,Kemaman,property,theft_vehicle_lorry,2018,2
14091,Terengganu,Kemaman,property,theft_vehicle_lorry,2019,4
14092,Terengganu,Kemaman,property,theft_vehicle_lorry,2020,1
14093,Terengganu,Kemaman,property,theft_vehicle_lorry,2021,2
14094,Terengganu,Kemaman,property,theft_vehicle_lorry,2022,3
14095,Terengganu,Kemaman,property,theft_vehicle_lorry,2023,2
14096,Terengganu,Kemaman,property,theft_vehicle_motorcar,2016,30
14097,Terengganu,Kemaman,property,theft_vehicle_motorcar,2017,25
14098,Terengganu,Kemaman,property,theft_vehicle_motorcar,2018,4
14099,Terengganu,Kemaman,property,theft_vehicle_motorcar,2019,14
14100,Terengganu,Kemaman,property,theft_vehicle_motorcar,2020,9
14101,Terengganu,Kemaman,property,theft_vehicle_motorcar,2021,7
14102,Terengganu,Kemaman,property,theft_vehicle_motorcar,2022,3
14103,Terengganu,Kemaman,property,theft_vehicle_motorcar,2023,4
14104,Terengganu,Kemaman,property,theft_vehicle_motorcycle,2016,179
14105,Terengganu,Kemaman,property,theft_vehicle_motorcycle,2017,165
14106,Terengganu,Kemaman,property,theft_vehicle_motorcycle,2018,104
14107,Terengganu,Kemaman,property,theft_vehicle_motorcycle,2019,98
14108,Terengganu,Kemaman,property,theft_vehicle_motorcycle,2020,44
14109,Terengganu,Kemaman,property,theft_vehicle_motorcycle,2021,23
14110,Terengganu,Kemaman,property,theft_vehicle_motorcycle,2022,35
14111,Terengganu,Kemaman,property,theft_vehicle_motorcycle,2023,23
14112,Terengganu,Kuala Terengganu,assault,causing_injury,2016,36
14113,Terengganu,Kuala Terengganu,assault,causing_injury,2017,26
14114,Terengganu,Kuala Terengganu,assault,causing_injury,2018,21
14115,Terengganu,Kuala Terengganu,assault,causing_injury,2019,32
14116,Terengganu,Kuala Terengganu,assault,causing_injury,2020,47
14117,Terengganu,Kuala Terengganu,assault,causing_injury,2021,35
14118,Terengganu,Kuala Terengganu,assault,causing_injury,2022,35
14119,Terengganu,Kuala Terengganu,assault,causing_injury,2023,30
14120,Terengganu,Kuala Terengganu,assault,murder,2016,1
14121,Terengganu,Kuala Terengganu,assault,murder,2017,1
14122,Terengganu,Kuala Terengganu,assault,murder,2018,1
14123,Terengganu,Kuala Terengganu,assault,murder,2019,0
14124,Terengganu,Kuala Terengganu,assault,murder,2020,0
14125,Terengganu,Kuala Terengganu,assault,murder,2021,2
14126,Terengganu,Kuala Terengganu,assault,murder,2022,1
14127,Terengganu,Kuala Terengganu,assault,murder,2023,2
14128,Terengganu,Kuala Terengganu,assault,rape,2016,16
14129,Terengganu,Kuala Terengganu,assault,rape,2017,20
14130,Terengganu,Kuala Terengganu,assault,rape,2018,12
14131,Terengganu,Kuala Terengganu,assault,rape,2019,24
14132,Terengganu,Kuala Terengganu,assault,rape,2020,17
14133,Terengganu,Kuala Terengganu,assault,rape,2021,18
14134,Terengganu,Kuala Terengganu,assault,rape,2022,21
14135,Terengganu,Kuala Terengganu,assault,rape,2023,31
14136,Terengganu,Kuala Terengganu,assault,robbery_gang_armed,2016,0
14137,Terengganu,Kuala Terengganu,assault,robbery_gang_armed,2017,0
14138,Terengganu,Kuala Terengganu,assault,robbery_gang_armed,2018,0
14139,Terengganu,Kuala Terengganu,assault,robbery_gang_armed,2019,0
14140,Terengganu,Kuala Terengganu,assault,robbery_gang_armed,2020,0
14141,Terengganu,Kuala Terengganu,assault,robbery_gang_armed,2021,0
14142,Terengganu,Kuala Terengganu,assault,robbery_gang_armed,2022,0
14143,Terengganu,Kuala Terengganu,assault,robbery_gang_armed,2023,0
14144,Terengganu,Kuala Terengganu,assault,robbery_gang_unarmed,2016,26
14145,Terengganu,Kuala Terengganu,assault,robbery_gang_unarmed,2017,20
14146,Terengganu,Kuala Terengganu,assault,robbery_gang_unarmed,2018,13
14147,Terengganu,Kuala Terengganu,assault,robbery_gang_unarmed,2019,22
14148,Terengganu,Kuala Terengganu,assault,robbery_gang_unarmed,2020,21
14149,Terengganu,Kuala Terengganu,assault,robbery_gang_unarmed,2021,10
14150,Terengganu,Kuala Terengganu,assault,robbery_gang_unarmed,2022,9
14151,Terengganu,Kuala Terengganu,assault,robbery_gang_unarmed,2023,5
14152,Terengganu,Kuala Terengganu,assault,robbery_solo_armed,2016,1
14153,Terengganu,Kuala Terengganu,assault,robbery_solo_armed,2017,0
14154,Terengganu,Kuala Terengganu,assault,robbery_solo_armed,2018,0
14155,Terengganu,Kuala Terengganu,assault,robbery_solo_armed,2019,0
14156,Terengganu,Kuala Terengganu,assault,robbery_solo_armed,2020,0
14157,Terengganu,Kuala Terengganu,assault,robbery_solo_armed,2021,0
14158,Terengganu,Kuala Terengganu,assault,robbery_solo_armed,2022,0
14159,Terengganu,Kuala Terengganu,assault,robbery_solo_armed,2023,0
14160,Terengganu,Kuala Terengganu,assault,robbery_solo_unarmed,2016,19
14161,Terengganu,Kuala Terengganu,assault,robbery_solo_unarmed,2017,30
14162,Terengganu,Kuala Terengganu,assault,robbery_solo_unarmed,2018,14
14163,Terengganu,Kuala Terengganu,assault,robbery_solo_unarmed,2019,13
14164,Terengganu,Kuala Terengganu,assault,robbery_solo_unarmed,2020,12
14165,Terengganu,Kuala Terengganu,assault,robbery_solo_unarmed,2021,13
14166,Terengganu,Kuala Terengganu,assault,robbery_solo_unarmed,2022,5
14167,Terengganu,Kuala Terengganu,assault,robbery_solo_unarmed,2023,7
14168,Terengganu,Kuala Terengganu,property,break_in,2016,154
14169,Terengganu,Kuala Terengganu,property,break_in,2017,141
14170,Terengganu,Kuala Terengganu,property,break_in,2018,127
14171,Terengganu,Kuala Terengganu,property,break_in,2019,143
14172,Terengganu,Kuala Terengganu,property,break_in,2020,167
14173,Terengganu,Kuala Terengganu,property,break_in,2021,116
14174,Terengganu,Kuala Terengganu,property,break_in,2022,139
14175,Terengganu,Kuala Terengganu,property,break_in,2023,85
14176,Terengganu,Kuala Terengganu,property,theft_other,2016,138
14177,Terengganu,Kuala Terengganu,property,theft_other,2017,144
14178,Terengganu,Kuala Terengganu,property,theft_other,2018,150
14179,Terengganu,Kuala Terengganu,property,theft_other,2019,184
14180,Terengganu,Kuala Terengganu,property,theft_other,2020,278
14181,Terengganu,Kuala Terengganu,property,theft_other,2021,203
14182,Terengganu,Kuala Terengganu,property,theft_other,2022,169
14183,Terengganu,Kuala Terengganu,property,theft_other,2023,153
14184,Terengganu,Kuala Terengganu,property,theft_vehicle_lorry,2016,7
14185,Terengganu,Kuala Terengganu,property,theft_vehicle_lorry,2017,7
14186,Terengganu,Kuala Terengganu,property,theft_vehicle_lorry,2018,3
14187,Terengganu,Kuala Terengganu,property,theft_vehicle_lorry,2019,1
14188,Terengganu,Kuala Terengganu,property,theft_vehicle_lorry,2020,1
14189,Terengganu,Kuala Terengganu,property,theft_vehicle_lorry,2021,1
14190,Terengganu,Kuala Terengganu,property,theft_vehicle_lorry,2022,4
14191,Terengganu,Kuala Terengganu,property,theft_vehicle_lorry,2023,4
14192,Terengganu,Kuala Terengganu,property,theft_vehicle_motorcar,2016,80
14193,Terengganu,Kuala Terengganu,property,theft_vehicle_motorcar,2017,45
14194,Terengganu,Kuala Terengganu,property,theft_vehicle_motorcar,2018,35
14195,Terengganu,Kuala Terengganu,property,theft_vehicle_motorcar,2019,30
14196,Terengganu,Kuala Terengganu,property,theft_vehicle_motorcar,2020,24
14197,Terengganu,Kuala Terengganu,property,theft_vehicle_motorcar,2021,25
14198,Terengganu,Kuala Terengganu,property,theft_vehicle_motorcar,2022,9
14199,Terengganu,Kuala Terengganu,property,theft_vehicle_motorcar,2023,9
14200,Terengganu,Kuala Terengganu,property,theft_vehicle_motorcycle,2016,273
14201,Terengganu,Kuala Terengganu,property,theft_vehicle_motorcycle,2017,267
14202,Terengganu,Kuala Terengganu,property,theft_vehicle_motorcycle,2018,172
14203,Terengganu,Kuala Terengganu,property,theft_vehicle_motorcycle,2019,127
14204,Terengganu,Kuala Terengganu,property,theft_vehicle_motorcycle,2020,101
14205,Terengganu,Kuala Terengganu,property,theft_vehicle_motorcycle,2021,68
14206,Terengganu,Kuala Terengganu,property,theft_vehicle_motorcycle,2022,81
14207,Terengganu,Kuala Terengganu,property,theft_vehicle_motorcycle,2023,90
14208,Terengganu,Marang,assault,causing_injury,2016,14
14209,Terengganu,Marang,assault,causing_injury,2017,12
14210,Terengganu,Marang,assault,causing_injury,2018,11
14211,Terengganu,Marang,assault,causing_injury,2019,8
14212,Terengganu,Marang,assault,causing_injury,2020,13
14213,Terengganu,Marang,assault,causing_injury,2021,6
14214,Terengganu,Marang,assault,causing_injury,2022,10
14215,Terengganu,Marang,assault,causing_injury,2023,11
14216,Terengganu,Marang,assault,murder,2016,1
14217,Terengganu,Marang,assault,murder,2017,1
14218,Terengganu,Marang,assault,murder,2018,1
14219,Terengganu,Marang,assault,murder,2019,0
14220,Terengganu,Marang,assault,murder,2020,0
14221,Terengganu,Marang,assault,murder,2021,2
14222,Terengganu,Marang,assault,murder,2022,0
14223,Terengganu,Marang,assault,murder,2023,1
14224,Terengganu,Marang,assault,rape,2016,16
14225,Terengganu,Marang,assault,rape,2017,5
14226,Terengganu,Marang,assault,rape,2018,8
14227,Terengganu,Marang,assault,rape,2019,9
14228,Terengganu,Marang,assault,rape,2020,4
14229,Terengganu,Marang,assault,rape,2021,13
14230,Terengganu,Marang,assault,rape,2022,5
14231,Terengganu,Marang,assault,rape,2023,8
14232,Terengganu,Marang,assault,robbery_gang_armed,2016,0
14233,Terengganu,Marang,assault,robbery_gang_armed,2017,0
14234,Terengganu,Marang,assault,robbery_gang_armed,2018,0
14235,Terengganu,Marang,assault,robbery_gang_armed,2019,0
14236,Terengganu,Marang,assault,robbery_gang_armed,2020,0
14237,Terengganu,Marang,assault,robbery_gang_armed,2021,0
14238,Terengganu,Marang,assault,robbery_gang_armed,2022,0
14239,Terengganu,Marang,assault,robbery_gang_armed,2023,0
14240,Terengganu,Marang,assault,robbery_gang_unarmed,2016,7
14241,Terengganu,Marang,assault,robbery_gang_unarmed,2017,3
14242,Terengganu,Marang,assault,robbery_gang_unarmed,2018,4
14243,Terengganu,Marang,assault,robbery_gang_unarmed,2019,7
14244,Terengganu,Marang,assault,robbery_gang_unarmed,2020,5
14245,Terengganu,Marang,assault,robbery_gang_unarmed,2021,4
14246,Terengganu,Marang,assault,robbery_gang_unarmed,2022,0
14247,Terengganu,Marang,assault,robbery_gang_unarmed,2023,0
14248,Terengganu,Marang,assault,robbery_solo_armed,2016,0
14249,Terengganu,Marang,assault,robbery_solo_armed,2017,0
14250,Terengganu,Marang,assault,robbery_solo_armed,2018,0
14251,Terengganu,Marang,assault,robbery_solo_armed,2019,0
14252,Terengganu,Marang,assault,robbery_solo_armed,2020,0
14253,Terengganu,Marang,assault,robbery_solo_armed,2021,0
14254,Terengganu,Marang,assault,robbery_solo_armed,2022,0
14255,Terengganu,Marang,assault,robbery_solo_armed,2023,0
14256,Terengganu,Marang,assault,robbery_solo_unarmed,2016,5
14257,Terengganu,Marang,assault,robbery_solo_unarmed,2017,8
14258,Terengganu,Marang,assault,robbery_solo_unarmed,2018,2
14259,Terengganu,Marang,assault,robbery_solo_unarmed,2019,6
14260,Terengganu,Marang,assault,robbery_solo_unarmed,2020,7
14261,Terengganu,Marang,assault,robbery_solo_unarmed,2021,3
14262,Terengganu,Marang,assault,robbery_solo_unarmed,2022,3
14263,Terengganu,Marang,assault,robbery_solo_unarmed,2023,0
14264,Terengganu,Marang,property,break_in,2016,35
14265,Terengganu,Marang,property,break_in,2017,60
14266,Terengganu,Marang,property,break_in,2018,50
14267,Terengganu,Marang,property,break_in,2019,39
14268,Terengganu,Marang,property,break_in,2020,38
14269,Terengganu,Marang,property,break_in,2021,54
14270,Terengganu,Marang,property,break_in,2022,35
14271,Terengganu,Marang,property,break_in,2023,20
14272,Terengganu,Marang,property,theft_other,2016,45
14273,Terengganu,Marang,property,theft_other,2017,26
14274,Terengganu,Marang,property,theft_other,2018,22
14275,Terengganu,Marang,property,theft_other,2019,29
14276,Terengganu,Marang,property,theft_other,2020,81
14277,Terengganu,Marang,property,theft_other,2021,47
14278,Terengganu,Marang,property,theft_other,2022,40
14279,Terengganu,Marang,property,theft_other,2023,36
14280,Terengganu,Marang,property,theft_vehicle_lorry,2016,1
14281,Terengganu,Marang,property,theft_vehicle_lorry,2017,0
14282,Terengganu,Marang,property,theft_vehicle_lorry,2018,1
14283,Terengganu,Marang,property,theft_vehicle_lorry,2019,1
14284,Terengganu,Marang,property,theft_vehicle_lorry,2020,0
14285,Terengganu,Marang,property,theft_vehicle_lorry,2021,0
14286,Terengganu,Marang,property,theft_vehicle_lorry,2022,0
14287,Terengganu,Marang,property,theft_vehicle_lorry,2023,1
14288,Terengganu,Marang,property,theft_vehicle_motorcar,2016,8
14289,Terengganu,Marang,property,theft_vehicle_motorcar,2017,3
14290,Terengganu,Marang,property,theft_vehicle_motorcar,2018,2
14291,Terengganu,Marang,property,theft_vehicle_motorcar,2019,2
14292,Terengganu,Marang,property,theft_vehicle_motorcar,2020,2
14293,Terengganu,Marang,property,theft_vehicle_motorcar,2021,4
14294,Terengganu,Marang,property,theft_vehicle_motorcar,2022,1
14295,Terengganu,Marang,property,theft_vehicle_motorcar,2023,1
14296,Terengganu,Marang,property,theft_vehicle_motorcycle,2016,59
14297,Terengganu,Marang,property,theft_vehicle_motorcycle,2017,54
14298,Terengganu,Marang,property,theft_vehicle_motorcycle,2018,39
14299,Terengganu,Marang,property,theft_vehicle_motorcycle,2019,34
14300,Terengganu,Marang,property,theft_vehicle_motorcycle,2020,30
14301,Terengganu,Marang,property,theft_vehicle_motorcycle,2021,15
14302,Terengganu,Marang,property,theft_vehicle_motorcycle,2022,14
14303,Terengganu,Marang,property,theft_vehicle_motorcycle,2023,24
14304,Terengganu,Setiu,assault,causing_injury,2016,6
14305,Terengganu,Setiu,assault,causing_injury,2017,9
14306,Terengganu,Setiu,assault,causing_injury,2018,11
14307,Terengganu,Setiu,assault,causing_injury,2019,6
14308,Terengganu,Setiu,assault,causing_injury,2020,3
14309,Terengganu,Setiu,assault,causing_injury,2021,2
14310,Terengganu,Setiu,assault,causing_injury,2022,3
14311,Terengganu,Setiu,assault,causing_injury,2023,3
14312,Terengganu,Setiu,assault,murder,2016,1
14313,Terengganu,Setiu,assault,murder,2017,0
14314,Terengganu,Setiu,assault,murder,2018,0
14315,Terengganu,Setiu,assault,murder,2019,0
14316,Terengganu,Setiu,assault,murder,2020,0
14317,Terengganu,Setiu,assault,murder,2021,0
14318,Terengganu,Setiu,assault,murder,2022,0
14319,Terengganu,Setiu,assault,murder,2023,0
14320,Terengganu,Setiu,assault,rape,2016,5
14321,Terengganu,Setiu,assault,rape,2017,5
14322,Terengganu,Setiu,assault,rape,2018,6
14323,Terengganu,Setiu,assault,rape,2019,4
14324,Terengganu,Setiu,assault,rape,2020,5
14325,Terengganu,Setiu,assault,rape,2021,2
14326,Terengganu,Setiu,assault,rape,2022,4
14327,Terengganu,Setiu,assault,rape,2023,4
14328,Terengganu,Setiu,assault,robbery_gang_armed,2016,0
14329,Terengganu,Setiu,assault,robbery_gang_armed,2017,0
14330,Terengganu,Setiu,assault,robbery_gang_armed,2018,0
14331,Terengganu,Setiu,assault,robbery_gang_armed,2019,0
14332,Terengganu,Setiu,assault,robbery_gang_armed,2020,0
14333,Terengganu,Setiu,assault,robbery_gang_armed,2021,0
14334,Terengganu,Setiu,assault,robbery_gang_armed,2022,0
14335,Terengganu,Setiu,assault,robbery_gang_armed,2023,0
14336,Terengganu,Setiu,assault,robbery_gang_unarmed,2016,2
14337,Terengganu,Setiu,assault,robbery_gang_unarmed,2017,5
14338,Terengganu,Setiu,assault,robbery_gang_unarmed,2018,5
14339,Terengganu,Setiu,assault,robbery_gang_unarmed,2019,3
14340,Terengganu,Setiu,assault,robbery_gang_unarmed,2020,2
14341,Terengganu,Setiu,assault,robbery_gang_unarmed,2021,1
14342,Terengganu,Setiu,assault,robbery_gang_unarmed,2022,0
14343,Terengganu,Setiu,assault,robbery_gang_unarmed,2023,2
14344,Terengganu,Setiu,assault,robbery_solo_armed,2016,0
14345,Terengganu,Setiu,assault,robbery_solo_armed,2017,0
14346,Terengganu,Setiu,assault,robbery_solo_armed,2018,0
14347,Terengganu,Setiu,assault,robbery_solo_armed,2019,0
14348,Terengganu,Setiu,assault,robbery_solo_armed,2020,0
14349,Terengganu,Setiu,assault,robbery_solo_armed,2021,0
14350,Terengganu,Setiu,assault,robbery_solo_armed,2022,0
14351,Terengganu,Setiu,assault,robbery_solo_armed,2023,0
14352,Terengganu,Setiu,assault,robbery_solo_unarmed,2016,0
14353,Terengganu,Setiu,assault,robbery_solo_unarmed,2017,2
14354,Terengganu,Setiu,assault,robbery_solo_unarmed,2018,2
14355,Terengganu,Setiu,assault,robbery_solo_unarmed,2019,2
14356,Terengganu,Setiu,assault,robbery_solo_unarmed,2020,0
14357,Terengganu,Setiu,assault,robbery_solo_unarmed,2021,0
14358,Terengganu,Setiu,assault,robbery_solo_unarmed,2022,4
14359,Terengganu,Setiu,assault,robbery_solo_unarmed,2023,1
14360,Terengganu,Setiu,property,break_in,2016,14
14361,Terengganu,Setiu,property,break_in,2017,16
14362,Terengganu,Setiu,property,break_in,2018,23
14363,Terengganu,Setiu,property,break_in,2019,18
14364,Terengganu,Setiu,property,break_in,2020,24
14365,Terengganu,Setiu,property,break_in,2021,9
14366,Terengganu,Setiu,property,break_in,2022,9
14367,Terengganu,Setiu,property,break_in,2023,19
14368,Terengganu,Setiu,property,theft_other,2016,20
14369,Terengganu,Setiu,property,theft_other,2017,20
14370,Terengganu,Setiu,property,theft_other,2018,39
14371,Terengganu,Setiu,property,theft_other,2019,37
14372,Terengganu,Setiu,property,theft_other,2020,33
14373,Terengganu,Setiu,property,theft_other,2021,13
14374,Terengganu,Setiu,property,theft_other,2022,10
14375,Terengganu,Setiu,property,theft_other,2023,3
14376,Terengganu,Setiu,property,theft_vehicle_lorry,2016,2
14377,Terengganu,Setiu,property,theft_vehicle_lorry,2017,1
14378,Terengganu,Setiu,property,theft_vehicle_lorry,2018,1
14379,Terengganu,Setiu,property,theft_vehicle_lorry,2019,3
14380,Terengganu,Setiu,property,theft_vehicle_lorry,2020,0
14381,Terengganu,Setiu,property,theft_vehicle_lorry,2021,0
14382,Terengganu,Setiu,property,theft_vehicle_lorry,2022,1
14383,Terengganu,Setiu,property,theft_vehicle_lorry,2023,0
14384,Terengganu,Setiu,property,theft_vehicle_motorcar,2016,18
14385,Terengganu,Setiu,property,theft_vehicle_motorcar,2017,11
14386,Terengganu,Setiu,property,theft_vehicle_motorcar,2018,4
14387,Terengganu,Setiu,property,theft_vehicle_motorcar,2019,2
14388,Terengganu,Setiu,property,theft_vehicle_motorcar,2020,4
14389,Terengganu,Setiu,property,theft_vehicle_motorcar,2021,6
14390,Terengganu,Setiu,property,theft_vehicle_motorcar,2022,5
14391,Terengganu,Setiu,property,theft_vehicle_motorcar,2023,0
14392,Terengganu,Setiu,property,theft_vehicle_motorcycle,2016,41
14393,Terengganu,Setiu,property,theft_vehicle_motorcycle,2017,40
14394,Terengganu,Setiu,property,theft_vehicle_motorcycle,2018,16
14395,Terengganu,Setiu,property,theft_vehicle_motorcycle,2019,29
14396,Terengganu,Setiu,property,theft_vehicle_motorcycle,2020,7
14397,Terengganu,Setiu,property,theft_vehicle_motorcycle,2021,10
14398,Terengganu,Setiu,property,theft_vehicle_motorcycle,2022,15
14399,Terengganu,Setiu,property,theft_vehicle_motorcycle,2023,8
14400,W.P. Kuala Lumpur,Brickfields,assault,causing_injury,2016,54
14401,W.P. Kuala Lumpur,Brickfields,assault,causing_injury,2017,69
14402,W.P. Kuala Lumpur,Brickfields,assault,causing_injury,2018,71
14403,W.P. Kuala Lumpur,Brickfields,assault,causing_injury,2019,73
14404,W.P. Kuala Lumpur,Brickfields,assault,causing_injury,2020,47
14405,W.P. Kuala Lumpur,Brickfields,assault,causing_injury,2021,52
14406,W.P. Kuala Lumpur,Brickfields,assault,causing_injury,2022,75
14407,W.P. Kuala Lumpur,Brickfields,assault,causing_injury,2023,74
14408,W.P. Kuala Lumpur,Brickfields,assault,murder,2016,6
14409,W.P. Kuala Lumpur,Brickfields,assault,murder,2017,2
14410,W.P. Kuala Lumpur,Brickfields,assault,murder,2018,3
14411,W.P. Kuala Lumpur,Brickfields,assault,murder,2019,4
14412,W.P. Kuala Lumpur,Brickfields,assault,murder,2020,6
14413,W.P. Kuala Lumpur,Brickfields,assault,murder,2021,3
14414,W.P. Kuala Lumpur,Brickfields,assault,murder,2022,2
14415,W.P. Kuala Lumpur,Brickfields,assault,murder,2023,4
14416,W.P. Kuala Lumpur,Brickfields,assault,rape,2016,13
14417,W.P. Kuala Lumpur,Brickfields,assault,rape,2017,24
14418,W.P. Kuala Lumpur,Brickfields,assault,rape,2018,20
14419,W.P. Kuala Lumpur,Brickfields,assault,rape,2019,30
14420,W.P. Kuala Lumpur,Brickfields,assault,rape,2020,16
14421,W.P. Kuala Lumpur,Brickfields,assault,rape,2021,11
14422,W.P. Kuala Lumpur,Brickfields,assault,rape,2022,9
14423,W.P. Kuala Lumpur,Brickfields,assault,rape,2023,17
14424,W.P. Kuala Lumpur,Brickfields,assault,robbery_gang_armed,2016,2
14425,W.P. Kuala Lumpur,Brickfields,assault,robbery_gang_armed,2017,1
14426,W.P. Kuala Lumpur,Brickfields,assault,robbery_gang_armed,2018,1
14427,W.P. Kuala Lumpur,Brickfields,assault,robbery_gang_armed,2019,0
14428,W.P. Kuala Lumpur,Brickfields,assault,robbery_gang_armed,2020,0
14429,W.P. Kuala Lumpur,Brickfields,assault,robbery_gang_armed,2021,0
14430,W.P. Kuala Lumpur,Brickfields,assault,robbery_gang_armed,2022,0
14431,W.P. Kuala Lumpur,Brickfields,assault,robbery_gang_armed,2023,2
14432,W.P. Kuala Lumpur,Brickfields,assault,robbery_gang_unarmed,2016,433
14433,W.P. Kuala Lumpur,Brickfields,assault,robbery_gang_unarmed,2017,304
14434,W.P. Kuala Lumpur,Brickfields,assault,robbery_gang_unarmed,2018,177
14435,W.P. Kuala Lumpur,Brickfields,assault,robbery_gang_unarmed,2019,169
14436,W.P. Kuala Lumpur,Brickfields,assault,robbery_gang_unarmed,2020,140
14437,W.P. Kuala Lumpur,Brickfields,assault,robbery_gang_unarmed,2021,80
14438,W.P. Kuala Lumpur,Brickfields,assault,robbery_gang_unarmed,2022,45
14439,W.P. Kuala Lumpur,Brickfields,assault,robbery_gang_unarmed,2023,54
14440,W.P. Kuala Lumpur,Brickfields,assault,robbery_solo_armed,2016,1
14441,W.P. Kuala Lumpur,Brickfields,assault,robbery_solo_armed,2017,0
14442,W.P. Kuala Lumpur,Brickfields,assault,robbery_solo_armed,2018,1
14443,W.P. Kuala Lumpur,Brickfields,assault,robbery_solo_armed,2019,0
14444,W.P. Kuala Lumpur,Brickfields,assault,robbery_solo_armed,2020,0
14445,W.P. Kuala Lumpur,Brickfields,assault,robbery_solo_armed,2021,1
14446,W.P. Kuala Lumpur,Brickfields,assault,robbery_solo_armed,2022,0
14447,W.P. Kuala Lumpur,Brickfields,assault,robbery_solo_armed,2023,1
14448,W.P. Kuala Lumpur,Brickfields,assault,robbery_solo_unarmed,2016,100
14449,W.P. Kuala Lumpur,Brickfields,assault,robbery_solo_unarmed,2017,179
14450,W.P. Kuala Lumpur,Brickfields,assault,robbery_solo_unarmed,2018,145
14451,W.P. Kuala Lumpur,Brickfields,assault,robbery_solo_unarmed,2019,118
14452,W.P. Kuala Lumpur,Brickfields,assault,robbery_solo_unarmed,2020,128
14453,W.P. Kuala Lumpur,Brickfields,assault,robbery_solo_unarmed,2021,91
14454,W.P. Kuala Lumpur,Brickfields,assault,robbery_solo_unarmed,2022,47
14455,W.P. Kuala Lumpur,Brickfields,assault,robbery_solo_unarmed,2023,45
14456,W.P. Kuala Lumpur,Brickfields,property,break_in,2016,431
14457,W.P. Kuala Lumpur,Brickfields,property,break_in,2017,291
14458,W.P. Kuala Lumpur,Brickfields,property,break_in,2018,292
14459,W.P. Kuala Lumpur,Brickfields,property,break_in,2019,246
14460,W.P. Kuala Lumpur,Brickfields,property,break_in,2020,205
14461,W.P. Kuala Lumpur,Brickfields,property,break_in,2021,145
14462,W.P. Kuala Lumpur,Brickfields,property,break_in,2022,147
14463,W.P. Kuala Lumpur,Brickfields,property,break_in,2023,118
14464,W.P. Kuala Lumpur,Brickfields,property,theft_other,2016,770
14465,W.P. Kuala Lumpur,Brickfields,property,theft_other,2017,376
14466,W.P. Kuala Lumpur,Brickfields,property,theft_other,2018,506
14467,W.P. Kuala Lumpur,Brickfields,property,theft_other,2019,568
14468,W.P. Kuala Lumpur,Brickfields,property,theft_other,2020,462
14469,W.P. Kuala Lumpur,Brickfields,property,theft_other,2021,339
14470,W.P. Kuala Lumpur,Brickfields,property,theft_other,2022,256
14471,W.P. Kuala Lumpur,Brickfields,property,theft_other,2023,197
14472,W.P. Kuala Lumpur,Brickfields,property,theft_vehicle_lorry,2016,90
14473,W.P. Kuala Lumpur,Brickfields,property,theft_vehicle_lorry,2017,48
14474,W.P. Kuala Lumpur,Brickfields,property,theft_vehicle_lorry,2018,27
14475,W.P. Kuala Lumpur,Brickfields,property,theft_vehicle_lorry,2019,49
14476,W.P. Kuala Lumpur,Brickfields,property,theft_vehicle_lorry,2020,41
14477,W.P. Kuala Lumpur,Brickfields,property,theft_vehicle_lorry,2021,13
14478,W.P. Kuala Lumpur,Brickfields,property,theft_vehicle_lorry,2022,16
14479,W.P. Kuala Lumpur,Brickfields,property,theft_vehicle_lorry,2023,15
14480,W.P. Kuala Lumpur,Brickfields,property,theft_vehicle_motorcar,2016,334
14481,W.P. Kuala Lumpur,Brickfields,property,theft_vehicle_motorcar,2017,273
14482,W.P. Kuala Lumpur,Brickfields,property,theft_vehicle_motorcar,2018,280
14483,W.P. Kuala Lumpur,Brickfields,property,theft_vehicle_motorcar,2019,274
14484,W.P. Kuala Lumpur,Brickfields,property,theft_vehicle_motorcar,2020,247
14485,W.P. Kuala Lumpur,Brickfields,property,theft_vehicle_motorcar,2021,109
14486,W.P. Kuala Lumpur,Brickfields,property,theft_vehicle_motorcar,2022,66
14487,W.P. Kuala Lumpur,Brickfields,property,theft_vehicle_motorcar,2023,89
14488,W.P. Kuala Lumpur,Brickfields,property,theft_vehicle_motorcycle,2016,520
14489,W.P. Kuala Lumpur,Brickfields,property,theft_vehicle_motorcycle,2017,453
14490,W.P. Kuala Lumpur,Brickfields,property,theft_vehicle_motorcycle,2018,392
14491,W.P. Kuala Lumpur,Brickfields,property,theft_vehicle_motorcycle,2019,355
14492,W.P. Kuala Lumpur,Brickfields,property,theft_vehicle_motorcycle,2020,257
14493,W.P. Kuala Lumpur,Brickfields,property,theft_vehicle_motorcycle,2021,146
14494,W.P. Kuala Lumpur,Brickfields,property,theft_vehicle_motorcycle,2022,138
14495,W.P. Kuala Lumpur,Brickfields,property,theft_vehicle_motorcycle,2023,164
14496,W.P. Kuala Lumpur,Cheras,assault,causing_injury,2016,89
14497,W.P. Kuala Lumpur,Cheras,assault,causing_injury,2017,83
14498,W.P. Kuala Lumpur,Cheras,assault,causing_injury,2018,73
14499,W.P. Kuala Lumpur,Cheras,assault,causing_injury,2019,90
14500,W.P. Kuala Lumpur,Cheras,assault,causing_injury,2020,62
14501,W.P. Kuala Lumpur,Cheras,assault,causing_injury,2021,54
14502,W.P. Kuala Lumpur,Cheras,assault,causing_injury,2022,31
14503,W.P. Kuala Lumpur,Cheras,assault,causing_injury,2023,51
14504,W.P. Kuala Lumpur,Cheras,assault,murder,2016,7
14505,W.P. Kuala Lumpur,Cheras,assault,murder,2017,5
14506,W.P. Kuala Lumpur,Cheras,assault,murder,2018,3
14507,W.P. Kuala Lumpur,Cheras,assault,murder,2019,6
14508,W.P. Kuala Lumpur,Cheras,assault,murder,2020,4
14509,W.P. Kuala Lumpur,Cheras,assault,murder,2021,0
14510,W.P. Kuala Lumpur,Cheras,assault,murder,2022,2
14511,W.P. Kuala Lumpur,Cheras,assault,murder,2023,4
14512,W.P. Kuala Lumpur,Cheras,assault,rape,2016,8
14513,W.P. Kuala Lumpur,Cheras,assault,rape,2017,23
14514,W.P. Kuala Lumpur,Cheras,assault,rape,2018,27
14515,W.P. Kuala Lumpur,Cheras,assault,rape,2019,21
14516,W.P. Kuala Lumpur,Cheras,assault,rape,2020,17
14517,W.P. Kuala Lumpur,Cheras,assault,rape,2021,18
14518,W.P. Kuala Lumpur,Cheras,assault,rape,2022,16
14519,W.P. Kuala Lumpur,Cheras,assault,rape,2023,24
14520,W.P. Kuala Lumpur,Cheras,assault,robbery_gang_armed,2016,1
14521,W.P. Kuala Lumpur,Cheras,assault,robbery_gang_armed,2017,0
14522,W.P. Kuala Lumpur,Cheras,assault,robbery_gang_armed,2018,1
14523,W.P. Kuala Lumpur,Cheras,assault,robbery_gang_armed,2019,0
14524,W.P. Kuala Lumpur,Cheras,assault,robbery_gang_armed,2020,0
14525,W.P. Kuala Lumpur,Cheras,assault,robbery_gang_armed,2021,1
14526,W.P. Kuala Lumpur,Cheras,assault,robbery_gang_armed,2022,0
14527,W.P. Kuala Lumpur,Cheras,assault,robbery_gang_armed,2023,0
14528,W.P. Kuala Lumpur,Cheras,assault,robbery_gang_unarmed,2016,290
14529,W.P. Kuala Lumpur,Cheras,assault,robbery_gang_unarmed,2017,269
14530,W.P. Kuala Lumpur,Cheras,assault,robbery_gang_unarmed,2018,121
14531,W.P. Kuala Lumpur,Cheras,assault,robbery_gang_unarmed,2019,170
14532,W.P. Kuala Lumpur,Cheras,assault,robbery_gang_unarmed,2020,78
14533,W.P. Kuala Lumpur,Cheras,assault,robbery_gang_unarmed,2021,70
14534,W.P. Kuala Lumpur,Cheras,assault,robbery_gang_unarmed,2022,59
14535,W.P. Kuala Lumpur,Cheras,assault,robbery_gang_unarmed,2023,28
14536,W.P. Kuala Lumpur,Cheras,assault,robbery_solo_armed,2016,1
14537,W.P. Kuala Lumpur,Cheras,assault,robbery_solo_armed,2017,0
14538,W.P. Kuala Lumpur,Cheras,assault,robbery_solo_armed,2018,0
14539,W.P. Kuala Lumpur,Cheras,assault,robbery_solo_armed,2019,0
14540,W.P. Kuala Lumpur,Cheras,assault,robbery_solo_armed,2020,0
14541,W.P. Kuala Lumpur,Cheras,assault,robbery_solo_armed,2021,0
14542,W.P. Kuala Lumpur,Cheras,assault,robbery_solo_armed,2022,1
14543,W.P. Kuala Lumpur,Cheras,assault,robbery_solo_armed,2023,0
14544,W.P. Kuala Lumpur,Cheras,assault,robbery_solo_unarmed,2016,62
14545,W.P. Kuala Lumpur,Cheras,assault,robbery_solo_unarmed,2017,92
14546,W.P. Kuala Lumpur,Cheras,assault,robbery_solo_unarmed,2018,54
14547,W.P. Kuala Lumpur,Cheras,assault,robbery_solo_unarmed,2019,90
14548,W.P. Kuala Lumpur,Cheras,assault,robbery_solo_unarmed,2020,104
14549,W.P. Kuala Lumpur,Cheras,assault,robbery_solo_unarmed,2021,109
14550,W.P. Kuala Lumpur,Cheras,assault,robbery_solo_unarmed,2022,44
14551,W.P. Kuala Lumpur,Cheras,assault,robbery_solo_unarmed,2023,29
14552,W.P. Kuala Lumpur,Cheras,property,break_in,2016,333
14553,W.P. Kuala Lumpur,Cheras,property,break_in,2017,150
14554,W.P. Kuala Lumpur,Cheras,property,break_in,2018,118
14555,W.P. Kuala Lumpur,Cheras,property,break_in,2019,86
14556,W.P. Kuala Lumpur,Cheras,property,break_in,2020,154
14557,W.P. Kuala Lumpur,Cheras,property,break_in,2021,108
14558,W.P. Kuala Lumpur,Cheras,property,break_in,2022,85
14559,W.P. Kuala Lumpur,Cheras,property,break_in,2023,76
14560,W.P. Kuala Lumpur,Cheras,property,theft_other,2016,340
14561,W.P. Kuala Lumpur,Cheras,property,theft_other,2017,279
14562,W.P. Kuala Lumpur,Cheras,property,theft_other,2018,220
14563,W.P. Kuala Lumpur,Cheras,property,theft_other,2019,185
14564,W.P. Kuala Lumpur,Cheras,property,theft_other,2020,201
14565,W.P. Kuala Lumpur,Cheras,property,theft_other,2021,249
14566,W.P. Kuala Lumpur,Cheras,property,theft_other,2022,192
14567,W.P. Kuala Lumpur,Cheras,property,theft_other,2023,191
14568,W.P. Kuala Lumpur,Cheras,property,theft_vehicle_lorry,2016,130
14569,W.P. Kuala Lumpur,Cheras,property,theft_vehicle_lorry,2017,64
14570,W.P. Kuala Lumpur,Cheras,property,theft_vehicle_lorry,2018,66
14571,W.P. Kuala Lumpur,Cheras,property,theft_vehicle_lorry,2019,60
14572,W.P. Kuala Lumpur,Cheras,property,theft_vehicle_lorry,2020,32
14573,W.P. Kuala Lumpur,Cheras,property,theft_vehicle_lorry,2021,28
14574,W.P. Kuala Lumpur,Cheras,property,theft_vehicle_lorry,2022,24
14575,W.P. Kuala Lumpur,Cheras,property,theft_vehicle_lorry,2023,28
14576,W.P. Kuala Lumpur,Cheras,property,theft_vehicle_motorcar,2016,490
14577,W.P. Kuala Lumpur,Cheras,property,theft_vehicle_motorcar,2017,316
14578,W.P. Kuala Lumpur,Cheras,property,theft_vehicle_motorcar,2018,374
14579,W.P. Kuala Lumpur,Cheras,property,theft_vehicle_motorcar,2019,366
14580,W.P. Kuala Lumpur,Cheras,property,theft_vehicle_motorcar,2020,259
14581,W.P. Kuala Lumpur,Cheras,property,theft_vehicle_motorcar,2021,172
14582,W.P. Kuala Lumpur,Cheras,property,theft_vehicle_motorcar,2022,169
14583,W.P. Kuala Lumpur,Cheras,property,theft_vehicle_motorcar,2023,124
14584,W.P. Kuala Lumpur,Cheras,property,theft_vehicle_motorcycle,2016,742
14585,W.P. Kuala Lumpur,Cheras,property,theft_vehicle_motorcycle,2017,661
14586,W.P. Kuala Lumpur,Cheras,property,theft_vehicle_motorcycle,2018,592
14587,W.P. Kuala Lumpur,Cheras,property,theft_vehicle_motorcycle,2019,561
14588,W.P. Kuala Lumpur,Cheras,property,theft_vehicle_motorcycle,2020,384
14589,W.P. Kuala Lumpur,Cheras,property,theft_vehicle_motorcycle,2021,249
14590,W.P. Kuala Lumpur,Cheras,property,theft_vehicle_motorcycle,2022,226
14591,W.P. Kuala Lumpur,Cheras,property,theft_vehicle_motorcycle,2023,203
14592,W.P. Kuala Lumpur,Dang Wangi,assault,causing_injury,2016,201
14593,W.P. Kuala Lumpur,Dang Wangi,assault,causing_injury,2017,161
14594,W.P. Kuala Lumpur,Dang Wangi,assault,causing_injury,2018,112
14595,W.P. Kuala Lumpur,Dang Wangi,assault,causing_injury,2019,103
14596,W.P. Kuala Lumpur,Dang Wangi,assault,causing_injury,2020,75
14597,W.P. Kuala Lumpur,Dang Wangi,assault,causing_injury,2021,76
14598,W.P. Kuala Lumpur,Dang Wangi,assault,causing_injury,2022,61
14599,W.P. Kuala Lumpur,Dang Wangi,assault,causing_injury,2023,54
14600,W.P. Kuala Lumpur,Dang Wangi,assault,murder,2016,6
14601,W.P. Kuala Lumpur,Dang Wangi,assault,murder,2017,10
14602,W.P. Kuala Lumpur,Dang Wangi,assault,murder,2018,8
14603,W.P. Kuala Lumpur,Dang Wangi,assault,murder,2019,8
14604,W.P. Kuala Lumpur,Dang Wangi,assault,murder,2020,2
14605,W.P. Kuala Lumpur,Dang Wangi,assault,murder,2021,3
14606,W.P. Kuala Lumpur,Dang Wangi,assault,murder,2022,8
14607,W.P. Kuala Lumpur,Dang Wangi,assault,murder,2023,2
14608,W.P. Kuala Lumpur,Dang Wangi,assault,rape,2016,25
14609,W.P. Kuala Lumpur,Dang Wangi,assault,rape,2017,30
14610,W.P. Kuala Lumpur,Dang Wangi,assault,rape,2018,23
14611,W.P. Kuala Lumpur,Dang Wangi,assault,rape,2019,19
14612,W.P. Kuala Lumpur,Dang Wangi,assault,rape,2020,12
14613,W.P. Kuala Lumpur,Dang Wangi,assault,rape,2021,10
14614,W.P. Kuala Lumpur,Dang Wangi,assault,rape,2022,15
14615,W.P. Kuala Lumpur,Dang Wangi,assault,rape,2023,17
14616,W.P. Kuala Lumpur,Dang Wangi,assault,robbery_gang_armed,2016,1
14617,W.P. Kuala Lumpur,Dang Wangi,assault,robbery_gang_armed,2017,1
14618,W.P. Kuala Lumpur,Dang Wangi,assault,robbery_gang_armed,2018,0
14619,W.P. Kuala Lumpur,Dang Wangi,assault,robbery_gang_armed,2019,0
14620,W.P. Kuala Lumpur,Dang Wangi,assault,robbery_gang_armed,2020,0
14621,W.P. Kuala Lumpur,Dang Wangi,assault,robbery_gang_armed,2021,0
14622,W.P. Kuala Lumpur,Dang Wangi,assault,robbery_gang_armed,2022,0
14623,W.P. Kuala Lumpur,Dang Wangi,assault,robbery_gang_armed,2023,1
14624,W.P. Kuala Lumpur,Dang Wangi,assault,robbery_gang_unarmed,2016,586
14625,W.P. Kuala Lumpur,Dang Wangi,assault,robbery_gang_unarmed,2017,551
14626,W.P. Kuala Lumpur,Dang Wangi,assault,robbery_gang_unarmed,2018,532
14627,W.P. Kuala Lumpur,Dang Wangi,assault,robbery_gang_unarmed,2019,445
14628,W.P. Kuala Lumpur,Dang Wangi,assault,robbery_gang_unarmed,2020,272
14629,W.P. Kuala Lumpur,Dang Wangi,assault,robbery_gang_unarmed,2021,139
14630,W.P. Kuala Lumpur,Dang Wangi,assault,robbery_gang_unarmed,2022,102
14631,W.P. Kuala Lumpur,Dang Wangi,assault,robbery_gang_unarmed,2023,80
14632,W.P. Kuala Lumpur,Dang Wangi,assault,robbery_solo_armed,2016,1
14633,W.P. Kuala Lumpur,Dang Wangi,assault,robbery_solo_armed,2017,0
14634,W.P. Kuala Lumpur,Dang Wangi,assault,robbery_solo_armed,2018,0
14635,W.P. Kuala Lumpur,Dang Wangi,assault,robbery_solo_armed,2019,0
14636,W.P. Kuala Lumpur,Dang Wangi,assault,robbery_solo_armed,2020,0
14637,W.P. Kuala Lumpur,Dang Wangi,assault,robbery_solo_armed,2021,0
14638,W.P. Kuala Lumpur,Dang Wangi,assault,robbery_solo_armed,2022,0
14639,W.P. Kuala Lumpur,Dang Wangi,assault,robbery_solo_armed,2023,0
14640,W.P. Kuala Lumpur,Dang Wangi,assault,robbery_solo_unarmed,2016,241
14641,W.P. Kuala Lumpur,Dang Wangi,assault,robbery_solo_unarmed,2017,599
14642,W.P. Kuala Lumpur,Dang Wangi,assault,robbery_solo_unarmed,2018,679
14643,W.P. Kuala Lumpur,Dang Wangi,assault,robbery_solo_unarmed,2019,690
14644,W.P. Kuala Lumpur,Dang Wangi,assault,robbery_solo_unarmed,2020,315
14645,W.P. Kuala Lumpur,Dang Wangi,assault,robbery_solo_unarmed,2021,149
14646,W.P. Kuala Lumpur,Dang Wangi,assault,robbery_solo_unarmed,2022,100
14647,W.P. Kuala Lumpur,Dang Wangi,assault,robbery_solo_unarmed,2023,79
14648,W.P. Kuala Lumpur,Dang Wangi,property,break_in,2016,202
14649,W.P. Kuala Lumpur,Dang Wangi,property,break_in,2017,134
14650,W.P. Kuala Lumpur,Dang Wangi,property,break_in,2018,151
14651,W.P. Kuala Lumpur,Dang Wangi,property,break_in,2019,143
14652,W.P. Kuala Lumpur,Dang Wangi,property,break_in,2020,163
14653,W.P. Kuala Lumpur,Dang Wangi,property,break_in,2021,138
14654,W.P. Kuala Lumpur,Dang Wangi,property,break_in,2022,88
14655,W.P. Kuala Lumpur,Dang Wangi,property,break_in,2023,59
14656,W.P. Kuala Lumpur,Dang Wangi,property,theft_other,2016,2263
14657,W.P. Kuala Lumpur,Dang Wangi,property,theft_other,2017,1454
14658,W.P. Kuala Lumpur,Dang Wangi,property,theft_other,2018,1386
14659,W.P. Kuala Lumpur,Dang Wangi,property,theft_other,2019,993
14660,W.P. Kuala Lumpur,Dang Wangi,property,theft_other,2020,785
14661,W.P. Kuala Lumpur,Dang Wangi,property,theft_other,2021,644
14662,W.P. Kuala Lumpur,Dang Wangi,property,theft_other,2022,500
14663,W.P. Kuala Lumpur,Dang Wangi,property,theft_other,2023,490
14664,W.P. Kuala Lumpur,Dang Wangi,property,theft_vehicle_lorry,2016,27
14665,W.P. Kuala Lumpur,Dang Wangi,property,theft_vehicle_lorry,2017,15
14666,W.P. Kuala Lumpur,Dang Wangi,property,theft_vehicle_lorry,2018,17
14667,W.P. Kuala Lumpur,Dang Wangi,property,theft_vehicle_lorry,2019,15
14668,W.P. Kuala Lumpur,Dang Wangi,property,theft_vehicle_lorry,2020,13
14669,W.P. Kuala Lumpur,Dang Wangi,property,theft_vehicle_lorry,2021,5
14670,W.P. Kuala Lumpur,Dang Wangi,property,theft_vehicle_lorry,2022,7
14671,W.P. Kuala Lumpur,Dang Wangi,property,theft_vehicle_lorry,2023,2
14672,W.P. Kuala Lumpur,Dang Wangi,property,theft_vehicle_motorcar,2016,182
14673,W.P. Kuala Lumpur,Dang Wangi,property,theft_vehicle_motorcar,2017,126
14674,W.P. Kuala Lumpur,Dang Wangi,property,theft_vehicle_motorcar,2018,112
14675,W.P. Kuala Lumpur,Dang Wangi,property,theft_vehicle_motorcar,2019,89
14676,W.P. Kuala Lumpur,Dang Wangi,property,theft_vehicle_motorcar,2020,67
14677,W.P. Kuala Lumpur,Dang Wangi,property,theft_vehicle_motorcar,2021,33
14678,W.P. Kuala Lumpur,Dang Wangi,property,theft_vehicle_motorcar,2022,37
14679,W.P. Kuala Lumpur,Dang Wangi,property,theft_vehicle_motorcar,2023,24
14680,W.P. Kuala Lumpur,Dang Wangi,property,theft_vehicle_motorcycle,2016,637
14681,W.P. Kuala Lumpur,Dang Wangi,property,theft_vehicle_motorcycle,2017,525
14682,W.P. Kuala Lumpur,Dang Wangi,property,theft_vehicle_motorcycle,2018,496
14683,W.P. Kuala Lumpur,Dang Wangi,property,theft_vehicle_motorcycle,2019,409
14684,W.P. Kuala Lumpur,Dang Wangi,property,theft_vehicle_motorcycle,2020,336
14685,W.P. Kuala Lumpur,Dang Wangi,property,theft_vehicle_motorcycle,2021,214
14686,W.P. Kuala Lumpur,Dang Wangi,property,theft_vehicle_motorcycle,2022,210
14687,W.P. Kuala Lumpur,Dang Wangi,property,theft_vehicle_motorcycle,2023,185
14688,W.P. Kuala Lumpur,Sentul,assault,causing_injury,2016,175
14689,W.P. Kuala Lumpur,Sentul,assault,causing_injury,2017,201
14690,W.P. Kuala Lumpur,Sentul,assault,causing_injury,2018,163
14691,W.P. Kuala Lumpur,Sentul,assault,causing_injury,2019,151
14692,W.P. Kuala Lumpur,Sentul,assault,causing_injury,2020,140
14693,W.P. Kuala Lumpur,Sentul,assault,causing_injury,2021,113
14694,W.P. Kuala Lumpur,Sentul,assault,causing_injury,2022,100
14695,W.P. Kuala Lumpur,Sentul,assault,causing_injury,2023,81
14696,W.P. Kuala Lumpur,Sentul,assault,murder,2016,14
14697,W.P. Kuala Lumpur,Sentul,assault,murder,2017,15
14698,W.P. Kuala Lumpur,Sentul,assault,murder,2018,12
14699,W.P. Kuala Lumpur,Sentul,assault,murder,2019,3
14700,W.P. Kuala Lumpur,Sentul,assault,murder,2020,8
14701,W.P. Kuala Lumpur,Sentul,assault,murder,2021,3
14702,W.P. Kuala Lumpur,Sentul,assault,murder,2022,2
14703,W.P. Kuala Lumpur,Sentul,assault,murder,2023,3
14704,W.P. Kuala Lumpur,Sentul,assault,rape,2016,24
14705,W.P. Kuala Lumpur,Sentul,assault,rape,2017,21
14706,W.P. Kuala Lumpur,Sentul,assault,rape,2018,24
14707,W.P. Kuala Lumpur,Sentul,assault,rape,2019,18
14708,W.P. Kuala Lumpur,Sentul,assault,rape,2020,24
14709,W.P. Kuala Lumpur,Sentul,assault,rape,2021,19
14710,W.P. Kuala Lumpur,Sentul,assault,rape,2022,18
14711,W.P. Kuala Lumpur,Sentul,assault,rape,2023,22
14712,W.P. Kuala Lumpur,Sentul,assault,robbery_gang_armed,2016,0
14713,W.P. Kuala Lumpur,Sentul,assault,robbery_gang_armed,2017,1
14714,W.P. Kuala Lumpur,Sentul,assault,robbery_gang_armed,2018,1
14715,W.P. Kuala Lumpur,Sentul,assault,robbery_gang_armed,2019,0
14716,W.P. Kuala Lumpur,Sentul,assault,robbery_gang_armed,2020,0
14717,W.P. Kuala Lumpur,Sentul,assault,robbery_gang_armed,2021,0
14718,W.P. Kuala Lumpur,Sentul,assault,robbery_gang_armed,2022,2
14719,W.P. Kuala Lumpur,Sentul,assault,robbery_gang_armed,2023,2
14720,W.P. Kuala Lumpur,Sentul,assault,robbery_gang_unarmed,2016,12
14721,W.P. Kuala Lumpur,Sentul,assault,robbery_gang_unarmed,2017,417
14722,W.P. Kuala Lumpur,Sentul,assault,robbery_gang_unarmed,2018,313
14723,W.P. Kuala Lumpur,Sentul,assault,robbery_gang_unarmed,2019,231
14724,W.P. Kuala Lumpur,Sentul,assault,robbery_gang_unarmed,2020,118
14725,W.P. Kuala Lumpur,Sentul,assault,robbery_gang_unarmed,2021,110
14726,W.P. Kuala Lumpur,Sentul,assault,robbery_gang_unarmed,2022,64
14727,W.P. Kuala Lumpur,Sentul,assault,robbery_gang_unarmed,2023,55
14728,W.P. Kuala Lumpur,Sentul,assault,robbery_solo_armed,2016,0
14729,W.P. Kuala Lumpur,Sentul,assault,robbery_solo_armed,2017,0
14730,W.P. Kuala Lumpur,Sentul,assault,robbery_solo_armed,2018,0
14731,W.P. Kuala Lumpur,Sentul,assault,robbery_solo_armed,2019,2
14732,W.P. Kuala Lumpur,Sentul,assault,robbery_solo_armed,2020,1
14733,W.P. Kuala Lumpur,Sentul,assault,robbery_solo_armed,2021,0
14734,W.P. Kuala Lumpur,Sentul,assault,robbery_solo_armed,2022,0
14735,W.P. Kuala Lumpur,Sentul,assault,robbery_solo_armed,2023,0
14736,W.P. Kuala Lumpur,Sentul,assault,robbery_solo_unarmed,2016,3
14737,W.P. Kuala Lumpur,Sentul,assault,robbery_solo_unarmed,2017,129
14738,W.P. Kuala Lumpur,Sentul,assault,robbery_solo_unarmed,2018,147
14739,W.P. Kuala Lumpur,Sentul,assault,robbery_solo_unarmed,2019,105
14740,W.P. Kuala Lumpur,Sentul,assault,robbery_solo_unarmed,2020,151
14741,W.P. Kuala Lumpur,Sentul,assault,robbery_solo_unarmed,2021,138
14742,W.P. Kuala Lumpur,Sentul,assault,robbery_solo_unarmed,2022,75
14743,W.P. Kuala Lumpur,Sentul,assault,robbery_solo_unarmed,2023,56
14744,W.P. Kuala Lumpur,Sentul,property,break_in,2016,373
14745,W.P. Kuala Lumpur,Sentul,property,break_in,2017,283
14746,W.P. Kuala Lumpur,Sentul,property,break_in,2018,245
14747,W.P. Kuala Lumpur,Sentul,property,break_in,2019,259
14748,W.P. Kuala Lumpur,Sentul,property,break_in,2020,185
14749,W.P. Kuala Lumpur,Sentul,property,break_in,2021,190
14750,W.P. Kuala Lumpur,Sentul,property,break_in,2022,138
14751,W.P. Kuala Lumpur,Sentul,property,break_in,2023,125
14752,W.P. Kuala Lumpur,Sentul,property,theft_other,2016,560
14753,W.P. Kuala Lumpur,Sentul,property,theft_other,2017,449
14754,W.P. Kuala Lumpur,Sentul,property,theft_other,2018,481
14755,W.P. Kuala Lumpur,Sentul,property,theft_other,2019,595
14756,W.P. Kuala Lumpur,Sentul,property,theft_other,2020,358
14757,W.P. Kuala Lumpur,Sentul,property,theft_other,2021,460
14758,W.P. Kuala Lumpur,Sentul,property,theft_other,2022,322
14759,W.P. Kuala Lumpur,Sentul,property,theft_other,2023,303
14760,W.P. Kuala Lumpur,Sentul,property,theft_vehicle_lorry,2016,203
14761,W.P. Kuala Lumpur,Sentul,property,theft_vehicle_lorry,2017,121
14762,W.P. Kuala Lumpur,Sentul,property,theft_vehicle_lorry,2018,87
14763,W.P. Kuala Lumpur,Sentul,property,theft_vehicle_lorry,2019,88
14764,W.P. Kuala Lumpur,Sentul,property,theft_vehicle_lorry,2020,34
14765,W.P. Kuala Lumpur,Sentul,property,theft_vehicle_lorry,2021,34
14766,W.P. Kuala Lumpur,Sentul,property,theft_vehicle_lorry,2022,19
14767,W.P. Kuala Lumpur,Sentul,property,theft_vehicle_lorry,2023,26
14768,W.P. Kuala Lumpur,Sentul,property,theft_vehicle_motorcar,2016,678
14769,W.P. Kuala Lumpur,Sentul,property,theft_vehicle_motorcar,2017,506
14770,W.P. Kuala Lumpur,Sentul,property,theft_vehicle_motorcar,2018,425
14771,W.P. Kuala Lumpur,Sentul,property,theft_vehicle_motorcar,2019,448
14772,W.P. Kuala Lumpur,Sentul,property,theft_vehicle_motorcar,2020,289
14773,W.P. Kuala Lumpur,Sentul,property,theft_vehicle_motorcar,2021,188
14774,W.P. Kuala Lumpur,Sentul,property,theft_vehicle_motorcar,2022,152
14775,W.P. Kuala Lumpur,Sentul,property,theft_vehicle_motorcar,2023,159
14776,W.P. Kuala Lumpur,Sentul,property,theft_vehicle_motorcycle,2016,883
14777,W.P. Kuala Lumpur,Sentul,property,theft_vehicle_motorcycle,2017,704
14778,W.P. Kuala Lumpur,Sentul,property,theft_vehicle_motorcycle,2018,612
14779,W.P. Kuala Lumpur,Sentul,property,theft_vehicle_motorcycle,2019,615
14780,W.P. Kuala Lumpur,Sentul,property,theft_vehicle_motorcycle,2020,541
14781,W.P. Kuala Lumpur,Sentul,property,theft_vehicle_motorcycle,2021,290
14782,W.P. Kuala Lumpur,Sentul,property,theft_vehicle_motorcycle,2022,272
14783,W.P. Kuala Lumpur,Sentul,property,theft_vehicle_motorcycle,2023,269
14784,W.P. Kuala Lumpur,W.P. Putrajaya,assault,causing_injury,2016,4
14785,W.P. Kuala Lumpur,W.P. Putrajaya,assault,causing_injury,2017,3
14786,W.P. Kuala Lumpur,W.P. Putrajaya,assault,causing_injury,2018,6
14787,W.P. Kuala Lumpur,W.P. Putrajaya,assault,causing_injury,2019,6
14788,W.P. Kuala Lumpur,W.P. Putrajaya,assault,causing_injury,2020,5
14789,W.P. Kuala Lumpur,W.P. Putrajaya,assault,causing_injury,2021,1
14790,W.P. Kuala Lumpur,W.P. Putrajaya,assault,causing_injury,2022,4
14791,W.P. Kuala Lumpur,W.P. Putrajaya,assault,causing_injury,2023,3
14792,W.P. Kuala Lumpur,W.P. Putrajaya,assault,murder,2016,1
14793,W.P. Kuala Lumpur,W.P. Putrajaya,assault,murder,2017,0
14794,W.P. Kuala Lumpur,W.P. Putrajaya,assault,murder,2018,0
14795,W.P. Kuala Lumpur,W.P. Putrajaya,assault,murder,2019,0
14796,W.P. Kuala Lumpur,W.P. Putrajaya,assault,murder,2020,0
14797,W.P. Kuala Lumpur,W.P. Putrajaya,assault,murder,2021,0
14798,W.P. Kuala Lumpur,W.P. Putrajaya,assault,murder,2022,1
14799,W.P. Kuala Lumpur,W.P. Putrajaya,assault,murder,2023,1
14800,W.P. Kuala Lumpur,W.P. Putrajaya,assault,rape,2016,5
14801,W.P. Kuala Lumpur,W.P. Putrajaya,assault,rape,2017,2
14802,W.P. Kuala Lumpur,W.P. Putrajaya,assault,rape,2018,2
14803,W.P. Kuala Lumpur,W.P. Putrajaya,assault,rape,2019,4
14804,W.P. Kuala Lumpur,W.P. Putrajaya,assault,rape,2020,2
14805,W.P. Kuala Lumpur,W.P. Putrajaya,assault,rape,2021,6
14806,W.P. Kuala Lumpur,W.P. Putrajaya,assault,rape,2022,2
14807,W.P. Kuala Lumpur,W.P. Putrajaya,assault,rape,2023,4
14808,W.P. Kuala Lumpur,W.P. Putrajaya,assault,robbery_gang_armed,2016,3
14809,W.P. Kuala Lumpur,W.P. Putrajaya,assault,robbery_gang_armed,2017,0
14810,W.P. Kuala Lumpur,W.P. Putrajaya,assault,robbery_gang_armed,2018,0
14811,W.P. Kuala Lumpur,W.P. Putrajaya,assault,robbery_gang_armed,2019,0
14812,W.P. Kuala Lumpur,W.P. Putrajaya,assault,robbery_gang_armed,2020,0
14813,W.P. Kuala Lumpur,W.P. Putrajaya,assault,robbery_gang_armed,2021,0
14814,W.P. Kuala Lumpur,W.P. Putrajaya,assault,robbery_gang_armed,2022,0
14815,W.P. Kuala Lumpur,W.P. Putrajaya,assault,robbery_gang_armed,2023,0
14816,W.P. Kuala Lumpur,W.P. Putrajaya,assault,robbery_gang_unarmed,2016,452
14817,W.P. Kuala Lumpur,W.P. Putrajaya,assault,robbery_gang_unarmed,2017,10
14818,W.P. Kuala Lumpur,W.P. Putrajaya,assault,robbery_gang_unarmed,2018,4
14819,W.P. Kuala Lumpur,W.P. Putrajaya,assault,robbery_gang_unarmed,2019,8
14820,W.P. Kuala Lumpur,W.P. Putrajaya,assault,robbery_gang_unarmed,2020,2
14821,W.P. Kuala Lumpur,W.P. Putrajaya,assault,robbery_gang_unarmed,2021,1
14822,W.P. Kuala Lumpur,W.P. Putrajaya,assault,robbery_gang_unarmed,2022,6
14823,W.P. Kuala Lumpur,W.P. Putrajaya,assault,robbery_gang_unarmed,2023,1
14824,W.P. Kuala Lumpur,W.P. Putrajaya,assault,robbery_solo_armed,2016,0
14825,W.P. Kuala Lumpur,W.P. Putrajaya,assault,robbery_solo_armed,2017,0
14826,W.P. Kuala Lumpur,W.P. Putrajaya,assault,robbery_solo_armed,2018,0
14827,W.P. Kuala Lumpur,W.P. Putrajaya,assault,robbery_solo_armed,2019,0
14828,W.P. Kuala Lumpur,W.P. Putrajaya,assault,robbery_solo_armed,2020,0
14829,W.P. Kuala Lumpur,W.P. Putrajaya,assault,robbery_solo_armed,2021,0
14830,W.P. Kuala Lumpur,W.P. Putrajaya,assault,robbery_solo_armed,2022,0
14831,W.P. Kuala Lumpur,W.P. Putrajaya,assault,robbery_solo_armed,2023,0
14832,W.P. Kuala Lumpur,W.P. Putrajaya,assault,robbery_solo_unarmed,2016,110
14833,W.P. Kuala Lumpur,W.P. Putrajaya,assault,robbery_solo_unarmed,2017,4
14834,W.P. Kuala Lumpur,W.P. Putrajaya,assault,robbery_solo_unarmed,2018,4
14835,W.P. Kuala Lumpur,W.P. Putrajaya,assault,robbery_solo_unarmed,2019,5
14836,W.P. Kuala Lumpur,W.P. Putrajaya,assault,robbery_solo_unarmed,2020,2
14837,W.P. Kuala Lumpur,W.P. Putrajaya,assault,robbery_solo_unarmed,2021,0
14838,W.P. Kuala Lumpur,W.P. Putrajaya,assault,robbery_solo_unarmed,2022,2
14839,W.P. Kuala Lumpur,W.P. Putrajaya,assault,robbery_solo_unarmed,2023,1
14840,W.P. Kuala Lumpur,W.P. Putrajaya,property,break_in,2016,47
14841,W.P. Kuala Lumpur,W.P. Putrajaya,property,break_in,2017,49
14842,W.P. Kuala Lumpur,W.P. Putrajaya,property,break_in,2018,51
14843,W.P. Kuala Lumpur,W.P. Putrajaya,property,break_in,2019,43
14844,W.P. Kuala Lumpur,W.P. Putrajaya,property,break_in,2020,30
14845,W.P. Kuala Lumpur,W.P. Putrajaya,property,break_in,2021,21
14846,W.P. Kuala Lumpur,W.P. Putrajaya,property,break_in,2022,17
14847,W.P. Kuala Lumpur,W.P. Putrajaya,property,break_in,2023,11
14848,W.P. Kuala Lumpur,W.P. Putrajaya,property,theft_other,2016,105
14849,W.P. Kuala Lumpur,W.P. Putrajaya,property,theft_other,2017,88
14850,W.P. Kuala Lumpur,W.P. Putrajaya,property,theft_other,2018,63
14851,W.P. Kuala Lumpur,W.P. Putrajaya,property,theft_other,2019,95
14852,W.P. Kuala Lumpur,W.P. Putrajaya,property,theft_other,2020,48
14853,W.P. Kuala Lumpur,W.P. Putrajaya,property,theft_other,2021,42
14854,W.P. Kuala Lumpur,W.P. Putrajaya,property,theft_other,2022,39
14855,W.P. Kuala Lumpur,W.P. Putrajaya,property,theft_other,2023,24
14856,W.P. Kuala Lumpur,W.P. Putrajaya,property,theft_vehicle_lorry,2016,3
14857,W.P. Kuala Lumpur,W.P. Putrajaya,property,theft_vehicle_lorry,2017,2
14858,W.P. Kuala Lumpur,W.P. Putrajaya,property,theft_vehicle_lorry,2018,2
14859,W.P. Kuala Lumpur,W.P. Putrajaya,property,theft_vehicle_lorry,2019,0
14860,W.P. Kuala Lumpur,W.P. Putrajaya,property,theft_vehicle_lorry,2020,0
14861,W.P. Kuala Lumpur,W.P. Putrajaya,property,theft_vehicle_lorry,2021,1
14862,W.P. Kuala Lumpur,W.P. Putrajaya,property,theft_vehicle_lorry,2022,1
14863,W.P. Kuala Lumpur,W.P. Putrajaya,property,theft_vehicle_lorry,2023,1
14864,W.P. Kuala Lumpur,W.P. Putrajaya,property,theft_vehicle_motorcar,2016,26
14865,W.P. Kuala Lumpur,W.P. Putrajaya,property,theft_vehicle_motorcar,2017,6
14866,W.P. Kuala Lumpur,W.P. Putrajaya,property,theft_vehicle_motorcar,2018,8
14867,W.P. Kuala Lumpur,W.P. Putrajaya,property,theft_vehicle_motorcar,2019,17
14868,W.P. Kuala Lumpur,W.P. Putrajaya,property,theft_vehicle_motorcar,2020,6
14869,W.P. Kuala Lumpur,W.P. Putrajaya,property,theft_vehicle_motorcar,2021,4
14870,W.P. Kuala Lumpur,W.P. Putrajaya,property,theft_vehicle_motorcar,2022,0
14871,W.P. Kuala Lumpur,W.P. Putrajaya,property,theft_vehicle_motorcar,2023,0
14872,W.P. Kuala Lumpur,W.P. Putrajaya,property,theft_vehicle_motorcycle,2016,82
14873,W.P. Kuala Lumpur,W.P. Putrajaya,property,theft_vehicle_motorcycle,2017,91
14874,W.P. Kuala Lumpur,W.P. Putrajaya,property,theft_vehicle_motorcycle,2018,71
14875,W.P. Kuala Lumpur,W.P. Putrajaya,property,theft_vehicle_motorcycle,2019,68
14876,W.P. Kuala Lumpur,W.P. Putrajaya,property,theft_vehicle_motorcycle,2020,36
14877,W.P. Kuala Lumpur,W.P. Putrajaya,property,theft_vehicle_motorcycle,2021,15
14878,W.P. Kuala Lumpur,W.P. Putrajaya,property,theft_vehicle_motorcycle,2022,12
14879,W.P. Kuala Lumpur,W.P. Putrajaya,property,theft_vehicle_motorcycle,2023,24
14880,W.P. Kuala Lumpur,Wangsa Maju,assault,causing_injury,2016,120
14881,W.P. Kuala Lumpur,Wangsa Maju,assault,causing_injury,2017,134
14882,W.P. Kuala Lumpur,Wangsa Maju,assault,causing_injury,2018,95
14883,W.P. Kuala Lumpur,Wangsa Maju,assault,causing_injury,2019,82
14884,W.P. Kuala Lumpur,Wangsa Maju,assault,causing_injury,2020,49
14885,W.P. Kuala Lumpur,Wangsa Maju,assault,causing_injury,2021,48
14886,W.P. Kuala Lumpur,Wangsa Maju,assault,causing_injury,2022,37
14887,W.P. Kuala Lumpur,Wangsa Maju,assault,causing_injury,2023,49
14888,W.P. Kuala Lumpur,Wangsa Maju,assault,murder,2016,7
14889,W.P. Kuala Lumpur,Wangsa Maju,assault,murder,2017,5
14890,W.P. Kuala Lumpur,Wangsa Maju,assault,murder,2018,7
14891,W.P. Kuala Lumpur,Wangsa Maju,assault,murder,2019,1
14892,W.P. Kuala Lumpur,Wangsa Maju,assault,murder,2020,5
14893,W.P. Kuala Lumpur,Wangsa Maju,assault,murder,2021,2
14894,W.P. Kuala Lumpur,Wangsa Maju,assault,murder,2022,2
14895,W.P. Kuala Lumpur,Wangsa Maju,assault,murder,2023,2
14896,W.P. Kuala Lumpur,Wangsa Maju,assault,rape,2016,18
14897,W.P. Kuala Lumpur,Wangsa Maju,assault,rape,2017,32
14898,W.P. Kuala Lumpur,Wangsa Maju,assault,rape,2018,16
14899,W.P. Kuala Lumpur,Wangsa Maju,assault,rape,2019,30
14900,W.P. Kuala Lumpur,Wangsa Maju,assault,rape,2020,17
14901,W.P. Kuala Lumpur,Wangsa Maju,assault,rape,2021,18
14902,W.P. Kuala Lumpur,Wangsa Maju,assault,rape,2022,15
14903,W.P. Kuala Lumpur,Wangsa Maju,assault,rape,2023,17
14904,W.P. Kuala Lumpur,Wangsa Maju,assault,robbery_gang_armed,2016,6
14905,W.P. Kuala Lumpur,Wangsa Maju,assault,robbery_gang_armed,2017,1
14906,W.P. Kuala Lumpur,Wangsa Maju,assault,robbery_gang_armed,2018,0
14907,W.P. Kuala Lumpur,Wangsa Maju,assault,robbery_gang_armed,2019,0
14908,W.P. Kuala Lumpur,Wangsa Maju,assault,robbery_gang_armed,2020,0
14909,W.P. Kuala Lumpur,Wangsa Maju,assault,robbery_gang_armed,2021,0
14910,W.P. Kuala Lumpur,Wangsa Maju,assault,robbery_gang_armed,2022,0
14911,W.P. Kuala Lumpur,Wangsa Maju,assault,robbery_gang_armed,2023,0
14912,W.P. Kuala Lumpur,Wangsa Maju,assault,robbery_gang_unarmed,2016,499
14913,W.P. Kuala Lumpur,Wangsa Maju,assault,robbery_gang_unarmed,2017,433
14914,W.P. Kuala Lumpur,Wangsa Maju,assault,robbery_gang_unarmed,2018,197
14915,W.P. Kuala Lumpur,Wangsa Maju,assault,robbery_gang_unarmed,2019,150
14916,W.P. Kuala Lumpur,Wangsa Maju,assault,robbery_gang_unarmed,2020,62
14917,W.P. Kuala Lumpur,Wangsa Maju,assault,robbery_gang_unarmed,2021,77
14918,W.P. Kuala Lumpur,Wangsa Maju,assault,robbery_gang_unarmed,2022,49
14919,W.P. Kuala Lumpur,Wangsa Maju,assault,robbery_gang_unarmed,2023,42
14920,W.P. Kuala Lumpur,Wangsa Maju,assault,robbery_solo_armed,2016,1
14921,W.P. Kuala Lumpur,Wangsa Maju,assault,robbery_solo_armed,2017,0
14922,W.P. Kuala Lumpur,Wangsa Maju,assault,robbery_solo_armed,2018,0
14923,W.P. Kuala Lumpur,Wangsa Maju,assault,robbery_solo_armed,2019,0
14924,W.P. Kuala Lumpur,Wangsa Maju,assault,robbery_solo_armed,2020,1
14925,W.P. Kuala Lumpur,Wangsa Maju,assault,robbery_solo_armed,2021,0
14926,W.P. Kuala Lumpur,Wangsa Maju,assault,robbery_solo_armed,2022,0
14927,W.P. Kuala Lumpur,Wangsa Maju,assault,robbery_solo_armed,2023,0
14928,W.P. Kuala Lumpur,Wangsa Maju,assault,robbery_solo_unarmed,2016,194
14929,W.P. Kuala Lumpur,Wangsa Maju,assault,robbery_solo_unarmed,2017,188
14930,W.P. Kuala Lumpur,Wangsa Maju,assault,robbery_solo_unarmed,2018,95
14931,W.P. Kuala Lumpur,Wangsa Maju,assault,robbery_solo_unarmed,2019,82
14932,W.P. Kuala Lumpur,Wangsa Maju,assault,robbery_solo_unarmed,2020,83
14933,W.P. Kuala Lumpur,Wangsa Maju,assault,robbery_solo_unarmed,2021,55
14934,W.P. Kuala Lumpur,Wangsa Maju,assault,robbery_solo_unarmed,2022,53
14935,W.P. Kuala Lumpur,Wangsa Maju,assault,robbery_solo_unarmed,2023,35
14936,W.P. Kuala Lumpur,Wangsa Maju,property,break_in,2016,481
14937,W.P. Kuala Lumpur,Wangsa Maju,property,break_in,2017,281
14938,W.P. Kuala Lumpur,Wangsa Maju,property,break_in,2018,247
14939,W.P. Kuala Lumpur,Wangsa Maju,property,break_in,2019,310
14940,W.P. Kuala Lumpur,Wangsa Maju,property,break_in,2020,212
14941,W.P. Kuala Lumpur,Wangsa Maju,property,break_in,2021,155
14942,W.P. Kuala Lumpur,Wangsa Maju,property,break_in,2022,67
14943,W.P. Kuala Lumpur,Wangsa Maju,property,break_in,2023,64
14944,W.P. Kuala Lumpur,Wangsa Maju,property,theft_other,2016,845
14945,W.P. Kuala Lumpur,Wangsa Maju,property,theft_other,2017,482
14946,W.P. Kuala Lumpur,Wangsa Maju,property,theft_other,2018,465
14947,W.P. Kuala Lumpur,Wangsa Maju,property,theft_other,2019,295
14948,W.P. Kuala Lumpur,Wangsa Maju,property,theft_other,2020,203
14949,W.P. Kuala Lumpur,Wangsa Maju,property,theft_other,2021,200
14950,W.P. Kuala Lumpur,Wangsa Maju,property,theft_other,2022,169
14951,W.P. Kuala Lumpur,Wangsa Maju,property,theft_other,2023,158
14952,W.P. Kuala Lumpur,Wangsa Maju,property,theft_vehicle_lorry,2016,42
14953,W.P. Kuala Lumpur,Wangsa Maju,property,theft_vehicle_lorry,2017,41
14954,W.P. Kuala Lumpur,Wangsa Maju,property,theft_vehicle_lorry,2018,54
14955,W.P. Kuala Lumpur,Wangsa Maju,property,theft_vehicle_lorry,2019,42
14956,W.P. Kuala Lumpur,Wangsa Maju,property,theft_vehicle_lorry,2020,27
14957,W.P. Kuala Lumpur,Wangsa Maju,property,theft_vehicle_lorry,2021,16
14958,W.P. Kuala Lumpur,Wangsa Maju,property,theft_vehicle_lorry,2022,17
14959,W.P. Kuala Lumpur,Wangsa Maju,property,theft_vehicle_lorry,2023,7
14960,W.P. Kuala Lumpur,Wangsa Maju,property,theft_vehicle_motorcar,2016,394
14961,W.P. Kuala Lumpur,Wangsa Maju,property,theft_vehicle_motorcar,2017,321
14962,W.P. Kuala Lumpur,Wangsa Maju,property,theft_vehicle_motorcar,2018,283
14963,W.P. Kuala Lumpur,Wangsa Maju,property,theft_vehicle_motorcar,2019,229
14964,W.P. Kuala Lumpur,Wangsa Maju,property,theft_vehicle_motorcar,2020,132
14965,W.P. Kuala Lumpur,Wangsa Maju,property,theft_vehicle_motorcar,2021,107
14966,W.P. Kuala Lumpur,Wangsa Maju,property,theft_vehicle_motorcar,2022,110
14967,W.P. Kuala Lumpur,Wangsa Maju,property,theft_vehicle_motorcar,2023,106
14968,W.P. Kuala Lumpur,Wangsa Maju,property,theft_vehicle_motorcycle,2016,1000
14969,W.P. Kuala Lumpur,Wangsa Maju,property,theft_vehicle_motorcycle,2017,894
14970,W.P. Kuala Lumpur,Wangsa Maju,property,theft_vehicle_motorcycle,2018,867
14971,W.P. Kuala Lumpur,Wangsa Maju,property,theft_vehicle_motorcycle,2019,755
14972,W.P. Kuala Lumpur,Wangsa Maju,property,theft_vehicle_motorcycle,2020,646
14973,W.P. Kuala Lumpur,Wangsa Maju,property,theft_vehicle_motorcycle,2021,403
14974,W.P. Kuala Lumpur,Wangsa Maju,property,theft_vehicle_motorcycle,2022,369
14975,W.P. Kuala Lumpur,Wangsa Maju,property,theft_vehicle_motorcycle,2023,358
